<s> [webpack.Progress] 0% compiling
<s> [webpack.Progress] 10% building 0/0 modules 0 active 
<s> [webpack.Progress] 10% building 0/1 modules 1 active multi F:\springboot32e20828n\springboot32e20828n\src\main\resources\admin\node_modules\webpack-dev-server\client\index.js?http://10.2.0.2:8081/sockjs-node F:\springboot32e20828n\springboot32e20828n\src\main\resources\admin\node_modules\webpack\hot\dev-server.js ./src/main.js
<s> [webpack.Progress] 10% building 1/1 modules 0 active 
<s> [webpack.Progress] 10% building 1/1 modules 0 active 
<s> [webpack.Progress] 10% building 1/2 modules 1 active multi F:\springboot32e20828n\springboot32e20828n\src\main\resources\admin\node_modules\webpack-dev-server\client\index.js?http://0.0.0.0:8081 F:\springboot32e20828n\springboot32e20828n\src\main\resources\admin\node_modules\webpack\hot\dev-server.js F:\springboot32e20828n\springboot32e20828n\src\main\resources\admin\node_modules\webpack-dev-server\client\index.js?http://10.2.0.2:8081/sockjs-node ./src/main.js
<s> [webpack.Progress] 10% building 2/2 modules 0 active 
<s> [webpack.Progress] 10% building 2/3 modules 1 active F:\springboot32e20828n\springboot32e20828n\src\main\resources\admin\node_modules\webpack-dev-server\client\index.js?http://10.2.0.2:8081/sockjs-node
<s> [webpack.Progress] 10% building 2/4 modules 2 active F:\springboot32e20828n\springboot32e20828n\src\main\resources\admin\node_modules\webpack-dev-server\client\index.js?http://0.0.0.0:8081
<s> [webpack.Progress] 10% building 2/5 modules 3 active F:\springboot32e20828n\springboot32e20828n\src\main\resources\admin\node_modules\webpack\hot\dev-server.js
<s> [webpack.Progress] 10% building 2/6 modules 4 active F:\springboot32e20828n\springboot32e20828n\src\main\resources\admin\node_modules\cache-loader\dist\cjs.js??ref--12-0!F:\springboot32e20828n\springboot32e20828n\src\main\resources\admin\node_modules\babel-loader\lib\index.js!F:\springboot32e20828n\springboot32e20828n\src\main\resources\admin\src\main.js
<s> [webpack.Progress] 10% building 3/6 modules 3 active F:\springboot32e20828n\springboot32e20828n\src\main\resources\admin\node_modules\cache-loader\dist\cjs.js??ref--12-0!F:\springboot32e20828n\springboot32e20828n\src\main\resources\admin\node_modules\babel-loader\lib\index.js!F:\springboot32e20828n\springboot32e20828n\src\main\resources\admin\src\main.js
<s> [webpack.Progress] 10% building 4/6 modules 2 active F:\springboot32e20828n\springboot32e20828n\src\main\resources\admin\node_modules\cache-loader\dist\cjs.js??ref--12-0!F:\springboot32e20828n\springboot32e20828n\src\main\resources\admin\node_modules\babel-loader\lib\index.js!F:\springboot32e20828n\springboot32e20828n\src\main\resources\admin\src\main.js
<s> [webpack.Progress] 10% building 5/6 modules 1 active F:\springboot32e20828n\springboot32e20828n\src\main\resources\admin\node_modules\cache-loader\dist\cjs.js??ref--12-0!F:\springboot32e20828n\springboot32e20828n\src\main\resources\admin\node_modules\babel-loader\lib\index.js!F:\springboot32e20828n\springboot32e20828n\src\main\resources\admin\src\main.js
<s> [webpack.Progress] 10% building 5/7 modules 2 active F:\springboot32e20828n\springboot32e20828n\src\main\resources\admin\node_modules\webpack\hot sync nonrecursive /^\.\/log$/
<s> [webpack.Progress] 10% building 6/7 modules 1 active F:\springboot32e20828n\springboot32e20828n\src\main\resources\admin\node_modules\cache-loader\dist\cjs.js??ref--12-0!F:\springboot32e20828n\springboot32e20828n\src\main\resources\admin\node_modules\babel-loader\lib\index.js!F:\springboot32e20828n\springboot32e20828n\src\main\resources\admin\src\main.js
<s> [webpack.Progress] 10% building 6/8 modules 2 active F:\springboot32e20828n\springboot32e20828n\src\main\resources\admin\node_modules\webpack\hot\log.js
<s> [webpack.Progress] 10% building 6/9 modules 3 active F:\springboot32e20828n\springboot32e20828n\src\main\resources\admin\node_modules\webpack\hot\log-apply-result.js
<s> [webpack.Progress] 10% building 6/10 modules 4 active F:\springboot32e20828n\springboot32e20828n\src\main\resources\admin\node_modules\webpack\hot\emitter.js
<s> [webpack.Progress] 10% building 6/11 modules 5 active F:\springboot32e20828n\springboot32e20828n\src\main\resources\admin\node_modules\webpack-dev-server\client\socket.js
<s> [webpack.Progress] 10% building 6/12 modules 6 active F:\springboot32e20828n\springboot32e20828n\src\main\resources\admin\node_modules\webpack-dev-server\client\overlay.js
Browserslist: caniuse-lite is outdated. Please run the following command: `npm update`
<s> [webpack.Progress] 10% building 6/13 modules 7 active F:\springboot32e20828n\springboot32e20828n\src\main\resources\admin\node_modules\webpack-dev-server\client\utils\log.js
<s> [webpack.Progress] 10% building 6/14 modules 8 active F:\springboot32e20828n\springboot32e20828n\src\main\resources\admin\node_modules\webpack-dev-server\client\utils\sendMessage.js
<s> [webpack.Progress] 10% building 6/15 modules 9 active F:\springboot32e20828n\springboot32e20828n\src\main\resources\admin\node_modules\webpack-dev-server\client\utils\reloadApp.js
<s> [webpack.Progress] 10% building 6/16 modules 10 active F:\springboot32e20828n\springboot32e20828n\src\main\resources\admin\node_modules\webpack-dev-server\client\utils\createSocketUrl.js
<s> [webpack.Progress] 10% building 7/16 modules 9 active F:\springboot32e20828n\springboot32e20828n\src\main\resources\admin\node_modules\webpack-dev-server\client\utils\createSocketUrl.js
<s> [webpack.Progress] 10% building 8/16 modules 8 active F:\springboot32e20828n\springboot32e20828n\src\main\resources\admin\node_modules\webpack-dev-server\client\utils\createSocketUrl.js
<s> [webpack.Progress] 11% building 9/16 modules 7 active F:\springboot32e20828n\springboot32e20828n\src\main\resources\admin\node_modules\webpack-dev-server\client\utils\createSocketUrl.js
<s> [webpack.Progress] 11% building 10/16 modules 6 active F:\springboot32e20828n\springboot32e20828n\src\main\resources\admin\node_modules\webpack-dev-server\client\utils\createSocketUrl.js
<s> [webpack.Progress] 11% building 11/16 modules 5 active F:\springboot32e20828n\springboot32e20828n\src\main\resources\admin\node_modules\webpack-dev-server\client\utils\createSocketUrl.js
<s> [webpack.Progress] 11% building 12/16 modules 4 active F:\springboot32e20828n\springboot32e20828n\src\main\resources\admin\node_modules\webpack-dev-server\client\utils\createSocketUrl.js
<s> [webpack.Progress] 11% building 13/16 modules 3 active F:\springboot32e20828n\springboot32e20828n\src\main\resources\admin\node_modules\webpack-dev-server\client\utils\reloadApp.js
<s> [webpack.Progress] 11% building 14/16 modules 2 active F:\springboot32e20828n\springboot32e20828n\src\main\resources\admin\node_modules\webpack-dev-server\client\utils\log.js
<s> [webpack.Progress] 11% building 15/16 modules 1 active F:\springboot32e20828n\springboot32e20828n\src\main\resources\admin\node_modules\cache-loader\dist\cjs.js??ref--12-0!F:\springboot32e20828n\springboot32e20828n\src\main\resources\admin\node_modules\babel-loader\lib\index.js!F:\springboot32e20828n\springboot32e20828n\src\main\resources\admin\src\main.js
<s> [webpack.Progress] 11% building 16/16 modules 0 active 
<s> [webpack.Progress] 11% building 16/17 modules 1 active F:\springboot32e20828n\springboot32e20828n\src\main\resources\admin\node_modules\webpack-dev-server\client\clients\SockJSClient.js
<s> [webpack.Progress] 11% building 16/18 modules 2 active F:\springboot32e20828n\springboot32e20828n\src\main\resources\admin\node_modules\cache-loader\dist\cjs.js??ref--12-0!F:\springboot32e20828n\springboot32e20828n\src\main\resources\admin\node_modules\babel-loader\lib\index.js!F:\springboot32e20828n\springboot32e20828n\src\main\resources\admin\src\router\router-static.js
<s> [webpack.Progress] 11% building 16/19 modules 3 active F:\springboot32e20828n\springboot32e20828n\src\main\resources\admin\node_modules\cache-loader\dist\cjs.js??ref--12-0!F:\springboot32e20828n\springboot32e20828n\src\main\resources\admin\node_modules\babel-loader\lib\index.js!F:\springboot32e20828n\springboot32e20828n\src\main\resources\admin\src\utils\http.js
<s> [webpack.Progress] 11% building 16/20 modules 4 active F:\springboot32e20828n\springboot32e20828n\src\main\resources\admin\node_modules\cache-loader\dist\cjs.js??ref--12-0!F:\springboot32e20828n\springboot32e20828n\src\main\resources\admin\node_modules\babel-loader\lib\index.js!F:\springboot32e20828n\springboot32e20828n\src\main\resources\admin\src\utils\validate.js
<s> [webpack.Progress] 11% building 16/21 modules 5 active F:\springboot32e20828n\springboot32e20828n\src\main\resources\admin\node_modules\events\events.js
<s> [webpack.Progress] 12% building 17/21 modules 4 active F:\springboot32e20828n\springboot32e20828n\src\main\resources\admin\node_modules\events\events.js
<s> [webpack.Progress] 12% building 17/22 modules 5 active F:\springboot32e20828n\springboot32e20828n\src\main\resources\admin\node_modules\webpack-dev-server\client\utils\getCurrentScriptSource.js
<s> [webpack.Progress] 12% building 17/23 modules 6 active F:\springboot32e20828n\springboot32e20828n\src\main\resources\admin\node_modules\url\url.js
<s> [webpack.Progress] 12% building 17/24 modules 7 active F:\springboot32e20828n\springboot32e20828n\src\main\resources\admin\node_modules\cache-loader\dist\cjs.js??ref--12-0!F:\springboot32e20828n\springboot32e20828n\src\main\resources\admin\node_modules\babel-loader\lib\index.js!F:\springboot32e20828n\springboot32e20828n\src\main\resources\admin\src\utils\base.js
<s> [webpack.Progress] 12% building 17/25 modules 8 active F:\springboot32e20828n\springboot32e20828n\src\main\resources\admin\node_modules\cache-loader\dist\cjs.js??ref--12-0!F:\springboot32e20828n\springboot32e20828n\src\main\resources\admin\node_modules\babel-loader\lib\index.js!F:\springboot32e20828n\springboot32e20828n\src\main\resources\admin\src\utils\utils.js
<s> [webpack.Progress] 12% building 17/26 modules 9 active F:\springboot32e20828n\springboot32e20828n\src\main\resources\admin\node_modules\cache-loader\dist\cjs.js??ref--12-0!F:\springboot32e20828n\springboot32e20828n\src\main\resources\admin\node_modules\babel-loader\lib\index.js!F:\springboot32e20828n\springboot32e20828n\src\main\resources\admin\src\utils\api.js
<s> [webpack.Progress] 12% building 17/27 modules 10 active F:\springboot32e20828n\springboot32e20828n\src\main\resources\admin\node_modules\cache-loader\dist\cjs.js??ref--12-0!F:\springboot32e20828n\springboot32e20828n\src\main\resources\admin\node_modules\babel-loader\lib\index.js!F:\springboot32e20828n\springboot32e20828n\src\main\resources\admin\src\utils\storage.js
<s> [webpack.Progress] 12% building 17/28 modules 11 active F:\springboot32e20828n\springboot32e20828n\src\main\resources\admin\node_modules\echarts\theme\macarons.js
<s> [webpack.Progress] 12% building 18/28 modules 10 active F:\springboot32e20828n\springboot32e20828n\src\main\resources\admin\node_modules\echarts\theme\macarons.js
<s> [webpack.Progress] 12% building 18/29 modules 11 active F:\springboot32e20828n\springboot32e20828n\src\main\resources\admin\node_modules\core-js\modules\es.array.iterator.js
<s> [webpack.Progress] 12% building 18/30 modules 12 active F:\springboot32e20828n\springboot32e20828n\src\main\resources\admin\node_modules\core-js\modules\es.promise.js
<s> [webpack.Progress] 12% building 18/31 modules 13 active F:\springboot32e20828n\springboot32e20828n\src\main\resources\admin\node_modules\core-js\modules\es.object.assign.js
<s> [webpack.Progress] 12% building 18/32 modules 14 active F:\springboot32e20828n\springboot32e20828n\src\main\resources\admin\node_modules\core-js\modules\es.promise.finally.js
<s> [webpack.Progress] 12% building 18/33 modules 15 active delegated 2 from dll-reference vendor_0be5290ae0efe2a46003
<s> [webpack.Progress] 12% building 19/33 modules 14 active F:\springboot32e20828n\springboot32e20828n\src\main\resources\admin\node_modules\core-js\modules\es.promise.finally.js
<s> [webpack.Progress] 12% building 19/34 modules 15 active external "vendor_0be5290ae0efe2a46003"
<s> [webpack.Progress] 12% building 20/34 modules 14 active F:\springboot32e20828n\springboot32e20828n\src\main\resources\admin\node_modules\core-js\modules\es.promise.finally.js
<s> [webpack.Progress] 12% building 21/34 modules 13 active F:\springboot32e20828n\springboot32e20828n\src\main\resources\admin\node_modules\core-js\modules\es.promise.finally.js
<s> [webpack.Progress] 12% building 21/35 modules 14 active F:\springboot32e20828n\springboot32e20828n\src\main\resources\admin\node_modules\cache-loader\dist\cjs.js??ref--0-0!F:\springboot32e20828n\springboot32e20828n\src\main\resources\admin\node_modules\vue-loader\lib\index.js??vue-loader-options!F:\springboot32e20828n\springboot32e20828n\src\main\resources\admin\src\App.vue
<s> [webpack.Progress] 12% building 22/35 modules 13 active F:\springboot32e20828n\springboot32e20828n\src\main\resources\admin\node_modules\cache-loader\dist\cjs.js??ref--0-0!F:\springboot32e20828n\springboot32e20828n\src\main\resources\admin\node_modules\vue-loader\lib\index.js??vue-loader-options!F:\springboot32e20828n\springboot32e20828n\src\main\resources\admin\src\App.vue
<s> [webpack.Progress] 12% building 22/36 modules 14 active F:\springboot32e20828n\springboot32e20828n\src\main\resources\admin\node_modules\core-js\modules\es.array.index-of.js
<s> [webpack.Progress] 12% building 23/36 modules 13 active F:\springboot32e20828n\springboot32e20828n\src\main\resources\admin\node_modules\core-js\modules\es.array.index-of.js
<s> [webpack.Progress] 12% building 24/36 modules 12 active F:\springboot32e20828n\springboot32e20828n\src\main\resources\admin\node_modules\core-js\modules\es.array.index-of.js
<s> [webpack.Progress] 13% building 25/36 modules 11 active F:\springboot32e20828n\springboot32e20828n\src\main\resources\admin\node_modules\core-js\modules\es.array.index-of.js
<s> [webpack.Progress] 13% building 25/37 modules 12 active F:\springboot32e20828n\springboot32e20828n\src\main\resources\admin\node_modules\webpack-dev-server\client\clients\BaseClient.js
<s> [webpack.Progress] 13% building 26/37 modules 11 active F:\springboot32e20828n\springboot32e20828n\src\main\resources\admin\node_modules\webpack-dev-server\client\clients\BaseClient.js
<s> [webpack.Progress] 13% building 27/37 modules 10 active F:\springboot32e20828n\springboot32e20828n\src\main\resources\admin\node_modules\webpack-dev-server\client\clients\BaseClient.js
<s> [webpack.Progress] 13% building 28/37 modules 9 active F:\springboot32e20828n\springboot32e20828n\src\main\resources\admin\node_modules\webpack-dev-server\client\clients\BaseClient.js
<s> [webpack.Progress] 13% building 29/37 modules 8 active F:\springboot32e20828n\springboot32e20828n\src\main\resources\admin\node_modules\webpack-dev-server\client\clients\BaseClient.js
<s> [webpack.Progress] 13% building 30/37 modules 7 active F:\springboot32e20828n\springboot32e20828n\src\main\resources\admin\node_modules\webpack-dev-server\client\clients\BaseClient.js
<s> [webpack.Progress] 13% building 30/38 modules 8 active F:\springboot32e20828n\springboot32e20828n\src\main\resources\admin\node_modules\vue-style-loader\index.js??ref--8-oneOf-3-0!F:\springboot32e20828n\springboot32e20828n\src\main\resources\admin\node_modules\css-loader\dist\cjs.js??ref--8-oneOf-3-1!F:\springboot32e20828n\springboot32e20828n\src\main\resources\admin\node_modules\postcss-loader\src\index.js??ref--8-oneOf-3-2!F:\springboot32e20828n\springboot32e20828n\src\main\resources\admin\node_modules\sass-loader\dist\cjs.js??ref--8-oneOf-3-3!F:\springboot32e20828n\springboot32e20828n\src\main\resources\admin\src\assets\css\element-variables.scss
<s> [webpack.Progress] 13% building 31/38 modules 7 active F:\springboot32e20828n\springboot32e20828n\src\main\resources\admin\node_modules\webpack-dev-server\client\clients\BaseClient.js
<s> [webpack.Progress] 13% building 31/39 modules 8 active F:\springboot32e20828n\springboot32e20828n\src\main\resources\admin\node_modules\vue-style-loader\index.js??ref--8-oneOf-3-0!F:\springboot32e20828n\springboot32e20828n\src\main\resources\admin\node_modules\css-loader\dist\cjs.js??ref--8-oneOf-3-1!F:\springboot32e20828n\springboot32e20828n\src\main\resources\admin\node_modules\postcss-loader\src\index.js??ref--8-oneOf-3-2!F:\springboot32e20828n\springboot32e20828n\src\main\resources\admin\node_modules\sass-loader\dist\cjs.js??ref--8-oneOf-3-3!F:\springboot32e20828n\springboot32e20828n\src\main\resources\admin\src\assets\css\style.scss
<s> [webpack.Progress] 13% building 32/39 modules 7 active F:\springboot32e20828n\springboot32e20828n\src\main\resources\admin\node_modules\webpack-dev-server\client\clients\BaseClient.js
<s> [webpack.Progress] 13% building 32/40 modules 8 active F:\springboot32e20828n\springboot32e20828n\src\main\resources\admin\node_modules\css-loader\dist\cjs.js??ref--8-oneOf-3-1!F:\springboot32e20828n\springboot32e20828n\src\main\resources\admin\node_modules\postcss-loader\src\index.js??ref--8-oneOf-3-2!F:\springboot32e20828n\springboot32e20828n\src\main\resources\admin\node_modules\sass-loader\dist\cjs.js??ref--8-oneOf-3-3!F:\springboot32e20828n\springboot32e20828n\src\main\resources\admin\src\assets\css\element-variables.scss
<s> [webpack.Progress] 13% building 32/41 modules 9 active F:\springboot32e20828n\springboot32e20828n\src\main\resources\admin\node_modules\css-loader\dist\cjs.js??ref--8-oneOf-3-1!F:\springboot32e20828n\springboot32e20828n\src\main\resources\admin\node_modules\postcss-loader\src\index.js??ref--8-oneOf-3-2!F:\springboot32e20828n\springboot32e20828n\src\main\resources\admin\node_modules\sass-loader\dist\cjs.js??ref--8-oneOf-3-3!F:\springboot32e20828n\springboot32e20828n\src\main\resources\admin\src\assets\css\style.scss
<s> [webpack.Progress] 13% building 32/42 modules 10 active F:\springboot32e20828n\springboot32e20828n\src\main\resources\admin\node_modules\cache-loader\dist\cjs.js??ref--0-0!F:\springboot32e20828n\springboot32e20828n\src\main\resources\admin\node_modules\vue-loader\lib\index.js??vue-loader-options!F:\springboot32e20828n\springboot32e20828n\src\main\resources\admin\src\components\common\BreadCrumbs.vue
<s> [webpack.Progress] 13% building 32/43 modules 11 active F:\springboot32e20828n\springboot32e20828n\src\main\resources\admin\node_modules\cache-loader\dist\cjs.js??ref--0-0!F:\springboot32e20828n\springboot32e20828n\src\main\resources\admin\node_modules\vue-loader\lib\index.js??vue-loader-options!F:\springboot32e20828n\springboot32e20828n\src\main\resources\admin\src\components\common\Editor.vue
<s> [webpack.Progress] 13% building 32/44 modules 12 active F:\springboot32e20828n\springboot32e20828n\src\main\resources\admin\node_modules\cache-loader\dist\cjs.js??ref--0-0!F:\springboot32e20828n\springboot32e20828n\src\main\resources\admin\node_modules\vue-loader\lib\index.js??vue-loader-options!F:\springboot32e20828n\springboot32e20828n\src\main\resources\admin\src\components\common\FileUpload.vue
<s> [webpack.Progress] 13% building 32/45 modules 13 active F:\springboot32e20828n\springboot32e20828n\src\main\resources\admin\node_modules\webpack-dev-server\node_modules\strip-ansi\index.js
<s> [webpack.Progress] 13% building 33/45 modules 12 active F:\springboot32e20828n\springboot32e20828n\src\main\resources\admin\node_modules\webpack-dev-server\node_modules\strip-ansi\index.js
<s> [webpack.Progress] 14% building 34/45 modules 11 active F:\springboot32e20828n\springboot32e20828n\src\main\resources\admin\node_modules\webpack-dev-server\node_modules\strip-ansi\index.js
<s> [webpack.Progress] 14% building 35/45 modules 10 active F:\springboot32e20828n\springboot32e20828n\src\main\resources\admin\node_modules\webpack-dev-server\node_modules\strip-ansi\index.js
<s> [webpack.Progress] 14% building 36/45 modules 9 active F:\springboot32e20828n\springboot32e20828n\src\main\resources\admin\node_modules\webpack-dev-server\node_modules\strip-ansi\index.js
<s> [webpack.Progress] 14% building 37/45 modules 8 active F:\springboot32e20828n\springboot32e20828n\src\main\resources\admin\node_modules\webpack-dev-server\node_modules\strip-ansi\index.js
<s> [webpack.Progress] 14% building 38/45 modules 7 active F:\springboot32e20828n\springboot32e20828n\src\main\resources\admin\node_modules\webpack-dev-server\node_modules\strip-ansi\index.js
<s> [webpack.Progress] 14% building 38/46 modules 8 active F:\springboot32e20828n\springboot32e20828n\src\main\resources\admin\node_modules\url\util.js
<s> [webpack.Progress] 14% building 39/46 modules 7 active F:\springboot32e20828n\springboot32e20828n\src\main\resources\admin\node_modules\url\util.js
<s> [webpack.Progress] 40% building 39/46 modules 7 active F:\springboot32e20828n\springboot32e20828n\src\main\resources\admin\node_modules\url\util.js
<s> [webpack.Progress] 40% building 39/47 modules 8 active F:\springboot32e20828n\springboot32e20828n\src\main\resources\admin\node_modules\querystring-es3\index.js
<s> [webpack.Progress] 40% building 39/48 modules 9 active F:\springboot32e20828n\springboot32e20828n\src\main\resources\admin\node_modules\ansi-html\index.js
<s> [webpack.Progress] 40% building 40/48 modules 8 active F:\springboot32e20828n\springboot32e20828n\src\main\resources\admin\node_modules\ansi-html\index.js
<s> [webpack.Progress] 40% building 40/49 modules 9 active F:\springboot32e20828n\springboot32e20828n\src\main\resources\admin\node_modules\core-js\modules\es.object.to-string.js
<s> [webpack.Progress] 40% building 40/50 modules 10 active F:\springboot32e20828n\springboot32e20828n\src\main\resources\admin\node_modules\vue-style-loader\lib\addStylesClient.js
<s> [webpack.Progress] 40% building 41/50 modules 9 active F:\springboot32e20828n\springboot32e20828n\src\main\resources\admin\node_modules\vue-style-loader\lib\addStylesClient.js
<s> [webpack.Progress] 40% building 41/51 modules 10 active F:\springboot32e20828n\springboot32e20828n\src\main\resources\admin\node_modules\echarts\index.js
<s> [webpack.Progress] 40% building 41/52 modules 11 active F:\springboot32e20828n\springboot32e20828n\src\main\resources\admin\node_modules\node-libs-browser\node_modules\punycode\punycode.js
<s> [webpack.Progress] 40% building 41/53 modules 12 active F:\springboot32e20828n\springboot32e20828n\src\main\resources\admin\node_modules\echarts-wordcloud\index.js
<s> [webpack.Progress] 40% building 41/54 modules 13 active F:\springboot32e20828n\springboot32e20828n\src\main\resources\admin\node_modules\core-js\internals\export.js
<s> [webpack.Progress] 40% building 41/55 modules 14 active F:\springboot32e20828n\springboot32e20828n\src\main\resources\admin\node_modules\core-js\internals\object-assign.js
<s> [webpack.Progress] 40% building 41/56 modules 15 active F:\springboot32e20828n\springboot32e20828n\src\main\resources\admin\node_modules\core-js\internals\to-indexed-object.js
<s> [webpack.Progress] 40% building 41/57 modules 16 active F:\springboot32e20828n\springboot32e20828n\src\main\resources\admin\node_modules\core-js\internals\add-to-unscopables.js
<s> [webpack.Progress] 40% building 41/58 modules 17 active F:\springboot32e20828n\springboot32e20828n\src\main\resources\admin\node_modules\core-js\internals\iterators.js
<s> [webpack.Progress] 40% building 41/59 modules 18 active F:\springboot32e20828n\springboot32e20828n\src\main\resources\admin\node_modules\core-js\internals\is-pure.js
<s> [webpack.Progress] 40% building 41/60 modules 19 active F:\springboot32e20828n\springboot32e20828n\src\main\resources\admin\node_modules\core-js\internals\define-iterator.js
<s> [webpack.Progress] 40% building 41/61 modules 20 active F:\springboot32e20828n\springboot32e20828n\src\main\resources\admin\node_modules\core-js\internals\fails.js
<s> [webpack.Progress] 40% building 41/62 modules 21 active F:\springboot32e20828n\springboot32e20828n\src\main\resources\admin\node_modules\core-js\internals\internal-state.js
<s> [webpack.Progress] 40% building 41/63 modules 22 active F:\springboot32e20828n\springboot32e20828n\src\main\resources\admin\node_modules\core-js\internals\native-promise-constructor.js
<s> [webpack.Progress] 40% building 41/64 modules 23 active F:\springboot32e20828n\springboot32e20828n\src\main\resources\admin\node_modules\core-js\internals\get-built-in.js
<s> [webpack.Progress] 40% building 41/65 modules 24 active F:\springboot32e20828n\springboot32e20828n\src\main\resources\admin\node_modules\core-js\internals\promise-resolve.js
<s> [webpack.Progress] 40% building 41/66 modules 25 active F:\springboot32e20828n\springboot32e20828n\src\main\resources\admin\node_modules\core-js\internals\species-constructor.js
<s> [webpack.Progress] 40% building 41/67 modules 26 active F:\springboot32e20828n\springboot32e20828n\src\main\resources\admin\node_modules\core-js\internals\global.js
<s> [webpack.Progress] 40% building 41/68 modules 27 active F:\springboot32e20828n\springboot32e20828n\src\main\resources\admin\node_modules\core-js\internals\redefine.js
<s> [webpack.Progress] 40% building 41/69 modules 28 active F:\springboot32e20828n\springboot32e20828n\src\main\resources\admin\node_modules\core-js\internals\set-to-string-tag.js
<s> [webpack.Progress] 40% building 41/70 modules 29 active F:\springboot32e20828n\springboot32e20828n\src\main\resources\admin\node_modules\core-js\internals\redefine-all.js
<s> [webpack.Progress] 40% building 41/71 modules 30 active F:\springboot32e20828n\springboot32e20828n\src\main\resources\admin\node_modules\core-js\internals\set-species.js
<s> [webpack.Progress] 40% building 41/72 modules 31 active F:\springboot32e20828n\springboot32e20828n\src\main\resources\admin\node_modules\core-js\internals\an-instance.js
<s> [webpack.Progress] 40% building 41/73 modules 32 active F:\springboot32e20828n\springboot32e20828n\src\main\resources\admin\node_modules\core-js\internals\is-object.js
<s> [webpack.Progress] 40% building 41/74 modules 33 active F:\springboot32e20828n\springboot32e20828n\src\main\resources\admin\node_modules\core-js\internals\a-function.js
<s> [webpack.Progress] 40% building 41/75 modules 34 active F:\springboot32e20828n\springboot32e20828n\src\main\resources\admin\node_modules\core-js\internals\inspect-source.js
<s> [webpack.Progress] 40% building 41/76 modules 35 active F:\springboot32e20828n\springboot32e20828n\src\main\resources\admin\node_modules\core-js\internals\classof-raw.js
<s> [webpack.Progress] 40% building 41/77 modules 36 active F:\springboot32e20828n\springboot32e20828n\src\main\resources\admin\node_modules\core-js\internals\check-correctness-of-iteration.js
<s> [webpack.Progress] 40% building 41/78 modules 37 active F:\springboot32e20828n\springboot32e20828n\src\main\resources\admin\node_modules\core-js\internals\microtask.js
<s> [webpack.Progress] 40% building 41/79 modules 38 active F:\springboot32e20828n\springboot32e20828n\src\main\resources\admin\node_modules\core-js\internals\iterate.js
<s> [webpack.Progress] 40% building 41/80 modules 39 active F:\springboot32e20828n\springboot32e20828n\src\main\resources\admin\node_modules\core-js\internals\new-promise-capability.js
<s> [webpack.Progress] 40% building 41/81 modules 40 active F:\springboot32e20828n\springboot32e20828n\src\main\resources\admin\node_modules\core-js\internals\host-report-errors.js
<s> [webpack.Progress] 40% building 41/82 modules 41 active F:\springboot32e20828n\springboot32e20828n\src\main\resources\admin\node_modules\core-js\internals\task.js
<s> [webpack.Progress] 40% building 41/83 modules 42 active F:\springboot32e20828n\springboot32e20828n\src\main\resources\admin\node_modules\core-js\internals\perform.js
<s> [webpack.Progress] 40% building 41/84 modules 43 active F:\springboot32e20828n\springboot32e20828n\src\main\resources\admin\node_modules\core-js\internals\is-forced.js
<s> [webpack.Progress] 40% building 41/85 modules 44 active F:\springboot32e20828n\springboot32e20828n\src\main\resources\admin\node_modules\core-js\internals\engine-v8-version.js
<s> [webpack.Progress] 40% building 41/86 modules 45 active F:\springboot32e20828n\springboot32e20828n\src\main\resources\admin\node_modules\core-js\internals\well-known-symbol.js
<s> [webpack.Progress] 40% building 41/87 modules 46 active F:\springboot32e20828n\springboot32e20828n\src\main\resources\admin\node_modules\cache-loader\dist\cjs.js??ref--12-0!F:\springboot32e20828n\springboot32e20828n\src\main\resources\admin\node_modules\babel-loader\lib\index.js!F:\springboot32e20828n\springboot32e20828n\src\main\resources\admin\src\store\index.js
<s> [webpack.Progress] 40% building 42/87 modules 45 active F:\springboot32e20828n\springboot32e20828n\src\main\resources\admin\node_modules\cache-loader\dist\cjs.js??ref--12-0!F:\springboot32e20828n\springboot32e20828n\src\main\resources\admin\node_modules\babel-loader\lib\index.js!F:\springboot32e20828n\springboot32e20828n\src\main\resources\admin\src\store\index.js
<s> [webpack.Progress] 40% building 43/87 modules 44 active F:\springboot32e20828n\springboot32e20828n\src\main\resources\admin\node_modules\cache-loader\dist\cjs.js??ref--12-0!F:\springboot32e20828n\springboot32e20828n\src\main\resources\admin\node_modules\babel-loader\lib\index.js!F:\springboot32e20828n\springboot32e20828n\src\main\resources\admin\src\store\index.js
<s> [webpack.Progress] 40% building 44/87 modules 43 active F:\springboot32e20828n\springboot32e20828n\src\main\resources\admin\node_modules\cache-loader\dist\cjs.js??ref--12-0!F:\springboot32e20828n\springboot32e20828n\src\main\resources\admin\node_modules\babel-loader\lib\index.js!F:\springboot32e20828n\springboot32e20828n\src\main\resources\admin\src\store\index.js
<s> [webpack.Progress] 40% building 44/88 modules 44 active F:\springboot32e20828n\springboot32e20828n\src\main\resources\admin\node_modules\core-js\modules\es.regexp.exec.js
<s> [webpack.Progress] 40% building 44/89 modules 45 active F:\springboot32e20828n\springboot32e20828n\src\main\resources\admin\node_modules\core-js\modules\es.string.replace.js
<s> [webpack.Progress] 40% building 44/90 modules 46 active F:\springboot32e20828n\springboot32e20828n\src\main\resources\admin\node_modules\cache-loader\dist\cjs.js??ref--12-0!F:\springboot32e20828n\springboot32e20828n\src\main\resources\admin\node_modules\babel-loader\lib\index.js!F:\springboot32e20828n\springboot32e20828n\src\main\resources\admin\src\utils\menu.js
<s> [webpack.Progress] 40% building 45/90 modules 45 active F:\springboot32e20828n\springboot32e20828n\src\main\resources\admin\node_modules\cache-loader\dist\cjs.js??ref--12-0!F:\springboot32e20828n\springboot32e20828n\src\main\resources\admin\node_modules\babel-loader\lib\index.js!F:\springboot32e20828n\springboot32e20828n\src\main\resources\admin\src\utils\menu.js
<s> [webpack.Progress] 40% building 45/91 modules 46 active F:\springboot32e20828n\springboot32e20828n\src\main\resources\admin\node_modules\core-js\internals\array-includes.js
<s> [webpack.Progress] 40% building 45/92 modules 47 active F:\springboot32e20828n\springboot32e20828n\src\main\resources\admin\node_modules\core-js\internals\array-method-is-strict.js
<s> [webpack.Progress] 40% building 45/93 modules 48 active F:\springboot32e20828n\springboot32e20828n\src\main\resources\admin\node_modules\core-js\internals\array-method-uses-to-length.js
<s> [webpack.Progress] 40% building 46/93 modules 47 active F:\springboot32e20828n\springboot32e20828n\src\main\resources\admin\node_modules\core-js\internals\array-method-uses-to-length.js
<s> [webpack.Progress] 40% building 46/94 modules 48 active F:\springboot32e20828n\springboot32e20828n\src\main\resources\admin\node_modules\html-entities\index.js
<s> [webpack.Progress] 40% building 47/94 modules 47 active F:\springboot32e20828n\springboot32e20828n\src\main\resources\admin\node_modules\html-entities\index.js
<s> [webpack.Progress] 40% building 47/95 modules 48 active F:\springboot32e20828n\springboot32e20828n\src\main\resources\admin\node_modules\loglevel\lib\loglevel.js
<s> [webpack.Progress] 40% building 48/95 modules 47 active F:\springboot32e20828n\springboot32e20828n\src\main\resources\admin\node_modules\loglevel\lib\loglevel.js
<s> [webpack.Progress] 40% building 48/96 modules 48 active F:\springboot32e20828n\springboot32e20828n\src\main\resources\admin\node_modules\element-ui\lib\element-ui.common.js
<s> [webpack.Progress] 40% building 48/97 modules 49 active F:\springboot32e20828n\springboot32e20828n\src\main\resources\admin\node_modules\js-md5\src\md5.js
<s> [webpack.Progress] 40% building 49/97 modules 48 active F:\springboot32e20828n\springboot32e20828n\src\main\resources\admin\node_modules\js-md5\src\md5.js
<s> [webpack.Progress] 40% building 49/98 modules 49 active F:\springboot32e20828n\springboot32e20828n\src\main\resources\admin\node_modules\vue-loader\lib\loaders\pitcher.js??ref--4!F:\springboot32e20828n\springboot32e20828n\src\main\resources\admin\node_modules\cache-loader\dist\cjs.js??ref--0-0!F:\springboot32e20828n\springboot32e20828n\src\main\resources\admin\node_modules\vue-loader\lib\index.js??vue-loader-options!F:\springboot32e20828n\springboot32e20828n\src\main\resources\admin\src\App.vue?vue&type=template&id=7ba5bd90&
<s> [webpack.Progress] 40% building 50/98 modules 48 active F:\springboot32e20828n\springboot32e20828n\src\main\resources\admin\node_modules\js-md5\src\md5.js
<s> [webpack.Progress] 40% building 50/99 modules 49 active F:\springboot32e20828n\springboot32e20828n\src\main\resources\admin\node_modules\vue-loader\lib\loaders\pitcher.js??ref--4!F:\springboot32e20828n\springboot32e20828n\src\main\resources\admin\node_modules\cache-loader\dist\cjs.js??ref--12-0!F:\springboot32e20828n\springboot32e20828n\src\main\resources\admin\node_modules\babel-loader\lib\index.js!F:\springboot32e20828n\springboot32e20828n\src\main\resources\admin\node_modules\cache-loader\dist\cjs.js??ref--0-0!F:\springboot32e20828n\springboot32e20828n\src\main\resources\admin\node_modules\vue-loader\lib\index.js??vue-loader-options!F:\springboot32e20828n\springboot32e20828n\src\main\resources\admin\src\App.vue?vue&type=script&lang=js&
<s> [webpack.Progress] 40% building 51/99 modules 48 active F:\springboot32e20828n\springboot32e20828n\src\main\resources\admin\node_modules\js-md5\src\md5.js
<s> [webpack.Progress] 40% building 51/100 modules 49 active F:\springboot32e20828n\springboot32e20828n\src\main\resources\admin\node_modules\vue-loader\lib\loaders\pitcher.js??ref--4!F:\springboot32e20828n\springboot32e20828n\src\main\resources\admin\node_modules\vue-style-loader\index.js??ref--6-oneOf-1-0!F:\springboot32e20828n\springboot32e20828n\src\main\resources\admin\node_modules\css-loader\dist\cjs.js??ref--6-oneOf-1-1!F:\springboot32e20828n\springboot32e20828n\src\main\resources\admin\node_modules\postcss-loader\src\index.js??ref--6-oneOf-1-2!F:\springboot32e20828n\springboot32e20828n\src\main\resources\admin\node_modules\cache-loader\dist\cjs.js??ref--0-0!F:\springboot32e20828n\springboot32e20828n\src\main\resources\admin\node_modules\vue-loader\lib\index.js??vue-loader-options!F:\springboot32e20828n\springboot32e20828n\src\main\resources\admin\src\App.vue?vue&type=style&index=0&lang=css&
<s> [webpack.Progress] 40% building 52/100 modules 48 active F:\springboot32e20828n\springboot32e20828n\src\main\resources\admin\node_modules\js-md5\src\md5.js
<s> [webpack.Progress] 40% building 52/101 modules 49 active F:\springboot32e20828n\springboot32e20828n\src\main\resources\admin\node_modules\vue-loader\lib\loaders\pitcher.js??ref--4!F:\springboot32e20828n\springboot32e20828n\src\main\resources\admin\node_modules\cache-loader\dist\cjs.js??ref--0-0!F:\springboot32e20828n\springboot32e20828n\src\main\resources\admin\node_modules\vue-loader\lib\index.js??vue-loader-options!F:\springboot32e20828n\springboot32e20828n\src\main\resources\admin\src\components\common\Editor.vue?vue&type=template&id=4c8019d1&
<s> [webpack.Progress] 40% building 53/101 modules 48 active F:\springboot32e20828n\springboot32e20828n\src\main\resources\admin\node_modules\js-md5\src\md5.js
<s> [webpack.Progress] 40% building 53/102 modules 49 active F:\springboot32e20828n\springboot32e20828n\src\main\resources\admin\node_modules\vue-loader\lib\loaders\pitcher.js??ref--4!F:\springboot32e20828n\springboot32e20828n\src\main\resources\admin\node_modules\cache-loader\dist\cjs.js??ref--12-0!F:\springboot32e20828n\springboot32e20828n\src\main\resources\admin\node_modules\babel-loader\lib\index.js!F:\springboot32e20828n\springboot32e20828n\src\main\resources\admin\node_modules\cache-loader\dist\cjs.js??ref--0-0!F:\springboot32e20828n\springboot32e20828n\src\main\resources\admin\node_modules\vue-loader\lib\index.js??vue-loader-options!F:\springboot32e20828n\springboot32e20828n\src\main\resources\admin\src\components\common\Editor.vue?vue&type=script&lang=js&
<s> [webpack.Progress] 40% building 54/102 modules 48 active F:\springboot32e20828n\springboot32e20828n\src\main\resources\admin\node_modules\js-md5\src\md5.js
<s> [webpack.Progress] 40% building 54/103 modules 49 active F:\springboot32e20828n\springboot32e20828n\src\main\resources\admin\node_modules\vue-loader\lib\loaders\pitcher.js??ref--4!F:\springboot32e20828n\springboot32e20828n\src\main\resources\admin\node_modules\vue-style-loader\index.js??ref--6-oneOf-1-0!F:\springboot32e20828n\springboot32e20828n\src\main\resources\admin\node_modules\css-loader\dist\cjs.js??ref--6-oneOf-1-1!F:\springboot32e20828n\springboot32e20828n\src\main\resources\admin\node_modules\postcss-loader\src\index.js??ref--6-oneOf-1-2!F:\springboot32e20828n\springboot32e20828n\src\main\resources\admin\node_modules\cache-loader\dist\cjs.js??ref--0-0!F:\springboot32e20828n\springboot32e20828n\src\main\resources\admin\node_modules\vue-loader\lib\index.js??vue-loader-options!F:\springboot32e20828n\springboot32e20828n\src\main\resources\admin\src\components\common\Editor.vue?vue&type=style&index=0&lang=css&
<s> [webpack.Progress] 40% building 55/103 modules 48 active F:\springboot32e20828n\springboot32e20828n\src\main\resources\admin\node_modules\js-md5\src\md5.js
<s> [webpack.Progress] 40% building 55/104 modules 49 active F:\springboot32e20828n\springboot32e20828n\src\main\resources\admin\node_modules\vue-loader\lib\loaders\pitcher.js??ref--4!F:\springboot32e20828n\springboot32e20828n\src\main\resources\admin\node_modules\cache-loader\dist\cjs.js??ref--0-0!F:\springboot32e20828n\springboot32e20828n\src\main\resources\admin\node_modules\vue-loader\lib\index.js??vue-loader-options!F:\springboot32e20828n\springboot32e20828n\src\main\resources\admin\src\components\common\BreadCrumbs.vue?vue&type=template&id=b290fa88&scoped=true&
<s> [webpack.Progress] 40% building 56/104 modules 48 active F:\springboot32e20828n\springboot32e20828n\src\main\resources\admin\node_modules\js-md5\src\md5.js
<s> [webpack.Progress] 40% building 56/105 modules 49 active F:\springboot32e20828n\springboot32e20828n\src\main\resources\admin\node_modules\vue-loader\lib\loaders\pitcher.js??ref--4!F:\springboot32e20828n\springboot32e20828n\src\main\resources\admin\node_modules\cache-loader\dist\cjs.js??ref--12-0!F:\springboot32e20828n\springboot32e20828n\src\main\resources\admin\node_modules\babel-loader\lib\index.js!F:\springboot32e20828n\springboot32e20828n\src\main\resources\admin\node_modules\cache-loader\dist\cjs.js??ref--0-0!F:\springboot32e20828n\springboot32e20828n\src\main\resources\admin\node_modules\vue-loader\lib\index.js??vue-loader-options!F:\springboot32e20828n\springboot32e20828n\src\main\resources\admin\src\components\common\BreadCrumbs.vue?vue&type=script&lang=js&
<s> [webpack.Progress] 40% building 57/105 modules 48 active F:\springboot32e20828n\springboot32e20828n\src\main\resources\admin\node_modules\js-md5\src\md5.js
<s> [webpack.Progress] 40% building 57/106 modules 49 active F:\springboot32e20828n\springboot32e20828n\src\main\resources\admin\node_modules\vue-loader\lib\loaders\pitcher.js??ref--4!F:\springboot32e20828n\springboot32e20828n\src\main\resources\admin\node_modules\vue-style-loader\index.js??ref--8-oneOf-1-0!F:\springboot32e20828n\springboot32e20828n\src\main\resources\admin\node_modules\css-loader\dist\cjs.js??ref--8-oneOf-1-1!F:\springboot32e20828n\springboot32e20828n\src\main\resources\admin\node_modules\postcss-loader\src\index.js??ref--8-oneOf-1-2!F:\springboot32e20828n\springboot32e20828n\src\main\resources\admin\node_modules\sass-loader\dist\cjs.js??ref--8-oneOf-1-3!F:\springboot32e20828n\springboot32e20828n\src\main\resources\admin\node_modules\cache-loader\dist\cjs.js??ref--0-0!F:\springboot32e20828n\springboot32e20828n\src\main\resources\admin\node_modules\vue-loader\lib\index.js??vue-loader-options!F:\springboot32e20828n\springboot32e20828n\src\main\resources\admin\src\components\common\BreadCrumbs.vue?vue&type=style&index=0&id=b290fa88&lang=scss&scoped=true&
<s> [webpack.Progress] 40% building 58/106 modules 48 active F:\springboot32e20828n\springboot32e20828n\src\main\resources\admin\node_modules\js-md5\src\md5.js
<s> [webpack.Progress] 40% building 58/107 modules 49 active F:\springboot32e20828n\springboot32e20828n\src\main\resources\admin\node_modules\vue-loader\lib\loaders\pitcher.js??ref--4!F:\springboot32e20828n\springboot32e20828n\src\main\resources\admin\node_modules\cache-loader\dist\cjs.js??ref--0-0!F:\springboot32e20828n\springboot32e20828n\src\main\resources\admin\node_modules\vue-loader\lib\index.js??vue-loader-options!F:\springboot32e20828n\springboot32e20828n\src\main\resources\admin\src\components\common\FileUpload.vue?vue&type=template&id=06e285fe&scoped=true&
<s> [webpack.Progress] 40% building 59/107 modules 48 active F:\springboot32e20828n\springboot32e20828n\src\main\resources\admin\node_modules\js-md5\src\md5.js
<s> [webpack.Progress] 40% building 59/108 modules 49 active F:\springboot32e20828n\springboot32e20828n\src\main\resources\admin\node_modules\vue-loader\lib\loaders\pitcher.js??ref--4!F:\springboot32e20828n\springboot32e20828n\src\main\resources\admin\node_modules\cache-loader\dist\cjs.js??ref--12-0!F:\springboot32e20828n\springboot32e20828n\src\main\resources\admin\node_modules\babel-loader\lib\index.js!F:\springboot32e20828n\springboot32e20828n\src\main\resources\admin\node_modules\cache-loader\dist\cjs.js??ref--0-0!F:\springboot32e20828n\springboot32e20828n\src\main\resources\admin\node_modules\vue-loader\lib\index.js??vue-loader-options!F:\springboot32e20828n\springboot32e20828n\src\main\resources\admin\src\components\common\FileUpload.vue?vue&type=script&lang=js&
<s> [webpack.Progress] 40% building 60/108 modules 48 active F:\springboot32e20828n\springboot32e20828n\src\main\resources\admin\node_modules\js-md5\src\md5.js
<s> [webpack.Progress] 40% building 60/109 modules 49 active F:\springboot32e20828n\springboot32e20828n\src\main\resources\admin\node_modules\cache-loader\dist\cjs.js??ref--12-0!F:\springboot32e20828n\springboot32e20828n\src\main\resources\admin\node_modules\babel-loader\lib\index.js!F:\springboot32e20828n\springboot32e20828n\src\main\resources\admin\node_modules\cache-loader\dist\cjs.js??ref--0-0!F:\springboot32e20828n\springboot32e20828n\src\main\resources\admin\node_modules\vue-loader\lib\index.js??vue-loader-options!F:\springboot32e20828n\springboot32e20828n\src\main\resources\admin\src\App.vue?vue&type=script&lang=js&
<s> [webpack.Progress] 40% building 60/110 modules 50 active F:\springboot32e20828n\springboot32e20828n\src\main\resources\admin\node_modules\cache-loader\dist\cjs.js??ref--12-0!F:\springboot32e20828n\springboot32e20828n\src\main\resources\admin\node_modules\babel-loader\lib\index.js!F:\springboot32e20828n\springboot32e20828n\src\main\resources\admin\node_modules\cache-loader\dist\cjs.js??ref--0-0!F:\springboot32e20828n\springboot32e20828n\src\main\resources\admin\node_modules\vue-loader\lib\index.js??vue-loader-options!F:\springboot32e20828n\springboot32e20828n\src\main\resources\admin\src\components\common\Editor.vue?vue&type=script&lang=js&
<s> [webpack.Progress] 40% building 60/111 modules 51 active F:\springboot32e20828n\springboot32e20828n\src\main\resources\admin\node_modules\cache-loader\dist\cjs.js??ref--12-0!F:\springboot32e20828n\springboot32e20828n\src\main\resources\admin\node_modules\babel-loader\lib\index.js!F:\springboot32e20828n\springboot32e20828n\src\main\resources\admin\node_modules\cache-loader\dist\cjs.js??ref--0-0!F:\springboot32e20828n\springboot32e20828n\src\main\resources\admin\node_modules\vue-loader\lib\index.js??vue-loader-options!F:\springboot32e20828n\springboot32e20828n\src\main\resources\admin\src\components\common\BreadCrumbs.vue?vue&type=script&lang=js&
<s> [webpack.Progress] 40% building 60/112 modules 52 active F:\springboot32e20828n\springboot32e20828n\src\main\resources\admin\node_modules\cache-loader\dist\cjs.js??ref--12-0!F:\springboot32e20828n\springboot32e20828n\src\main\resources\admin\node_modules\babel-loader\lib\index.js!F:\springboot32e20828n\springboot32e20828n\src\main\resources\admin\node_modules\cache-loader\dist\cjs.js??ref--0-0!F:\springboot32e20828n\springboot32e20828n\src\main\resources\admin\node_modules\vue-loader\lib\index.js??vue-loader-options!F:\springboot32e20828n\springboot32e20828n\src\main\resources\admin\src\components\common\FileUpload.vue?vue&type=script&lang=js&
<s> [webpack.Progress] 40% building 60/113 modules 53 active F:\springboot32e20828n\springboot32e20828n\src\main\resources\admin\node_modules\sockjs-client\dist\sockjs.js
<s> [webpack.Progress] 40% building 61/113 modules 52 active F:\springboot32e20828n\springboot32e20828n\src\main\resources\admin\node_modules\sockjs-client\dist\sockjs.js
<s> [webpack.Progress] 40% building 62/113 modules 51 active F:\springboot32e20828n\springboot32e20828n\src\main\resources\admin\node_modules\sockjs-client\dist\sockjs.js
<s> [webpack.Progress] 40% building 62/114 modules 52 active F:\springboot32e20828n\springboot32e20828n\src\main\resources\admin\node_modules\webpack\buildin\module.js
<s> [webpack.Progress] 40% building 63/114 modules 51 active F:\springboot32e20828n\springboot32e20828n\src\main\resources\admin\node_modules\sockjs-client\dist\sockjs.js
<s> [webpack.Progress] 40% building 63/115 modules 52 active delegated 0 from dll-reference vendor_0be5290ae0efe2a46003
<s> [webpack.Progress] 40% building 64/115 modules 51 active F:\springboot32e20828n\springboot32e20828n\src\main\resources\admin\node_modules\sockjs-client\dist\sockjs.js
<s> [webpack.Progress] 40% building 64/116 modules 52 active F:\springboot32e20828n\springboot32e20828n\src\main\resources\admin\node_modules\cache-loader\dist\cjs.js??ref--0-0!F:\springboot32e20828n\springboot32e20828n\src\main\resources\admin\node_modules\vue-loader\lib\index.js??vue-loader-options!F:\springboot32e20828n\springboot32e20828n\src\main\resources\admin\src\views\index.vue
<s> [webpack.Progress] 40% building 64/117 modules 53 active F:\springboot32e20828n\springboot32e20828n\src\main\resources\admin\node_modules\cache-loader\dist\cjs.js??ref--0-0!F:\springboot32e20828n\springboot32e20828n\src\main\resources\admin\node_modules\vue-loader\lib\index.js??vue-loader-options!F:\springboot32e20828n\springboot32e20828n\src\main\resources\admin\src\views\404.vue
<s> [webpack.Progress] 40% building 64/118 modules 54 active F:\springboot32e20828n\springboot32e20828n\src\main\resources\admin\node_modules\cache-loader\dist\cjs.js??ref--0-0!F:\springboot32e20828n\springboot32e20828n\src\main\resources\admin\node_modules\vue-loader\lib\index.js??vue-loader-options!F:\springboot32e20828n\springboot32e20828n\src\main\resources\admin\src\views\home.vue
<s> [webpack.Progress] 40% building 64/119 modules 55 active F:\springboot32e20828n\springboot32e20828n\src\main\resources\admin\node_modules\cache-loader\dist\cjs.js??ref--0-0!F:\springboot32e20828n\springboot32e20828n\src\main\resources\admin\node_modules\vue-loader\lib\index.js??vue-loader-options!F:\springboot32e20828n\springboot32e20828n\src\main\resources\admin\src\views\login.vue
<s> [webpack.Progress] 40% building 64/120 modules 56 active F:\springboot32e20828n\springboot32e20828n\src\main\resources\admin\node_modules\cache-loader\dist\cjs.js??ref--0-0!F:\springboot32e20828n\springboot32e20828n\src\main\resources\admin\node_modules\vue-loader\lib\index.js??vue-loader-options!F:\springboot32e20828n\springboot32e20828n\src\main\resources\admin\src\views\update-password.vue
<s> [webpack.Progress] 40% building 64/121 modules 57 active F:\springboot32e20828n\springboot32e20828n\src\main\resources\admin\node_modules\cache-loader\dist\cjs.js??ref--0-0!F:\springboot32e20828n\springboot32e20828n\src\main\resources\admin\node_modules\vue-loader\lib\index.js??vue-loader-options!F:\springboot32e20828n\springboot32e20828n\src\main\resources\admin\src\views\pay.vue
<s> [webpack.Progress] 40% building 64/122 modules 58 active F:\springboot32e20828n\springboot32e20828n\src\main\resources\admin\node_modules\cache-loader\dist\cjs.js??ref--0-0!F:\springboot32e20828n\springboot32e20828n\src\main\resources\admin\node_modules\vue-loader\lib\index.js??vue-loader-options!F:\springboot32e20828n\springboot32e20828n\src\main\resources\admin\src\views\register.vue
<s> [webpack.Progress] 40% building 64/123 modules 59 active F:\springboot32e20828n\springboot32e20828n\src\main\resources\admin\node_modules\cache-loader\dist\cjs.js??ref--0-0!F:\springboot32e20828n\springboot32e20828n\src\main\resources\admin\node_modules\vue-loader\lib\index.js??vue-loader-options!F:\springboot32e20828n\springboot32e20828n\src\main\resources\admin\src\views\center.vue
<s> [webpack.Progress] 40% building 65/123 modules 58 active F:\springboot32e20828n\springboot32e20828n\src\main\resources\admin\node_modules\cache-loader\dist\cjs.js??ref--0-0!F:\springboot32e20828n\springboot32e20828n\src\main\resources\admin\node_modules\vue-loader\lib\index.js??vue-loader-options!F:\springboot32e20828n\springboot32e20828n\src\main\resources\admin\src\views\center.vue
<s> [webpack.Progress] 40% building 66/123 modules 57 active F:\springboot32e20828n\springboot32e20828n\src\main\resources\admin\node_modules\cache-loader\dist\cjs.js??ref--0-0!F:\springboot32e20828n\springboot32e20828n\src\main\resources\admin\node_modules\vue-loader\lib\index.js??vue-loader-options!F:\springboot32e20828n\springboot32e20828n\src\main\resources\admin\src\views\center.vue
<s> [webpack.Progress] 40% building 67/123 modules 56 active F:\springboot32e20828n\springboot32e20828n\src\main\resources\admin\node_modules\cache-loader\dist\cjs.js??ref--0-0!F:\springboot32e20828n\springboot32e20828n\src\main\resources\admin\node_modules\vue-loader\lib\index.js??vue-loader-options!F:\springboot32e20828n\springboot32e20828n\src\main\resources\admin\src\views\center.vue
<s> [webpack.Progress] 40% building 68/123 modules 55 active F:\springboot32e20828n\springboot32e20828n\src\main\resources\admin\node_modules\cache-loader\dist\cjs.js??ref--0-0!F:\springboot32e20828n\springboot32e20828n\src\main\resources\admin\node_modules\vue-loader\lib\index.js??vue-loader-options!F:\springboot32e20828n\springboot32e20828n\src\main\resources\admin\src\views\center.vue
<s> [webpack.Progress] 40% building 69/123 modules 54 active F:\springboot32e20828n\springboot32e20828n\src\main\resources\admin\node_modules\cache-loader\dist\cjs.js??ref--0-0!F:\springboot32e20828n\springboot32e20828n\src\main\resources\admin\node_modules\vue-loader\lib\index.js??vue-loader-options!F:\springboot32e20828n\springboot32e20828n\src\main\resources\admin\src\views\center.vue
<s> [webpack.Progress] 40% building 70/123 modules 53 active F:\springboot32e20828n\springboot32e20828n\src\main\resources\admin\node_modules\cache-loader\dist\cjs.js??ref--0-0!F:\springboot32e20828n\springboot32e20828n\src\main\resources\admin\node_modules\vue-loader\lib\index.js??vue-loader-options!F:\springboot32e20828n\springboot32e20828n\src\main\resources\admin\src\views\center.vue
<s> [webpack.Progress] 40% building 71/123 modules 52 active F:\springboot32e20828n\springboot32e20828n\src\main\resources\admin\node_modules\cache-loader\dist\cjs.js??ref--0-0!F:\springboot32e20828n\springboot32e20828n\src\main\resources\admin\node_modules\vue-loader\lib\index.js??vue-loader-options!F:\springboot32e20828n\springboot32e20828n\src\main\resources\admin\src\views\center.vue
<s> [webpack.Progress] 40% building 72/123 modules 51 active F:\springboot32e20828n\springboot32e20828n\src\main\resources\admin\node_modules\cache-loader\dist\cjs.js??ref--0-0!F:\springboot32e20828n\springboot32e20828n\src\main\resources\admin\node_modules\vue-loader\lib\index.js??vue-loader-options!F:\springboot32e20828n\springboot32e20828n\src\main\resources\admin\src\views\center.vue
<s> [webpack.Progress] 40% building 73/123 modules 50 active F:\springboot32e20828n\springboot32e20828n\src\main\resources\admin\node_modules\cache-loader\dist\cjs.js??ref--0-0!F:\springboot32e20828n\springboot32e20828n\src\main\resources\admin\node_modules\vue-loader\lib\index.js??vue-loader-options!F:\springboot32e20828n\springboot32e20828n\src\main\resources\admin\src\views\center.vue
<s> [webpack.Progress] 40% building 74/123 modules 49 active F:\springboot32e20828n\springboot32e20828n\src\main\resources\admin\node_modules\cache-loader\dist\cjs.js??ref--0-0!F:\springboot32e20828n\springboot32e20828n\src\main\resources\admin\node_modules\vue-loader\lib\index.js??vue-loader-options!F:\springboot32e20828n\springboot32e20828n\src\main\resources\admin\src\views\center.vue
<s> [webpack.Progress] 40% building 75/123 modules 48 active F:\springboot32e20828n\springboot32e20828n\src\main\resources\admin\node_modules\cache-loader\dist\cjs.js??ref--0-0!F:\springboot32e20828n\springboot32e20828n\src\main\resources\admin\node_modules\vue-loader\lib\index.js??vue-loader-options!F:\springboot32e20828n\springboot32e20828n\src\main\resources\admin\src\views\center.vue
<s> [webpack.Progress] 40% building 76/123 modules 47 active F:\springboot32e20828n\springboot32e20828n\src\main\resources\admin\node_modules\cache-loader\dist\cjs.js??ref--0-0!F:\springboot32e20828n\springboot32e20828n\src\main\resources\admin\node_modules\vue-loader\lib\index.js??vue-loader-options!F:\springboot32e20828n\springboot32e20828n\src\main\resources\admin\src\views\center.vue
<s> [webpack.Progress] 40% building 77/123 modules 46 active F:\springboot32e20828n\springboot32e20828n\src\main\resources\admin\node_modules\cache-loader\dist\cjs.js??ref--0-0!F:\springboot32e20828n\springboot32e20828n\src\main\resources\admin\node_modules\vue-loader\lib\index.js??vue-loader-options!F:\springboot32e20828n\springboot32e20828n\src\main\resources\admin\src\views\center.vue
<s> [webpack.Progress] 40% building 78/123 modules 45 active F:\springboot32e20828n\springboot32e20828n\src\main\resources\admin\node_modules\cache-loader\dist\cjs.js??ref--0-0!F:\springboot32e20828n\springboot32e20828n\src\main\resources\admin\node_modules\vue-loader\lib\index.js??vue-loader-options!F:\springboot32e20828n\springboot32e20828n\src\main\resources\admin\src\views\center.vue
<s> [webpack.Progress] 40% building 79/123 modules 44 active F:\springboot32e20828n\springboot32e20828n\src\main\resources\admin\node_modules\cache-loader\dist\cjs.js??ref--0-0!F:\springboot32e20828n\springboot32e20828n\src\main\resources\admin\node_modules\vue-loader\lib\index.js??vue-loader-options!F:\springboot32e20828n\springboot32e20828n\src\main\resources\admin\src\views\center.vue
<s> [webpack.Progress] 40% building 80/123 modules 43 active F:\springboot32e20828n\springboot32e20828n\src\main\resources\admin\node_modules\cache-loader\dist\cjs.js??ref--0-0!F:\springboot32e20828n\springboot32e20828n\src\main\resources\admin\node_modules\vue-loader\lib\index.js??vue-loader-options!F:\springboot32e20828n\springboot32e20828n\src\main\resources\admin\src\views\center.vue
<s> [webpack.Progress] 40% building 81/123 modules 42 active F:\springboot32e20828n\springboot32e20828n\src\main\resources\admin\node_modules\cache-loader\dist\cjs.js??ref--0-0!F:\springboot32e20828n\springboot32e20828n\src\main\resources\admin\node_modules\vue-loader\lib\index.js??vue-loader-options!F:\springboot32e20828n\springboot32e20828n\src\main\resources\admin\src\views\center.vue
<s> [webpack.Progress] 40% building 82/123 modules 41 active F:\springboot32e20828n\springboot32e20828n\src\main\resources\admin\node_modules\cache-loader\dist\cjs.js??ref--0-0!F:\springboot32e20828n\springboot32e20828n\src\main\resources\admin\node_modules\vue-loader\lib\index.js??vue-loader-options!F:\springboot32e20828n\springboot32e20828n\src\main\resources\admin\src\views\center.vue
<s> [webpack.Progress] 40% building 83/123 modules 40 active F:\springboot32e20828n\springboot32e20828n\src\main\resources\admin\node_modules\cache-loader\dist\cjs.js??ref--0-0!F:\springboot32e20828n\springboot32e20828n\src\main\resources\admin\node_modules\vue-loader\lib\index.js??vue-loader-options!F:\springboot32e20828n\springboot32e20828n\src\main\resources\admin\src\views\center.vue
<s> [webpack.Progress] 40% building 84/123 modules 39 active F:\springboot32e20828n\springboot32e20828n\src\main\resources\admin\node_modules\cache-loader\dist\cjs.js??ref--0-0!F:\springboot32e20828n\springboot32e20828n\src\main\resources\admin\node_modules\vue-loader\lib\index.js??vue-loader-options!F:\springboot32e20828n\springboot32e20828n\src\main\resources\admin\src\views\center.vue
<s> [webpack.Progress] 40% building 85/123 modules 38 active F:\springboot32e20828n\springboot32e20828n\src\main\resources\admin\node_modules\cache-loader\dist\cjs.js??ref--0-0!F:\springboot32e20828n\springboot32e20828n\src\main\resources\admin\node_modules\vue-loader\lib\index.js??vue-loader-options!F:\springboot32e20828n\springboot32e20828n\src\main\resources\admin\src\views\center.vue
<s> [webpack.Progress] 40% building 86/123 modules 37 active F:\springboot32e20828n\springboot32e20828n\src\main\resources\admin\node_modules\cache-loader\dist\cjs.js??ref--0-0!F:\springboot32e20828n\springboot32e20828n\src\main\resources\admin\node_modules\vue-loader\lib\index.js??vue-loader-options!F:\springboot32e20828n\springboot32e20828n\src\main\resources\admin\src\views\center.vue
<s> [webpack.Progress] 40% building 87/123 modules 36 active F:\springboot32e20828n\springboot32e20828n\src\main\resources\admin\node_modules\cache-loader\dist\cjs.js??ref--0-0!F:\springboot32e20828n\springboot32e20828n\src\main\resources\admin\node_modules\vue-loader\lib\index.js??vue-loader-options!F:\springboot32e20828n\springboot32e20828n\src\main\resources\admin\src\views\center.vue
<s> [webpack.Progress] 40% building 88/123 modules 35 active F:\springboot32e20828n\springboot32e20828n\src\main\resources\admin\node_modules\cache-loader\dist\cjs.js??ref--0-0!F:\springboot32e20828n\springboot32e20828n\src\main\resources\admin\node_modules\vue-loader\lib\index.js??vue-loader-options!F:\springboot32e20828n\springboot32e20828n\src\main\resources\admin\src\views\center.vue
<s> [webpack.Progress] 40% building 89/123 modules 34 active F:\springboot32e20828n\springboot32e20828n\src\main\resources\admin\node_modules\cache-loader\dist\cjs.js??ref--0-0!F:\springboot32e20828n\springboot32e20828n\src\main\resources\admin\node_modules\vue-loader\lib\index.js??vue-loader-options!F:\springboot32e20828n\springboot32e20828n\src\main\resources\admin\src\views\center.vue
<s> [webpack.Progress] 40% building 90/123 modules 33 active F:\springboot32e20828n\springboot32e20828n\src\main\resources\admin\node_modules\cache-loader\dist\cjs.js??ref--0-0!F:\springboot32e20828n\springboot32e20828n\src\main\resources\admin\node_modules\vue-loader\lib\index.js??vue-loader-options!F:\springboot32e20828n\springboot32e20828n\src\main\resources\admin\src\views\center.vue
<s> [webpack.Progress] 40% building 91/123 modules 32 active F:\springboot32e20828n\springboot32e20828n\src\main\resources\admin\node_modules\cache-loader\dist\cjs.js??ref--0-0!F:\springboot32e20828n\springboot32e20828n\src\main\resources\admin\node_modules\vue-loader\lib\index.js??vue-loader-options!F:\springboot32e20828n\springboot32e20828n\src\main\resources\admin\src\views\center.vue
<s> [webpack.Progress] 40% building 92/123 modules 31 active F:\springboot32e20828n\springboot32e20828n\src\main\resources\admin\node_modules\cache-loader\dist\cjs.js??ref--0-0!F:\springboot32e20828n\springboot32e20828n\src\main\resources\admin\node_modules\vue-loader\lib\index.js??vue-loader-options!F:\springboot32e20828n\springboot32e20828n\src\main\resources\admin\src\views\center.vue
<s> [webpack.Progress] 40% building 93/123 modules 30 active F:\springboot32e20828n\springboot32e20828n\src\main\resources\admin\node_modules\cache-loader\dist\cjs.js??ref--0-0!F:\springboot32e20828n\springboot32e20828n\src\main\resources\admin\node_modules\vue-loader\lib\index.js??vue-loader-options!F:\springboot32e20828n\springboot32e20828n\src\main\resources\admin\src\views\center.vue
<s> [webpack.Progress] 40% building 94/123 modules 29 active F:\springboot32e20828n\springboot32e20828n\src\main\resources\admin\node_modules\cache-loader\dist\cjs.js??ref--0-0!F:\springboot32e20828n\springboot32e20828n\src\main\resources\admin\node_modules\vue-loader\lib\index.js??vue-loader-options!F:\springboot32e20828n\springboot32e20828n\src\main\resources\admin\src\views\center.vue
<s> [webpack.Progress] 40% building 95/123 modules 28 active F:\springboot32e20828n\springboot32e20828n\src\main\resources\admin\node_modules\cache-loader\dist\cjs.js??ref--0-0!F:\springboot32e20828n\springboot32e20828n\src\main\resources\admin\node_modules\vue-loader\lib\index.js??vue-loader-options!F:\springboot32e20828n\springboot32e20828n\src\main\resources\admin\src\views\center.vue
<s> [webpack.Progress] 40% building 96/123 modules 27 active F:\springboot32e20828n\springboot32e20828n\src\main\resources\admin\node_modules\cache-loader\dist\cjs.js??ref--0-0!F:\springboot32e20828n\springboot32e20828n\src\main\resources\admin\node_modules\vue-loader\lib\index.js??vue-loader-options!F:\springboot32e20828n\springboot32e20828n\src\main\resources\admin\src\views\center.vue
<s> [webpack.Progress] 40% building 97/123 modules 26 active F:\springboot32e20828n\springboot32e20828n\src\main\resources\admin\node_modules\cache-loader\dist\cjs.js??ref--0-0!F:\springboot32e20828n\springboot32e20828n\src\main\resources\admin\node_modules\vue-loader\lib\index.js??vue-loader-options!F:\springboot32e20828n\springboot32e20828n\src\main\resources\admin\src\views\center.vue
<s> [webpack.Progress] 40% building 98/123 modules 25 active F:\springboot32e20828n\springboot32e20828n\src\main\resources\admin\node_modules\cache-loader\dist\cjs.js??ref--0-0!F:\springboot32e20828n\springboot32e20828n\src\main\resources\admin\node_modules\vue-loader\lib\index.js??vue-loader-options!F:\springboot32e20828n\springboot32e20828n\src\main\resources\admin\src\views\center.vue
<s> [webpack.Progress] 40% building 99/123 modules 24 active F:\springboot32e20828n\springboot32e20828n\src\main\resources\admin\node_modules\cache-loader\dist\cjs.js??ref--0-0!F:\springboot32e20828n\springboot32e20828n\src\main\resources\admin\node_modules\vue-loader\lib\index.js??vue-loader-options!F:\springboot32e20828n\springboot32e20828n\src\main\resources\admin\src\views\center.vue
<s> [webpack.Progress] 40% building 100/123 modules 23 active F:\springboot32e20828n\springboot32e20828n\src\main\resources\admin\node_modules\cache-loader\dist\cjs.js??ref--0-0!F:\springboot32e20828n\springboot32e20828n\src\main\resources\admin\node_modules\vue-loader\lib\index.js??vue-loader-options!F:\springboot32e20828n\springboot32e20828n\src\main\resources\admin\src\views\center.vue
<s> [webpack.Progress] 40% building 100/124 modules 24 active F:\springboot32e20828n\springboot32e20828n\src\main\resources\admin\node_modules\css-loader\dist\runtime\api.js
<s> [webpack.Progress] 40% building 101/124 modules 23 active F:\springboot32e20828n\springboot32e20828n\src\main\resources\admin\node_modules\css-loader\dist\runtime\api.js
<s> [webpack.Progress] 40% building 102/124 modules 22 active F:\springboot32e20828n\springboot32e20828n\src\main\resources\admin\node_modules\css-loader\dist\runtime\api.js
<s> [webpack.Progress] 40% building 103/124 modules 21 active F:\springboot32e20828n\springboot32e20828n\src\main\resources\admin\node_modules\css-loader\dist\runtime\api.js
<s> [webpack.Progress] 40% building 104/124 modules 20 active F:\springboot32e20828n\springboot32e20828n\src\main\resources\admin\node_modules\css-loader\dist\runtime\api.js
<s> [webpack.Progress] 40% building 105/124 modules 19 active F:\springboot32e20828n\springboot32e20828n\src\main\resources\admin\node_modules\css-loader\dist\runtime\api.js
<s> [webpack.Progress] 40% building 105/125 modules 20 active F:\springboot32e20828n\springboot32e20828n\src\main\resources\admin\node_modules\vue-loader\lib\runtime\componentNormalizer.js
<s> [webpack.Progress] 40% building 105/126 modules 21 active F:\springboot32e20828n\springboot32e20828n\src\main\resources\admin\node_modules\cache-loader\dist\cjs.js?{"cacheDirectory":"node_modules/.cache/vue-loader","cacheIdentifier":"457e6f19-vue-loader-template"}!F:\springboot32e20828n\springboot32e20828n\src\main\resources\admin\node_modules\vue-loader\lib\loaders\templateLoader.js??vue-loader-options!F:\springboot32e20828n\springboot32e20828n\src\main\resources\admin\node_modules\cache-loader\dist\cjs.js??ref--0-0!F:\springboot32e20828n\springboot32e20828n\src\main\resources\admin\node_modules\vue-loader\lib\index.js??vue-loader-options!F:\springboot32e20828n\springboot32e20828n\src\main\resources\admin\src\App.vue?vue&type=template&id=7ba5bd90&
<s> [webpack.Progress] 40% building 105/127 modules 22 active F:\springboot32e20828n\springboot32e20828n\src\main\resources\admin\node_modules\cache-loader\dist\cjs.js?{"cacheDirectory":"node_modules/.cache/vue-loader","cacheIdentifier":"457e6f19-vue-loader-template"}!F:\springboot32e20828n\springboot32e20828n\src\main\resources\admin\node_modules\vue-loader\lib\loaders\templateLoader.js??vue-loader-options!F:\springboot32e20828n\springboot32e20828n\src\main\resources\admin\node_modules\cache-loader\dist\cjs.js??ref--0-0!F:\springboot32e20828n\springboot32e20828n\src\main\resources\admin\node_modules\vue-loader\lib\index.js??vue-loader-options!F:\springboot32e20828n\springboot32e20828n\src\main\resources\admin\src\components\common\Editor.vue?vue&type=template&id=4c8019d1&
<s> [webpack.Progress] 40% building 105/128 modules 23 active F:\springboot32e20828n\springboot32e20828n\src\main\resources\admin\node_modules\cache-loader\dist\cjs.js?{"cacheDirectory":"node_modules/.cache/vue-loader","cacheIdentifier":"457e6f19-vue-loader-template"}!F:\springboot32e20828n\springboot32e20828n\src\main\resources\admin\node_modules\vue-loader\lib\loaders\templateLoader.js??vue-loader-options!F:\springboot32e20828n\springboot32e20828n\src\main\resources\admin\node_modules\cache-loader\dist\cjs.js??ref--0-0!F:\springboot32e20828n\springboot32e20828n\src\main\resources\admin\node_modules\vue-loader\lib\index.js??vue-loader-options!F:\springboot32e20828n\springboot32e20828n\src\main\resources\admin\src\components\common\BreadCrumbs.vue?vue&type=template&id=b290fa88&scoped=true&
<s> [webpack.Progress] 40% building 105/129 modules 24 active F:\springboot32e20828n\springboot32e20828n\src\main\resources\admin\node_modules\cache-loader\dist\cjs.js?{"cacheDirectory":"node_modules/.cache/vue-loader","cacheIdentifier":"457e6f19-vue-loader-template"}!F:\springboot32e20828n\springboot32e20828n\src\main\resources\admin\node_modules\vue-loader\lib\loaders\templateLoader.js??vue-loader-options!F:\springboot32e20828n\springboot32e20828n\src\main\resources\admin\node_modules\cache-loader\dist\cjs.js??ref--0-0!F:\springboot32e20828n\springboot32e20828n\src\main\resources\admin\node_modules\vue-loader\lib\index.js??vue-loader-options!F:\springboot32e20828n\springboot32e20828n\src\main\resources\admin\src\components\common\FileUpload.vue?vue&type=template&id=06e285fe&scoped=true&
<s> [webpack.Progress] 40% building 105/130 modules 25 active F:\springboot32e20828n\springboot32e20828n\src\main\resources\admin\node_modules\vue-style-loader\index.js??ref--6-oneOf-1-0!F:\springboot32e20828n\springboot32e20828n\src\main\resources\admin\node_modules\css-loader\dist\cjs.js??ref--6-oneOf-1-1!F:\springboot32e20828n\springboot32e20828n\src\main\resources\admin\node_modules\vue-loader\lib\loaders\stylePostLoader.js!F:\springboot32e20828n\springboot32e20828n\src\main\resources\admin\node_modules\postcss-loader\src\index.js??ref--6-oneOf-1-2!F:\springboot32e20828n\springboot32e20828n\src\main\resources\admin\node_modules\cache-loader\dist\cjs.js??ref--0-0!F:\springboot32e20828n\springboot32e20828n\src\main\resources\admin\node_modules\vue-loader\lib\index.js??vue-loader-options!F:\springboot32e20828n\springboot32e20828n\src\main\resources\admin\src\App.vue?vue&type=style&index=0&lang=css&
<s> [webpack.Progress] 40% building 106/130 modules 24 active F:\springboot32e20828n\springboot32e20828n\src\main\resources\admin\node_modules\cache-loader\dist\cjs.js?{"cacheDirectory":"node_modules/.cache/vue-loader","cacheIdentifier":"457e6f19-vue-loader-template"}!F:\springboot32e20828n\springboot32e20828n\src\main\resources\admin\node_modules\vue-loader\lib\loaders\templateLoader.js??vue-loader-options!F:\springboot32e20828n\springboot32e20828n\src\main\resources\admin\node_modules\cache-loader\dist\cjs.js??ref--0-0!F:\springboot32e20828n\springboot32e20828n\src\main\resources\admin\node_modules\vue-loader\lib\index.js??vue-loader-options!F:\springboot32e20828n\springboot32e20828n\src\main\resources\admin\src\components\common\FileUpload.vue?vue&type=template&id=06e285fe&scoped=true&
<s> [webpack.Progress] 40% building 106/131 modules 25 active F:\springboot32e20828n\springboot32e20828n\src\main\resources\admin\node_modules\vue-style-loader\index.js??ref--6-oneOf-1-0!F:\springboot32e20828n\springboot32e20828n\src\main\resources\admin\node_modules\css-loader\dist\cjs.js??ref--6-oneOf-1-1!F:\springboot32e20828n\springboot32e20828n\src\main\resources\admin\node_modules\vue-loader\lib\loaders\stylePostLoader.js!F:\springboot32e20828n\springboot32e20828n\src\main\resources\admin\node_modules\postcss-loader\src\index.js??ref--6-oneOf-1-2!F:\springboot32e20828n\springboot32e20828n\src\main\resources\admin\node_modules\cache-loader\dist\cjs.js??ref--0-0!F:\springboot32e20828n\springboot32e20828n\src\main\resources\admin\node_modules\vue-loader\lib\index.js??vue-loader-options!F:\springboot32e20828n\springboot32e20828n\src\main\resources\admin\src\components\common\Editor.vue?vue&type=style&index=0&lang=css&
<s> [webpack.Progress] 40% building 107/131 modules 24 active F:\springboot32e20828n\springboot32e20828n\src\main\resources\admin\node_modules\cache-loader\dist\cjs.js?{"cacheDirectory":"node_modules/.cache/vue-loader","cacheIdentifier":"457e6f19-vue-loader-template"}!F:\springboot32e20828n\springboot32e20828n\src\main\resources\admin\node_modules\vue-loader\lib\loaders\templateLoader.js??vue-loader-options!F:\springboot32e20828n\springboot32e20828n\src\main\resources\admin\node_modules\cache-loader\dist\cjs.js??ref--0-0!F:\springboot32e20828n\springboot32e20828n\src\main\resources\admin\node_modules\vue-loader\lib\index.js??vue-loader-options!F:\springboot32e20828n\springboot32e20828n\src\main\resources\admin\src\components\common\FileUpload.vue?vue&type=template&id=06e285fe&scoped=true&
<s> [webpack.Progress] 40% building 107/132 modules 25 active F:\springboot32e20828n\springboot32e20828n\src\main\resources\admin\node_modules\vue-style-loader\index.js??ref--8-oneOf-1-0!F:\springboot32e20828n\springboot32e20828n\src\main\resources\admin\node_modules\css-loader\dist\cjs.js??ref--8-oneOf-1-1!F:\springboot32e20828n\springboot32e20828n\src\main\resources\admin\node_modules\vue-loader\lib\loaders\stylePostLoader.js!F:\springboot32e20828n\springboot32e20828n\src\main\resources\admin\node_modules\postcss-loader\src\index.js??ref--8-oneOf-1-2!F:\springboot32e20828n\springboot32e20828n\src\main\resources\admin\node_modules\sass-loader\dist\cjs.js??ref--8-oneOf-1-3!F:\springboot32e20828n\springboot32e20828n\src\main\resources\admin\node_modules\cache-loader\dist\cjs.js??ref--0-0!F:\springboot32e20828n\springboot32e20828n\src\main\resources\admin\node_modules\vue-loader\lib\index.js??vue-loader-options!F:\springboot32e20828n\springboot32e20828n\src\main\resources\admin\src\components\common\BreadCrumbs.vue?vue&type=style&index=0&id=b290fa88&lang=scss&scoped=true&
<s> [webpack.Progress] 40% building 108/132 modules 24 active F:\springboot32e20828n\springboot32e20828n\src\main\resources\admin\node_modules\cache-loader\dist\cjs.js?{"cacheDirectory":"node_modules/.cache/vue-loader","cacheIdentifier":"457e6f19-vue-loader-template"}!F:\springboot32e20828n\springboot32e20828n\src\main\resources\admin\node_modules\vue-loader\lib\loaders\templateLoader.js??vue-loader-options!F:\springboot32e20828n\springboot32e20828n\src\main\resources\admin\node_modules\cache-loader\dist\cjs.js??ref--0-0!F:\springboot32e20828n\springboot32e20828n\src\main\resources\admin\node_modules\vue-loader\lib\index.js??vue-loader-options!F:\springboot32e20828n\springboot32e20828n\src\main\resources\admin\src\components\common\FileUpload.vue?vue&type=template&id=06e285fe&scoped=true&
<s> [webpack.Progress] 40% building 108/133 modules 25 active F:\springboot32e20828n\springboot32e20828n\src\main\resources\admin\node_modules\css-loader\dist\cjs.js??ref--6-oneOf-1-1!F:\springboot32e20828n\springboot32e20828n\src\main\resources\admin\node_modules\vue-loader\lib\loaders\stylePostLoader.js!F:\springboot32e20828n\springboot32e20828n\src\main\resources\admin\node_modules\postcss-loader\src\index.js??ref--6-oneOf-1-2!F:\springboot32e20828n\springboot32e20828n\src\main\resources\admin\node_modules\cache-loader\dist\cjs.js??ref--0-0!F:\springboot32e20828n\springboot32e20828n\src\main\resources\admin\node_modules\vue-loader\lib\index.js??vue-loader-options!F:\springboot32e20828n\springboot32e20828n\src\main\resources\admin\src\App.vue?vue&type=style&index=0&lang=css&
<s> [webpack.Progress] 40% building 108/134 modules 26 active F:\springboot32e20828n\springboot32e20828n\src\main\resources\admin\node_modules\css-loader\dist\cjs.js??ref--6-oneOf-1-1!F:\springboot32e20828n\springboot32e20828n\src\main\resources\admin\node_modules\vue-loader\lib\loaders\stylePostLoader.js!F:\springboot32e20828n\springboot32e20828n\src\main\resources\admin\node_modules\postcss-loader\src\index.js??ref--6-oneOf-1-2!F:\springboot32e20828n\springboot32e20828n\src\main\resources\admin\node_modules\cache-loader\dist\cjs.js??ref--0-0!F:\springboot32e20828n\springboot32e20828n\src\main\resources\admin\node_modules\vue-loader\lib\index.js??vue-loader-options!F:\springboot32e20828n\springboot32e20828n\src\main\resources\admin\src\components\common\Editor.vue?vue&type=style&index=0&lang=css&
<s> [webpack.Progress] 40% building 108/135 modules 27 active F:\springboot32e20828n\springboot32e20828n\src\main\resources\admin\node_modules\css-loader\dist\cjs.js??ref--8-oneOf-1-1!F:\springboot32e20828n\springboot32e20828n\src\main\resources\admin\node_modules\vue-loader\lib\loaders\stylePostLoader.js!F:\springboot32e20828n\springboot32e20828n\src\main\resources\admin\node_modules\postcss-loader\src\index.js??ref--8-oneOf-1-2!F:\springboot32e20828n\springboot32e20828n\src\main\resources\admin\node_modules\sass-loader\dist\cjs.js??ref--8-oneOf-1-3!F:\springboot32e20828n\springboot32e20828n\src\main\resources\admin\node_modules\cache-loader\dist\cjs.js??ref--0-0!F:\springboot32e20828n\springboot32e20828n\src\main\resources\admin\node_modules\vue-loader\lib\index.js??vue-loader-options!F:\springboot32e20828n\springboot32e20828n\src\main\resources\admin\src\components\common\BreadCrumbs.vue?vue&type=style&index=0&id=b290fa88&lang=scss&scoped=true&
<s> [webpack.Progress] 40% building 108/136 modules 28 active F:\springboot32e20828n\springboot32e20828n\src\main\resources\admin\node_modules\cache-loader\dist\cjs.js??ref--0-0!F:\springboot32e20828n\springboot32e20828n\src\main\resources\admin\node_modules\vue-loader\lib\index.js??vue-loader-options!F:\springboot32e20828n\springboot32e20828n\src\main\resources\admin\src\views\modules\renshiguanliyuan\list.vue
<s> [webpack.Progress] 40% building 108/137 modules 29 active F:\springboot32e20828n\springboot32e20828n\src\main\resources\admin\node_modules\cache-loader\dist\cjs.js??ref--0-0!F:\springboot32e20828n\springboot32e20828n\src\main\resources\admin\node_modules\vue-loader\lib\index.js??vue-loader-options!F:\springboot32e20828n\springboot32e20828n\src\main\resources\admin\src\views\modules\yuangongqiandao\list.vue
<s> [webpack.Progress] 40% building 108/138 modules 30 active F:\springboot32e20828n\springboot32e20828n\src\main\resources\admin\node_modules\cache-loader\dist\cjs.js??ref--0-0!F:\springboot32e20828n\springboot32e20828n\src\main\resources\admin\node_modules\vue-loader\lib\index.js??vue-loader-options!F:\springboot32e20828n\springboot32e20828n\src\main\resources\admin\src\views\modules\zhiweixinxi\list.vue
<s> [webpack.Progress] 40% building 108/139 modules 31 active F:\springboot32e20828n\springboot32e20828n\src\main\resources\admin\node_modules\cache-loader\dist\cjs.js??ref--0-0!F:\springboot32e20828n\springboot32e20828n\src\main\resources\admin\node_modules\vue-loader\lib\index.js??vue-loader-options!F:\springboot32e20828n\springboot32e20828n\src\main\resources\admin\src\views\modules\tongyixinxi\list.vue
<s> [webpack.Progress] 40% building 108/140 modules 32 active F:\springboot32e20828n\springboot32e20828n\src\main\resources\admin\node_modules\cache-loader\dist\cjs.js??ref--0-0!F:\springboot32e20828n\springboot32e20828n\src\main\resources\admin\node_modules\vue-loader\lib\index.js??vue-loader-options!F:\springboot32e20828n\springboot32e20828n\src\main\resources\admin\src\views\modules\yuangongxinzi\list.vue
<s> [webpack.Progress] 40% building 108/141 modules 33 active F:\springboot32e20828n\springboot32e20828n\src\main\resources\admin\node_modules\cache-loader\dist\cjs.js??ref--0-0!F:\springboot32e20828n\springboot32e20828n\src\main\resources\admin\node_modules\vue-loader\lib\index.js??vue-loader-options!F:\springboot32e20828n\springboot32e20828n\src\main\resources\admin\src\views\modules\zhiweidiaodong\list.vue
<s> [webpack.Progress] 40% building 108/142 modules 34 active F:\springboot32e20828n\springboot32e20828n\src\main\resources\admin\node_modules\cache-loader\dist\cjs.js??ref--0-0!F:\springboot32e20828n\springboot32e20828n\src\main\resources\admin\node_modules\vue-loader\lib\index.js??vue-loader-options!F:\springboot32e20828n\springboot32e20828n\src\main\resources\admin\src\views\modules\jixiaokaohe\list.vue
<s> [webpack.Progress] 40% building 108/143 modules 35 active F:\springboot32e20828n\springboot32e20828n\src\main\resources\admin\node_modules\cache-loader\dist\cjs.js??ref--0-0!F:\springboot32e20828n\springboot32e20828n\src\main\resources\admin\node_modules\vue-loader\lib\index.js??vue-loader-options!F:\springboot32e20828n\springboot32e20828n\src\main\resources\admin\src\views\modules\syslog\list.vue
<s> [webpack.Progress] 40% building 108/144 modules 36 active F:\springboot32e20828n\springboot32e20828n\src\main\resources\admin\node_modules\cache-loader\dist\cjs.js??ref--0-0!F:\springboot32e20828n\springboot32e20828n\src\main\resources\admin\node_modules\vue-loader\lib\index.js??vue-loader-options!F:\springboot32e20828n\springboot32e20828n\src\main\resources\admin\src\views\modules\users\list.vue
<s> [webpack.Progress] 40% building 108/145 modules 37 active F:\springboot32e20828n\springboot32e20828n\src\main\resources\admin\node_modules\cache-loader\dist\cjs.js??ref--0-0!F:\springboot32e20828n\springboot32e20828n\src\main\resources\admin\node_modules\vue-loader\lib\index.js??vue-loader-options!F:\springboot32e20828n\springboot32e20828n\src\main\resources\admin\src\views\modules\zhiweishensu\list.vue
<s> [webpack.Progress] 40% building 108/146 modules 38 active F:\springboot32e20828n\springboot32e20828n\src\main\resources\admin\node_modules\cache-loader\dist\cjs.js??ref--0-0!F:\springboot32e20828n\springboot32e20828n\src\main\resources\admin\node_modules\vue-loader\lib\index.js??vue-loader-options!F:\springboot32e20828n\springboot32e20828n\src\main\resources\admin\src\views\modules\qingjiashenqing\list.vue
<s> [webpack.Progress] 40% building 108/147 modules 39 active F:\springboot32e20828n\springboot32e20828n\src\main\resources\admin\node_modules\cache-loader\dist\cjs.js??ref--0-0!F:\springboot32e20828n\springboot32e20828n\src\main\resources\admin\node_modules\vue-loader\lib\index.js??vue-loader-options!F:\springboot32e20828n\springboot32e20828n\src\main\resources\admin\src\views\modules\config\list.vue
<s> [webpack.Progress] 40% building 108/148 modules 40 active F:\springboot32e20828n\springboot32e20828n\src\main\resources\admin\node_modules\cache-loader\dist\cjs.js??ref--0-0!F:\springboot32e20828n\springboot32e20828n\src\main\resources\admin\node_modules\vue-loader\lib\index.js??vue-loader-options!F:\springboot32e20828n\springboot32e20828n\src\main\resources\admin\src\views\modules\menu\list.vue
<s> [webpack.Progress] 40% building 109/148 modules 39 active F:\springboot32e20828n\springboot32e20828n\src\main\resources\admin\node_modules\cache-loader\dist\cjs.js??ref--0-0!F:\springboot32e20828n\springboot32e20828n\src\main\resources\admin\node_modules\vue-loader\lib\index.js??vue-loader-options!F:\springboot32e20828n\springboot32e20828n\src\main\resources\admin\src\views\modules\menu\list.vue
<s> [webpack.Progress] 40% building 110/148 modules 38 active F:\springboot32e20828n\springboot32e20828n\src\main\resources\admin\node_modules\cache-loader\dist\cjs.js??ref--0-0!F:\springboot32e20828n\springboot32e20828n\src\main\resources\admin\node_modules\vue-loader\lib\index.js??vue-loader-options!F:\springboot32e20828n\springboot32e20828n\src\main\resources\admin\src\views\modules\menu\list.vue
<s> [webpack.Progress] 40% building 110/149 modules 39 active F:\springboot32e20828n\springboot32e20828n\src\main\resources\admin\node_modules\echarts\lib\extension.js
<s> [webpack.Progress] 40% building 110/150 modules 40 active F:\springboot32e20828n\springboot32e20828n\src\main\resources\admin\node_modules\echarts\lib\export\core.js
<s> [webpack.Progress] 40% building 110/151 modules 41 active F:\springboot32e20828n\springboot32e20828n\src\main\resources\admin\node_modules\echarts\lib\export\features.js
<s> [webpack.Progress] 40% building 110/152 modules 42 active F:\springboot32e20828n\springboot32e20828n\src\main\resources\admin\node_modules\querystring-es3\decode.js
<s> [webpack.Progress] 40% building 111/152 modules 41 active F:\springboot32e20828n\springboot32e20828n\src\main\resources\admin\node_modules\querystring-es3\decode.js
<s> [webpack.Progress] 40% building 112/152 modules 40 active F:\springboot32e20828n\springboot32e20828n\src\main\resources\admin\node_modules\querystring-es3\decode.js
<s> [webpack.Progress] 40% building 112/153 modules 41 active F:\springboot32e20828n\springboot32e20828n\src\main\resources\admin\node_modules\querystring-es3\encode.js
<s> [webpack.Progress] 40% building 112/154 modules 42 active F:\springboot32e20828n\springboot32e20828n\src\main\resources\admin\node_modules\vue-hot-reload-api\dist\index.js
<s> [webpack.Progress] 40% building 113/154 modules 41 active F:\springboot32e20828n\springboot32e20828n\src\main\resources\admin\node_modules\vue-hot-reload-api\dist\index.js
<s> [webpack.Progress] 40% building 113/155 modules 42 active F:\springboot32e20828n\springboot32e20828n\src\main\resources\admin\node_modules\core-js\internals\object-to-string.js
<s> [webpack.Progress] 40% building 113/156 modules 43 active F:\springboot32e20828n\springboot32e20828n\src\main\resources\admin\node_modules\core-js\internals\to-string-tag-support.js
<s> [webpack.Progress] 40% building 114/156 modules 42 active F:\springboot32e20828n\springboot32e20828n\src\main\resources\admin\node_modules\core-js\internals\to-string-tag-support.js
<s> [webpack.Progress] 40% building 114/157 modules 43 active F:\springboot32e20828n\springboot32e20828n\src\main\resources\admin\node_modules\webpack\buildin\amd-options.js
<s> [webpack.Progress] 40% building 114/158 modules 44 active F:\springboot32e20828n\springboot32e20828n\src\main\resources\admin\node_modules\vue-style-loader\lib\listToStyles.js
<s> [webpack.Progress] 40% building 115/158 modules 43 active F:\springboot32e20828n\springboot32e20828n\src\main\resources\admin\node_modules\vue-style-loader\lib\listToStyles.js
<s> [webpack.Progress] 40% building 116/158 modules 42 active F:\springboot32e20828n\springboot32e20828n\src\main\resources\admin\node_modules\vue-style-loader\lib\listToStyles.js
<s> [webpack.Progress] 40% building 117/158 modules 41 active F:\springboot32e20828n\springboot32e20828n\src\main\resources\admin\node_modules\vue-style-loader\lib\listToStyles.js
<s> [webpack.Progress] 40% building 117/159 modules 42 active F:\springboot32e20828n\springboot32e20828n\src\main\resources\admin\node_modules\html-entities\lib\xml-entities.js
<s> [webpack.Progress] 40% building 117/160 modules 43 active F:\springboot32e20828n\springboot32e20828n\src\main\resources\admin\node_modules\html-entities\lib\html5-entities.js
<s> [webpack.Progress] 40% building 117/161 modules 44 active F:\springboot32e20828n\springboot32e20828n\src\main\resources\admin\node_modules\html-entities\lib\html4-entities.js
<s> [webpack.Progress] 40% building 118/161 modules 43 active F:\springboot32e20828n\springboot32e20828n\src\main\resources\admin\node_modules\html-entities\lib\html4-entities.js
<s> [webpack.Progress] 40% building 119/161 modules 42 active F:\springboot32e20828n\springboot32e20828n\src\main\resources\admin\node_modules\html-entities\lib\html4-entities.js
<s> [webpack.Progress] 40% building 120/161 modules 41 active F:\springboot32e20828n\springboot32e20828n\src\main\resources\admin\node_modules\html-entities\lib\html4-entities.js
<s> [webpack.Progress] 40% building 121/161 modules 40 active F:\springboot32e20828n\springboot32e20828n\src\main\resources\admin\node_modules\html-entities\lib\html4-entities.js
<s> [webpack.Progress] 40% building 121/162 modules 41 active F:\springboot32e20828n\springboot32e20828n\src\main\resources\admin\node_modules\core-js\internals\indexed-object.js
<s> [webpack.Progress] 40% building 121/163 modules 42 active F:\springboot32e20828n\springboot32e20828n\src\main\resources\admin\node_modules\core-js\internals\descriptors.js
<s> [webpack.Progress] 40% building 121/164 modules 43 active F:\springboot32e20828n\springboot32e20828n\src\main\resources\admin\node_modules\core-js\internals\object-define-property.js
<s> [webpack.Progress] 40% building 121/165 modules 44 active F:\springboot32e20828n\springboot32e20828n\src\main\resources\admin\node_modules\core-js\internals\path.js
<s> [webpack.Progress] 40% building 121/166 modules 45 active F:\springboot32e20828n\springboot32e20828n\src\main\resources\admin\node_modules\core-js\internals\require-object-coercible.js
<s> [webpack.Progress] 40% building 121/167 modules 46 active F:\springboot32e20828n\springboot32e20828n\src\main\resources\admin\node_modules\core-js\internals\an-object.js
<s> [webpack.Progress] 40% building 121/168 modules 47 active F:\springboot32e20828n\springboot32e20828n\src\main\resources\admin\node_modules\core-js\internals\copy-constructor-properties.js
<s> [webpack.Progress] 40% building 121/169 modules 48 active F:\springboot32e20828n\springboot32e20828n\src\main\resources\admin\node_modules\core-js\internals\set-global.js
<s> [webpack.Progress] 40% building 121/170 modules 49 active F:\springboot32e20828n\springboot32e20828n\src\main\resources\admin\node_modules\core-js\internals\object-get-own-property-descriptor.js
<s> [webpack.Progress] 40% building 121/171 modules 50 active F:\springboot32e20828n\springboot32e20828n\src\main\resources\admin\node_modules\core-js\internals\iterators-core.js
<s> [webpack.Progress] 40% building 122/171 modules 49 active F:\springboot32e20828n\springboot32e20828n\src\main\resources\admin\node_modules\core-js\internals\iterators-core.js
<s> [webpack.Progress] 40% building 122/172 modules 50 active F:\springboot32e20828n\springboot32e20828n\src\main\resources\admin\node_modules\core-js\internals\create-non-enumerable-property.js
<s> [webpack.Progress] 40% building 122/173 modules 51 active F:\springboot32e20828n\springboot32e20828n\src\main\resources\admin\node_modules\core-js\internals\shared-store.js
<s> [webpack.Progress] 40% building 122/174 modules 52 active F:\springboot32e20828n\springboot32e20828n\src\main\resources\admin\node_modules\core-js\internals\hidden-keys.js
<s> [webpack.Progress] 40% building 122/175 modules 53 active F:\springboot32e20828n\springboot32e20828n\src\main\resources\admin\node_modules\core-js\internals\object-set-prototype-of.js
<s> [webpack.Progress] 40% building 122/176 modules 54 active F:\springboot32e20828n\springboot32e20828n\src\main\resources\admin\node_modules\core-js\internals\native-weak-map.js
<s> [webpack.Progress] 40% building 122/177 modules 55 active F:\springboot32e20828n\springboot32e20828n\src\main\resources\admin\node_modules\core-js\internals\has.js
<s> [webpack.Progress] 40% building 122/178 modules 56 active F:\springboot32e20828n\springboot32e20828n\src\main\resources\admin\node_modules\core-js\internals\shared-key.js
<s> [webpack.Progress] 40% building 122/179 modules 57 active F:\springboot32e20828n\springboot32e20828n\src\main\resources\admin\node_modules\core-js\internals\call-with-safe-iteration-closing.js
<s> [webpack.Progress] 40% building 122/180 modules 58 active F:\springboot32e20828n\springboot32e20828n\src\main\resources\admin\node_modules\core-js\internals\engine-is-ios.js
<s> [webpack.Progress] 40% building 122/181 modules 59 active F:\springboot32e20828n\springboot32e20828n\src\main\resources\admin\node_modules\core-js\internals\get-iterator-method.js
<s> [webpack.Progress] 40% building 122/182 modules 60 active F:\springboot32e20828n\springboot32e20828n\src\main\resources\admin\node_modules\core-js\internals\engine-user-agent.js
<s> [webpack.Progress] 40% building 122/183 modules 61 active F:\springboot32e20828n\springboot32e20828n\src\main\resources\admin\node_modules\core-js\internals\use-symbol-as-uid.js
<s> [webpack.Progress] 40% building 122/184 modules 62 active F:\springboot32e20828n\springboot32e20828n\src\main\resources\admin\node_modules\core-js\internals\fix-regexp-well-known-symbol-logic.js
<s> [webpack.Progress] 40% building 122/185 modules 63 active F:\springboot32e20828n\springboot32e20828n\src\main\resources\admin\node_modules\core-js\internals\regexp-exec.js
<s> [webpack.Progress] 40% building 123/185 modules 62 active F:\springboot32e20828n\springboot32e20828n\src\main\resources\admin\node_modules\core-js\internals\regexp-exec.js
<s> [webpack.Progress] 40% building 124/185 modules 61 active F:\springboot32e20828n\springboot32e20828n\src\main\resources\admin\node_modules\core-js\internals\regexp-exec.js
<s> [webpack.Progress] 40% building 125/185 modules 60 active F:\springboot32e20828n\springboot32e20828n\src\main\resources\admin\node_modules\core-js\internals\regexp-exec.js
<s> [webpack.Progress] 40% building 126/185 modules 59 active F:\springboot32e20828n\springboot32e20828n\src\main\resources\admin\node_modules\core-js\internals\regexp-exec.js
<s> [webpack.Progress] 40% building 127/185 modules 58 active F:\springboot32e20828n\springboot32e20828n\src\main\resources\admin\node_modules\core-js\internals\regexp-exec.js
<s> [webpack.Progress] 40% building 128/185 modules 57 active F:\springboot32e20828n\springboot32e20828n\src\main\resources\admin\node_modules\core-js\internals\regexp-exec.js
<s> [webpack.Progress] 40% building 129/185 modules 56 active F:\springboot32e20828n\springboot32e20828n\src\main\resources\admin\node_modules\core-js\internals\regexp-exec.js
<s> [webpack.Progress] 40% building 130/185 modules 55 active F:\springboot32e20828n\springboot32e20828n\src\main\resources\admin\node_modules\core-js\internals\regexp-exec.js
<s> [webpack.Progress] 40% building 130/186 modules 56 active F:\springboot32e20828n\springboot32e20828n\src\main\resources\admin\node_modules\core-js\internals\to-absolute-index.js
<s> [webpack.Progress] 40% building 130/187 modules 57 active F:\springboot32e20828n\springboot32e20828n\src\main\resources\admin\node_modules\core-js\internals\regexp-exec-abstract.js
<s> [webpack.Progress] 40% building 131/187 modules 56 active F:\springboot32e20828n\springboot32e20828n\src\main\resources\admin\node_modules\core-js\internals\regexp-exec-abstract.js
<s> [webpack.Progress] 40% building 132/187 modules 55 active F:\springboot32e20828n\springboot32e20828n\src\main\resources\admin\node_modules\core-js\internals\regexp-exec-abstract.js
<s> [webpack.Progress] 40% building 133/187 modules 54 active F:\springboot32e20828n\springboot32e20828n\src\main\resources\admin\node_modules\core-js\internals\regexp-exec-abstract.js
<s> [webpack.Progress] 40% building 134/187 modules 53 active F:\springboot32e20828n\springboot32e20828n\src\main\resources\admin\node_modules\core-js\internals\regexp-exec-abstract.js
<s> [webpack.Progress] 40% building 135/187 modules 52 active F:\springboot32e20828n\springboot32e20828n\src\main\resources\admin\node_modules\core-js\internals\regexp-exec-abstract.js
<s> [webpack.Progress] 40% building 135/188 modules 53 active F:\springboot32e20828n\springboot32e20828n\src\main\resources\admin\node_modules\vue-loader\lib\loaders\pitcher.js??ref--4!F:\springboot32e20828n\springboot32e20828n\src\main\resources\admin\node_modules\cache-loader\dist\cjs.js??ref--0-0!F:\springboot32e20828n\springboot32e20828n\src\main\resources\admin\node_modules\vue-loader\lib\index.js??vue-loader-options!F:\springboot32e20828n\springboot32e20828n\src\main\resources\admin\src\views\index.vue?vue&type=template&id=a83bd3b0&scoped=true&
<s> [webpack.Progress] 40% building 136/188 modules 52 active F:\springboot32e20828n\springboot32e20828n\src\main\resources\admin\node_modules\core-js\internals\regexp-exec-abstract.js
<s> [webpack.Progress] 40% building 136/189 modules 53 active F:\springboot32e20828n\springboot32e20828n\src\main\resources\admin\node_modules\cache-loader\dist\cjs.js?{"cacheDirectory":"node_modules/.cache/vue-loader","cacheIdentifier":"457e6f19-vue-loader-template"}!F:\springboot32e20828n\springboot32e20828n\src\main\resources\admin\node_modules\vue-loader\lib\loaders\templateLoader.js??vue-loader-options!F:\springboot32e20828n\springboot32e20828n\src\main\resources\admin\node_modules\cache-loader\dist\cjs.js??ref--0-0!F:\springboot32e20828n\springboot32e20828n\src\main\resources\admin\node_modules\vue-loader\lib\index.js??vue-loader-options!F:\springboot32e20828n\springboot32e20828n\src\main\resources\admin\src\views\index.vue?vue&type=template&id=a83bd3b0&scoped=true&
<s> [webpack.Progress] 40% building 136/190 modules 54 active F:\springboot32e20828n\springboot32e20828n\src\main\resources\admin\node_modules\vue-loader\lib\loaders\pitcher.js??ref--4!F:\springboot32e20828n\springboot32e20828n\src\main\resources\admin\node_modules\cache-loader\dist\cjs.js??ref--0-0!F:\springboot32e20828n\springboot32e20828n\src\main\resources\admin\node_modules\vue-loader\lib\index.js??vue-loader-options!F:\springboot32e20828n\springboot32e20828n\src\main\resources\admin\src\views\login.vue?vue&type=template&id=7589b93f&scoped=true&
<s> [webpack.Progress] 40% building 137/190 modules 53 active F:\springboot32e20828n\springboot32e20828n\src\main\resources\admin\node_modules\cache-loader\dist\cjs.js?{"cacheDirectory":"node_modules/.cache/vue-loader","cacheIdentifier":"457e6f19-vue-loader-template"}!F:\springboot32e20828n\springboot32e20828n\src\main\resources\admin\node_modules\vue-loader\lib\loaders\templateLoader.js??vue-loader-options!F:\springboot32e20828n\springboot32e20828n\src\main\resources\admin\node_modules\cache-loader\dist\cjs.js??ref--0-0!F:\springboot32e20828n\springboot32e20828n\src\main\resources\admin\node_modules\vue-loader\lib\index.js??vue-loader-options!F:\springboot32e20828n\springboot32e20828n\src\main\resources\admin\src\views\index.vue?vue&type=template&id=a83bd3b0&scoped=true&
<s> [webpack.Progress] 40% building 137/191 modules 54 active F:\springboot32e20828n\springboot32e20828n\src\main\resources\admin\node_modules\cache-loader\dist\cjs.js?{"cacheDirectory":"node_modules/.cache/vue-loader","cacheIdentifier":"457e6f19-vue-loader-template"}!F:\springboot32e20828n\springboot32e20828n\src\main\resources\admin\node_modules\vue-loader\lib\loaders\templateLoader.js??vue-loader-options!F:\springboot32e20828n\springboot32e20828n\src\main\resources\admin\node_modules\cache-loader\dist\cjs.js??ref--0-0!F:\springboot32e20828n\springboot32e20828n\src\main\resources\admin\node_modules\vue-loader\lib\index.js??vue-loader-options!F:\springboot32e20828n\springboot32e20828n\src\main\resources\admin\src\views\login.vue?vue&type=template&id=7589b93f&scoped=true&
<s> [webpack.Progress] 40% building 137/192 modules 55 active F:\springboot32e20828n\springboot32e20828n\src\main\resources\admin\node_modules\vue-loader\lib\loaders\pitcher.js??ref--4!F:\springboot32e20828n\springboot32e20828n\src\main\resources\admin\node_modules\cache-loader\dist\cjs.js??ref--0-0!F:\springboot32e20828n\springboot32e20828n\src\main\resources\admin\node_modules\vue-loader\lib\index.js??vue-loader-options!F:\springboot32e20828n\springboot32e20828n\src\main\resources\admin\src\views\home.vue?vue&type=template&id=7eb2bc79&scoped=true&
<s> [webpack.Progress] 40% building 138/192 modules 54 active F:\springboot32e20828n\springboot32e20828n\src\main\resources\admin\node_modules\cache-loader\dist\cjs.js?{"cacheDirectory":"node_modules/.cache/vue-loader","cacheIdentifier":"457e6f19-vue-loader-template"}!F:\springboot32e20828n\springboot32e20828n\src\main\resources\admin\node_modules\vue-loader\lib\loaders\templateLoader.js??vue-loader-options!F:\springboot32e20828n\springboot32e20828n\src\main\resources\admin\node_modules\cache-loader\dist\cjs.js??ref--0-0!F:\springboot32e20828n\springboot32e20828n\src\main\resources\admin\node_modules\vue-loader\lib\index.js??vue-loader-options!F:\springboot32e20828n\springboot32e20828n\src\main\resources\admin\src\views\login.vue?vue&type=template&id=7589b93f&scoped=true&
<s> [webpack.Progress] 40% building 138/193 modules 55 active F:\springboot32e20828n\springboot32e20828n\src\main\resources\admin\node_modules\cache-loader\dist\cjs.js?{"cacheDirectory":"node_modules/.cache/vue-loader","cacheIdentifier":"457e6f19-vue-loader-template"}!F:\springboot32e20828n\springboot32e20828n\src\main\resources\admin\node_modules\vue-loader\lib\loaders\templateLoader.js??vue-loader-options!F:\springboot32e20828n\springboot32e20828n\src\main\resources\admin\node_modules\cache-loader\dist\cjs.js??ref--0-0!F:\springboot32e20828n\springboot32e20828n\src\main\resources\admin\node_modules\vue-loader\lib\index.js??vue-loader-options!F:\springboot32e20828n\springboot32e20828n\src\main\resources\admin\src\views\home.vue?vue&type=template&id=7eb2bc79&scoped=true&
<s> [webpack.Progress] 40% building 138/194 modules 56 active F:\springboot32e20828n\springboot32e20828n\src\main\resources\admin\node_modules\vue-loader\lib\loaders\pitcher.js??ref--4!F:\springboot32e20828n\springboot32e20828n\src\main\resources\admin\node_modules\cache-loader\dist\cjs.js??ref--0-0!F:\springboot32e20828n\springboot32e20828n\src\main\resources\admin\node_modules\vue-loader\lib\index.js??vue-loader-options!F:\springboot32e20828n\springboot32e20828n\src\main\resources\admin\src\views\404.vue?vue&type=template&id=6b3aeb0e&scoped=true&
<s> [webpack.Progress] 40% building 139/194 modules 55 active F:\springboot32e20828n\springboot32e20828n\src\main\resources\admin\node_modules\cache-loader\dist\cjs.js?{"cacheDirectory":"node_modules/.cache/vue-loader","cacheIdentifier":"457e6f19-vue-loader-template"}!F:\springboot32e20828n\springboot32e20828n\src\main\resources\admin\node_modules\vue-loader\lib\loaders\templateLoader.js??vue-loader-options!F:\springboot32e20828n\springboot32e20828n\src\main\resources\admin\node_modules\cache-loader\dist\cjs.js??ref--0-0!F:\springboot32e20828n\springboot32e20828n\src\main\resources\admin\node_modules\vue-loader\lib\index.js??vue-loader-options!F:\springboot32e20828n\springboot32e20828n\src\main\resources\admin\src\views\home.vue?vue&type=template&id=7eb2bc79&scoped=true&
<s> [webpack.Progress] 40% building 139/195 modules 56 active F:\springboot32e20828n\springboot32e20828n\src\main\resources\admin\node_modules\cache-loader\dist\cjs.js?{"cacheDirectory":"node_modules/.cache/vue-loader","cacheIdentifier":"457e6f19-vue-loader-template"}!F:\springboot32e20828n\springboot32e20828n\src\main\resources\admin\node_modules\vue-loader\lib\loaders\templateLoader.js??vue-loader-options!F:\springboot32e20828n\springboot32e20828n\src\main\resources\admin\node_modules\cache-loader\dist\cjs.js??ref--0-0!F:\springboot32e20828n\springboot32e20828n\src\main\resources\admin\node_modules\vue-loader\lib\index.js??vue-loader-options!F:\springboot32e20828n\springboot32e20828n\src\main\resources\admin\src\views\404.vue?vue&type=template&id=6b3aeb0e&scoped=true&
<s> [webpack.Progress] 40% building 139/196 modules 57 active F:\springboot32e20828n\springboot32e20828n\src\main\resources\admin\node_modules\vue-loader\lib\loaders\pitcher.js??ref--4!F:\springboot32e20828n\springboot32e20828n\src\main\resources\admin\node_modules\cache-loader\dist\cjs.js??ref--0-0!F:\springboot32e20828n\springboot32e20828n\src\main\resources\admin\node_modules\vue-loader\lib\index.js??vue-loader-options!F:\springboot32e20828n\springboot32e20828n\src\main\resources\admin\src\views\register.vue?vue&type=template&id=77453986&scoped=true&
<s> [webpack.Progress] 40% building 140/196 modules 56 active F:\springboot32e20828n\springboot32e20828n\src\main\resources\admin\node_modules\cache-loader\dist\cjs.js?{"cacheDirectory":"node_modules/.cache/vue-loader","cacheIdentifier":"457e6f19-vue-loader-template"}!F:\springboot32e20828n\springboot32e20828n\src\main\resources\admin\node_modules\vue-loader\lib\loaders\templateLoader.js??vue-loader-options!F:\springboot32e20828n\springboot32e20828n\src\main\resources\admin\node_modules\cache-loader\dist\cjs.js??ref--0-0!F:\springboot32e20828n\springboot32e20828n\src\main\resources\admin\node_modules\vue-loader\lib\index.js??vue-loader-options!F:\springboot32e20828n\springboot32e20828n\src\main\resources\admin\src\views\404.vue?vue&type=template&id=6b3aeb0e&scoped=true&
<s> [webpack.Progress] 40% building 140/197 modules 57 active F:\springboot32e20828n\springboot32e20828n\src\main\resources\admin\node_modules\cache-loader\dist\cjs.js?{"cacheDirectory":"node_modules/.cache/vue-loader","cacheIdentifier":"457e6f19-vue-loader-template"}!F:\springboot32e20828n\springboot32e20828n\src\main\resources\admin\node_modules\vue-loader\lib\loaders\templateLoader.js??vue-loader-options!F:\springboot32e20828n\springboot32e20828n\src\main\resources\admin\node_modules\cache-loader\dist\cjs.js??ref--0-0!F:\springboot32e20828n\springboot32e20828n\src\main\resources\admin\node_modules\vue-loader\lib\index.js??vue-loader-options!F:\springboot32e20828n\springboot32e20828n\src\main\resources\admin\src\views\register.vue?vue&type=template&id=77453986&scoped=true&
<s> [webpack.Progress] 40% building 140/198 modules 58 active F:\springboot32e20828n\springboot32e20828n\src\main\resources\admin\node_modules\vue-loader\lib\loaders\pitcher.js??ref--4!F:\springboot32e20828n\springboot32e20828n\src\main\resources\admin\node_modules\cache-loader\dist\cjs.js??ref--0-0!F:\springboot32e20828n\springboot32e20828n\src\main\resources\admin\node_modules\vue-loader\lib\index.js??vue-loader-options!F:\springboot32e20828n\springboot32e20828n\src\main\resources\admin\src\views\pay.vue?vue&type=template&id=289a9a7e&scoped=true&
<s> [webpack.Progress] 40% building 141/198 modules 57 active F:\springboot32e20828n\springboot32e20828n\src\main\resources\admin\node_modules\cache-loader\dist\cjs.js?{"cacheDirectory":"node_modules/.cache/vue-loader","cacheIdentifier":"457e6f19-vue-loader-template"}!F:\springboot32e20828n\springboot32e20828n\src\main\resources\admin\node_modules\vue-loader\lib\loaders\templateLoader.js??vue-loader-options!F:\springboot32e20828n\springboot32e20828n\src\main\resources\admin\node_modules\cache-loader\dist\cjs.js??ref--0-0!F:\springboot32e20828n\springboot32e20828n\src\main\resources\admin\node_modules\vue-loader\lib\index.js??vue-loader-options!F:\springboot32e20828n\springboot32e20828n\src\main\resources\admin\src\views\register.vue?vue&type=template&id=77453986&scoped=true&
<s> [webpack.Progress] 40% building 141/199 modules 58 active F:\springboot32e20828n\springboot32e20828n\src\main\resources\admin\node_modules\cache-loader\dist\cjs.js?{"cacheDirectory":"node_modules/.cache/vue-loader","cacheIdentifier":"457e6f19-vue-loader-template"}!F:\springboot32e20828n\springboot32e20828n\src\main\resources\admin\node_modules\vue-loader\lib\loaders\templateLoader.js??vue-loader-options!F:\springboot32e20828n\springboot32e20828n\src\main\resources\admin\node_modules\cache-loader\dist\cjs.js??ref--0-0!F:\springboot32e20828n\springboot32e20828n\src\main\resources\admin\node_modules\vue-loader\lib\index.js??vue-loader-options!F:\springboot32e20828n\springboot32e20828n\src\main\resources\admin\src\views\pay.vue?vue&type=template&id=289a9a7e&scoped=true&
<s> [webpack.Progress] 40% building 141/200 modules 59 active F:\springboot32e20828n\springboot32e20828n\src\main\resources\admin\node_modules\vue-loader\lib\loaders\pitcher.js??ref--4!F:\springboot32e20828n\springboot32e20828n\src\main\resources\admin\node_modules\cache-loader\dist\cjs.js??ref--0-0!F:\springboot32e20828n\springboot32e20828n\src\main\resources\admin\node_modules\vue-loader\lib\index.js??vue-loader-options!F:\springboot32e20828n\springboot32e20828n\src\main\resources\admin\src\views\center.vue?vue&type=template&id=288a5f22&scoped=true&
<s> [webpack.Progress] 40% building 142/200 modules 58 active F:\springboot32e20828n\springboot32e20828n\src\main\resources\admin\node_modules\cache-loader\dist\cjs.js?{"cacheDirectory":"node_modules/.cache/vue-loader","cacheIdentifier":"457e6f19-vue-loader-template"}!F:\springboot32e20828n\springboot32e20828n\src\main\resources\admin\node_modules\vue-loader\lib\loaders\templateLoader.js??vue-loader-options!F:\springboot32e20828n\springboot32e20828n\src\main\resources\admin\node_modules\cache-loader\dist\cjs.js??ref--0-0!F:\springboot32e20828n\springboot32e20828n\src\main\resources\admin\node_modules\vue-loader\lib\index.js??vue-loader-options!F:\springboot32e20828n\springboot32e20828n\src\main\resources\admin\src\views\pay.vue?vue&type=template&id=289a9a7e&scoped=true&
<s> [webpack.Progress] 40% building 142/201 modules 59 active F:\springboot32e20828n\springboot32e20828n\src\main\resources\admin\node_modules\cache-loader\dist\cjs.js?{"cacheDirectory":"node_modules/.cache/vue-loader","cacheIdentifier":"457e6f19-vue-loader-template"}!F:\springboot32e20828n\springboot32e20828n\src\main\resources\admin\node_modules\vue-loader\lib\loaders\templateLoader.js??vue-loader-options!F:\springboot32e20828n\springboot32e20828n\src\main\resources\admin\node_modules\cache-loader\dist\cjs.js??ref--0-0!F:\springboot32e20828n\springboot32e20828n\src\main\resources\admin\node_modules\vue-loader\lib\index.js??vue-loader-options!F:\springboot32e20828n\springboot32e20828n\src\main\resources\admin\src\views\center.vue?vue&type=template&id=288a5f22&scoped=true&
<s> [webpack.Progress] 40% building 142/202 modules 60 active F:\springboot32e20828n\springboot32e20828n\src\main\resources\admin\node_modules\vue-loader\lib\loaders\pitcher.js??ref--4!F:\springboot32e20828n\springboot32e20828n\src\main\resources\admin\node_modules\cache-loader\dist\cjs.js??ref--0-0!F:\springboot32e20828n\springboot32e20828n\src\main\resources\admin\node_modules\vue-loader\lib\index.js??vue-loader-options!F:\springboot32e20828n\springboot32e20828n\src\main\resources\admin\src\views\update-password.vue?vue&type=template&id=467fc075&scoped=true&
<s> [webpack.Progress] 40% building 143/202 modules 59 active F:\springboot32e20828n\springboot32e20828n\src\main\resources\admin\node_modules\cache-loader\dist\cjs.js?{"cacheDirectory":"node_modules/.cache/vue-loader","cacheIdentifier":"457e6f19-vue-loader-template"}!F:\springboot32e20828n\springboot32e20828n\src\main\resources\admin\node_modules\vue-loader\lib\loaders\templateLoader.js??vue-loader-options!F:\springboot32e20828n\springboot32e20828n\src\main\resources\admin\node_modules\cache-loader\dist\cjs.js??ref--0-0!F:\springboot32e20828n\springboot32e20828n\src\main\resources\admin\node_modules\vue-loader\lib\index.js??vue-loader-options!F:\springboot32e20828n\springboot32e20828n\src\main\resources\admin\src\views\center.vue?vue&type=template&id=288a5f22&scoped=true&
<s> [webpack.Progress] 40% building 143/203 modules 60 active F:\springboot32e20828n\springboot32e20828n\src\main\resources\admin\node_modules\cache-loader\dist\cjs.js?{"cacheDirectory":"node_modules/.cache/vue-loader","cacheIdentifier":"457e6f19-vue-loader-template"}!F:\springboot32e20828n\springboot32e20828n\src\main\resources\admin\node_modules\vue-loader\lib\loaders\templateLoader.js??vue-loader-options!F:\springboot32e20828n\springboot32e20828n\src\main\resources\admin\node_modules\cache-loader\dist\cjs.js??ref--0-0!F:\springboot32e20828n\springboot32e20828n\src\main\resources\admin\node_modules\vue-loader\lib\index.js??vue-loader-options!F:\springboot32e20828n\springboot32e20828n\src\main\resources\admin\src\views\update-password.vue?vue&type=template&id=467fc075&scoped=true&
<s> [webpack.Progress] 40% building 144/203 modules 59 active F:\springboot32e20828n\springboot32e20828n\src\main\resources\admin\node_modules\cache-loader\dist\cjs.js?{"cacheDirectory":"node_modules/.cache/vue-loader","cacheIdentifier":"457e6f19-vue-loader-template"}!F:\springboot32e20828n\springboot32e20828n\src\main\resources\admin\node_modules\vue-loader\lib\loaders\templateLoader.js??vue-loader-options!F:\springboot32e20828n\springboot32e20828n\src\main\resources\admin\node_modules\cache-loader\dist\cjs.js??ref--0-0!F:\springboot32e20828n\springboot32e20828n\src\main\resources\admin\node_modules\vue-loader\lib\index.js??vue-loader-options!F:\springboot32e20828n\springboot32e20828n\src\main\resources\admin\src\views\update-password.vue?vue&type=template&id=467fc075&scoped=true&
<s> [webpack.Progress] 40% building 144/204 modules 60 active F:\springboot32e20828n\springboot32e20828n\src\main\resources\admin\node_modules\core-js\internals\to-length.js
<s> [webpack.Progress] 40% building 145/204 modules 59 active F:\springboot32e20828n\springboot32e20828n\src\main\resources\admin\node_modules\core-js\internals\to-length.js
<s> [webpack.Progress] 40% building 146/204 modules 58 active F:\springboot32e20828n\springboot32e20828n\src\main\resources\admin\node_modules\core-js\internals\to-length.js
<s> [webpack.Progress] 40% building 146/205 modules 59 active F:\springboot32e20828n\springboot32e20828n\src\main\resources\admin\node_modules\axios\index.js
<s> [webpack.Progress] 40% building 147/205 modules 58 active F:\springboot32e20828n\springboot32e20828n\src\main\resources\admin\node_modules\axios\index.js
<s> [webpack.Progress] 40% building 147/206 modules 59 active F:\springboot32e20828n\springboot32e20828n\src\main\resources\admin\node_modules\echarts-wordcloud\src\wordCloud.js
<s> [webpack.Progress] 40% building 148/206 modules 58 active F:\springboot32e20828n\springboot32e20828n\src\main\resources\admin\node_modules\echarts-wordcloud\src\wordCloud.js
<s> [webpack.Progress] 40% building 149/206 modules 57 active F:\springboot32e20828n\springboot32e20828n\src\main\resources\admin\node_modules\echarts-wordcloud\src\wordCloud.js
<s> [webpack.Progress] 40% building 150/206 modules 56 active F:\springboot32e20828n\springboot32e20828n\src\main\resources\admin\node_modules\echarts-wordcloud\src\wordCloud.js
<s> [webpack.Progress] 40% building 151/206 modules 55 active F:\springboot32e20828n\springboot32e20828n\src\main\resources\admin\node_modules\echarts-wordcloud\src\wordCloud.js
<s> [webpack.Progress] 40% building 152/206 modules 54 active F:\springboot32e20828n\springboot32e20828n\src\main\resources\admin\node_modules\echarts-wordcloud\src\wordCloud.js
<s> [webpack.Progress] 40% building 153/206 modules 53 active F:\springboot32e20828n\springboot32e20828n\src\main\resources\admin\node_modules\echarts-wordcloud\src\wordCloud.js
<s> [webpack.Progress] 40% building 154/206 modules 52 active F:\springboot32e20828n\springboot32e20828n\src\main\resources\admin\node_modules\echarts-wordcloud\src\wordCloud.js
<s> [webpack.Progress] 40% building 155/206 modules 51 active F:\springboot32e20828n\springboot32e20828n\src\main\resources\admin\node_modules\echarts-wordcloud\src\wordCloud.js
<s> [webpack.Progress] 40% building 156/206 modules 50 active F:\springboot32e20828n\springboot32e20828n\src\main\resources\admin\node_modules\echarts-wordcloud\src\wordCloud.js
<s> [webpack.Progress] 40% building 157/206 modules 49 active F:\springboot32e20828n\springboot32e20828n\src\main\resources\admin\node_modules\echarts-wordcloud\src\wordCloud.js
<s> [webpack.Progress] 40% building 158/206 modules 48 active F:\springboot32e20828n\springboot32e20828n\src\main\resources\admin\node_modules\echarts-wordcloud\src\wordCloud.js
<s> [webpack.Progress] 40% building 159/206 modules 47 active F:\springboot32e20828n\springboot32e20828n\src\main\resources\admin\node_modules\echarts-wordcloud\src\wordCloud.js
<s> [webpack.Progress] 40% building 160/206 modules 46 active F:\springboot32e20828n\springboot32e20828n\src\main\resources\admin\node_modules\echarts-wordcloud\src\wordCloud.js
<s> [webpack.Progress] 40% building 161/206 modules 45 active F:\springboot32e20828n\springboot32e20828n\src\main\resources\admin\node_modules\echarts-wordcloud\src\wordCloud.js
<s> [webpack.Progress] 40% building 162/206 modules 44 active F:\springboot32e20828n\springboot32e20828n\src\main\resources\admin\node_modules\echarts-wordcloud\src\wordCloud.js
<s> [webpack.Progress] 40% building 163/206 modules 43 active F:\springboot32e20828n\springboot32e20828n\src\main\resources\admin\node_modules\echarts-wordcloud\src\wordCloud.js
<s> [webpack.Progress] 40% building 164/206 modules 42 active F:\springboot32e20828n\springboot32e20828n\src\main\resources\admin\node_modules\echarts-wordcloud\src\wordCloud.js
<s> [webpack.Progress] 40% building 164/207 modules 43 active delegated 6 from dll-reference vendor_0be5290ae0efe2a46003
<s> [webpack.Progress] 40% building 165/207 modules 42 active F:\springboot32e20828n\springboot32e20828n\src\main\resources\admin\node_modules\echarts-wordcloud\src\wordCloud.js
<s> [webpack.Progress] 40% building 165/208 modules 43 active F:\springboot32e20828n\springboot32e20828n\src\main\resources\admin\node_modules\vue-loader\lib\loaders\pitcher.js??ref--4!F:\springboot32e20828n\springboot32e20828n\src\main\resources\admin\node_modules\cache-loader\dist\cjs.js??ref--0-0!F:\springboot32e20828n\springboot32e20828n\src\main\resources\admin\node_modules\vue-loader\lib\index.js??vue-loader-options!F:\springboot32e20828n\springboot32e20828n\src\main\resources\admin\src\views\modules\renshiguanliyuan\list.vue?vue&type=template&id=0a02f77e&scoped=true&
<s> [webpack.Progress] 40% building 166/208 modules 42 active F:\springboot32e20828n\springboot32e20828n\src\main\resources\admin\node_modules\echarts-wordcloud\src\wordCloud.js
<s> [webpack.Progress] 40% building 166/209 modules 43 active F:\springboot32e20828n\springboot32e20828n\src\main\resources\admin\node_modules\cache-loader\dist\cjs.js?{"cacheDirectory":"node_modules/.cache/vue-loader","cacheIdentifier":"457e6f19-vue-loader-template"}!F:\springboot32e20828n\springboot32e20828n\src\main\resources\admin\node_modules\vue-loader\lib\loaders\templateLoader.js??vue-loader-options!F:\springboot32e20828n\springboot32e20828n\src\main\resources\admin\node_modules\cache-loader\dist\cjs.js??ref--0-0!F:\springboot32e20828n\springboot32e20828n\src\main\resources\admin\node_modules\vue-loader\lib\index.js??vue-loader-options!F:\springboot32e20828n\springboot32e20828n\src\main\resources\admin\src\views\modules\renshiguanliyuan\list.vue?vue&type=template&id=0a02f77e&scoped=true&
<s> [webpack.Progress] 40% building 166/210 modules 44 active F:\springboot32e20828n\springboot32e20828n\src\main\resources\admin\node_modules\vue-loader\lib\loaders\pitcher.js??ref--4!F:\springboot32e20828n\springboot32e20828n\src\main\resources\admin\node_modules\cache-loader\dist\cjs.js??ref--0-0!F:\springboot32e20828n\springboot32e20828n\src\main\resources\admin\node_modules\vue-loader\lib\index.js??vue-loader-options!F:\springboot32e20828n\springboot32e20828n\src\main\resources\admin\src\views\modules\yuangongqiandao\list.vue?vue&type=template&id=3b24b168&scoped=true&
<s> [webpack.Progress] 40% building 167/210 modules 43 active F:\springboot32e20828n\springboot32e20828n\src\main\resources\admin\node_modules\cache-loader\dist\cjs.js?{"cacheDirectory":"node_modules/.cache/vue-loader","cacheIdentifier":"457e6f19-vue-loader-template"}!F:\springboot32e20828n\springboot32e20828n\src\main\resources\admin\node_modules\vue-loader\lib\loaders\templateLoader.js??vue-loader-options!F:\springboot32e20828n\springboot32e20828n\src\main\resources\admin\node_modules\cache-loader\dist\cjs.js??ref--0-0!F:\springboot32e20828n\springboot32e20828n\src\main\resources\admin\node_modules\vue-loader\lib\index.js??vue-loader-options!F:\springboot32e20828n\springboot32e20828n\src\main\resources\admin\src\views\modules\renshiguanliyuan\list.vue?vue&type=template&id=0a02f77e&scoped=true&
<s> [webpack.Progress] 40% building 167/211 modules 44 active F:\springboot32e20828n\springboot32e20828n\src\main\resources\admin\node_modules\cache-loader\dist\cjs.js?{"cacheDirectory":"node_modules/.cache/vue-loader","cacheIdentifier":"457e6f19-vue-loader-template"}!F:\springboot32e20828n\springboot32e20828n\src\main\resources\admin\node_modules\vue-loader\lib\loaders\templateLoader.js??vue-loader-options!F:\springboot32e20828n\springboot32e20828n\src\main\resources\admin\node_modules\cache-loader\dist\cjs.js??ref--0-0!F:\springboot32e20828n\springboot32e20828n\src\main\resources\admin\node_modules\vue-loader\lib\index.js??vue-loader-options!F:\springboot32e20828n\springboot32e20828n\src\main\resources\admin\src\views\modules\yuangongqiandao\list.vue?vue&type=template&id=3b24b168&scoped=true&
<s> [webpack.Progress] 40% building 167/212 modules 45 active F:\springboot32e20828n\springboot32e20828n\src\main\resources\admin\node_modules\vue-loader\lib\loaders\pitcher.js??ref--4!F:\springboot32e20828n\springboot32e20828n\src\main\resources\admin\node_modules\cache-loader\dist\cjs.js??ref--0-0!F:\springboot32e20828n\springboot32e20828n\src\main\resources\admin\node_modules\vue-loader\lib\index.js??vue-loader-options!F:\springboot32e20828n\springboot32e20828n\src\main\resources\admin\src\views\modules\yuangongxinzi\list.vue?vue&type=template&id=ebf01e66&scoped=true&
<s> [webpack.Progress] 40% building 168/212 modules 44 active F:\springboot32e20828n\springboot32e20828n\src\main\resources\admin\node_modules\cache-loader\dist\cjs.js?{"cacheDirectory":"node_modules/.cache/vue-loader","cacheIdentifier":"457e6f19-vue-loader-template"}!F:\springboot32e20828n\springboot32e20828n\src\main\resources\admin\node_modules\vue-loader\lib\loaders\templateLoader.js??vue-loader-options!F:\springboot32e20828n\springboot32e20828n\src\main\resources\admin\node_modules\cache-loader\dist\cjs.js??ref--0-0!F:\springboot32e20828n\springboot32e20828n\src\main\resources\admin\node_modules\vue-loader\lib\index.js??vue-loader-options!F:\springboot32e20828n\springboot32e20828n\src\main\resources\admin\src\views\modules\yuangongqiandao\list.vue?vue&type=template&id=3b24b168&scoped=true&
<s> [webpack.Progress] 40% building 168/213 modules 45 active F:\springboot32e20828n\springboot32e20828n\src\main\resources\admin\node_modules\cache-loader\dist\cjs.js?{"cacheDirectory":"node_modules/.cache/vue-loader","cacheIdentifier":"457e6f19-vue-loader-template"}!F:\springboot32e20828n\springboot32e20828n\src\main\resources\admin\node_modules\vue-loader\lib\loaders\templateLoader.js??vue-loader-options!F:\springboot32e20828n\springboot32e20828n\src\main\resources\admin\node_modules\cache-loader\dist\cjs.js??ref--0-0!F:\springboot32e20828n\springboot32e20828n\src\main\resources\admin\node_modules\vue-loader\lib\index.js??vue-loader-options!F:\springboot32e20828n\springboot32e20828n\src\main\resources\admin\src\views\modules\yuangongxinzi\list.vue?vue&type=template&id=ebf01e66&scoped=true&
<s> [webpack.Progress] 40% building 168/214 modules 46 active F:\springboot32e20828n\springboot32e20828n\src\main\resources\admin\node_modules\vue-loader\lib\loaders\pitcher.js??ref--4!F:\springboot32e20828n\springboot32e20828n\src\main\resources\admin\node_modules\cache-loader\dist\cjs.js??ref--0-0!F:\springboot32e20828n\springboot32e20828n\src\main\resources\admin\node_modules\vue-loader\lib\index.js??vue-loader-options!F:\springboot32e20828n\springboot32e20828n\src\main\resources\admin\src\views\modules\tongyixinxi\list.vue?vue&type=template&id=5679b936&scoped=true&
<s> [webpack.Progress] 40% building 169/214 modules 45 active F:\springboot32e20828n\springboot32e20828n\src\main\resources\admin\node_modules\cache-loader\dist\cjs.js?{"cacheDirectory":"node_modules/.cache/vue-loader","cacheIdentifier":"457e6f19-vue-loader-template"}!F:\springboot32e20828n\springboot32e20828n\src\main\resources\admin\node_modules\vue-loader\lib\loaders\templateLoader.js??vue-loader-options!F:\springboot32e20828n\springboot32e20828n\src\main\resources\admin\node_modules\cache-loader\dist\cjs.js??ref--0-0!F:\springboot32e20828n\springboot32e20828n\src\main\resources\admin\node_modules\vue-loader\lib\index.js??vue-loader-options!F:\springboot32e20828n\springboot32e20828n\src\main\resources\admin\src\views\modules\yuangongxinzi\list.vue?vue&type=template&id=ebf01e66&scoped=true&
<s> [webpack.Progress] 40% building 169/215 modules 46 active F:\springboot32e20828n\springboot32e20828n\src\main\resources\admin\node_modules\cache-loader\dist\cjs.js?{"cacheDirectory":"node_modules/.cache/vue-loader","cacheIdentifier":"457e6f19-vue-loader-template"}!F:\springboot32e20828n\springboot32e20828n\src\main\resources\admin\node_modules\vue-loader\lib\loaders\templateLoader.js??vue-loader-options!F:\springboot32e20828n\springboot32e20828n\src\main\resources\admin\node_modules\cache-loader\dist\cjs.js??ref--0-0!F:\springboot32e20828n\springboot32e20828n\src\main\resources\admin\node_modules\vue-loader\lib\index.js??vue-loader-options!F:\springboot32e20828n\springboot32e20828n\src\main\resources\admin\src\views\modules\tongyixinxi\list.vue?vue&type=template&id=5679b936&scoped=true&
<s> [webpack.Progress] 40% building 169/216 modules 47 active F:\springboot32e20828n\springboot32e20828n\src\main\resources\admin\node_modules\vue-loader\lib\loaders\pitcher.js??ref--4!F:\springboot32e20828n\springboot32e20828n\src\main\resources\admin\node_modules\cache-loader\dist\cjs.js??ref--0-0!F:\springboot32e20828n\springboot32e20828n\src\main\resources\admin\node_modules\vue-loader\lib\index.js??vue-loader-options!F:\springboot32e20828n\springboot32e20828n\src\main\resources\admin\src\views\modules\zhiweidiaodong\list.vue?vue&type=template&id=4993a3f8&scoped=true&
<s> [webpack.Progress] 40% building 170/216 modules 46 active F:\springboot32e20828n\springboot32e20828n\src\main\resources\admin\node_modules\cache-loader\dist\cjs.js?{"cacheDirectory":"node_modules/.cache/vue-loader","cacheIdentifier":"457e6f19-vue-loader-template"}!F:\springboot32e20828n\springboot32e20828n\src\main\resources\admin\node_modules\vue-loader\lib\loaders\templateLoader.js??vue-loader-options!F:\springboot32e20828n\springboot32e20828n\src\main\resources\admin\node_modules\cache-loader\dist\cjs.js??ref--0-0!F:\springboot32e20828n\springboot32e20828n\src\main\resources\admin\node_modules\vue-loader\lib\index.js??vue-loader-options!F:\springboot32e20828n\springboot32e20828n\src\main\resources\admin\src\views\modules\tongyixinxi\list.vue?vue&type=template&id=5679b936&scoped=true&
<s> [webpack.Progress] 40% building 170/217 modules 47 active F:\springboot32e20828n\springboot32e20828n\src\main\resources\admin\node_modules\cache-loader\dist\cjs.js?{"cacheDirectory":"node_modules/.cache/vue-loader","cacheIdentifier":"457e6f19-vue-loader-template"}!F:\springboot32e20828n\springboot32e20828n\src\main\resources\admin\node_modules\vue-loader\lib\loaders\templateLoader.js??vue-loader-options!F:\springboot32e20828n\springboot32e20828n\src\main\resources\admin\node_modules\cache-loader\dist\cjs.js??ref--0-0!F:\springboot32e20828n\springboot32e20828n\src\main\resources\admin\node_modules\vue-loader\lib\index.js??vue-loader-options!F:\springboot32e20828n\springboot32e20828n\src\main\resources\admin\src\views\modules\zhiweidiaodong\list.vue?vue&type=template&id=4993a3f8&scoped=true&
<s> [webpack.Progress] 40% building 170/218 modules 48 active F:\springboot32e20828n\springboot32e20828n\src\main\resources\admin\node_modules\vue-loader\lib\loaders\pitcher.js??ref--4!F:\springboot32e20828n\springboot32e20828n\src\main\resources\admin\node_modules\cache-loader\dist\cjs.js??ref--0-0!F:\springboot32e20828n\springboot32e20828n\src\main\resources\admin\node_modules\vue-loader\lib\index.js??vue-loader-options!F:\springboot32e20828n\springboot32e20828n\src\main\resources\admin\src\views\modules\zhiweixinxi\list.vue?vue&type=template&id=37449d61&scoped=true&
<s> [webpack.Progress] 40% building 171/218 modules 47 active F:\springboot32e20828n\springboot32e20828n\src\main\resources\admin\node_modules\cache-loader\dist\cjs.js?{"cacheDirectory":"node_modules/.cache/vue-loader","cacheIdentifier":"457e6f19-vue-loader-template"}!F:\springboot32e20828n\springboot32e20828n\src\main\resources\admin\node_modules\vue-loader\lib\loaders\templateLoader.js??vue-loader-options!F:\springboot32e20828n\springboot32e20828n\src\main\resources\admin\node_modules\cache-loader\dist\cjs.js??ref--0-0!F:\springboot32e20828n\springboot32e20828n\src\main\resources\admin\node_modules\vue-loader\lib\index.js??vue-loader-options!F:\springboot32e20828n\springboot32e20828n\src\main\resources\admin\src\views\modules\zhiweidiaodong\list.vue?vue&type=template&id=4993a3f8&scoped=true&
<s> [webpack.Progress] 40% building 171/219 modules 48 active F:\springboot32e20828n\springboot32e20828n\src\main\resources\admin\node_modules\cache-loader\dist\cjs.js?{"cacheDirectory":"node_modules/.cache/vue-loader","cacheIdentifier":"457e6f19-vue-loader-template"}!F:\springboot32e20828n\springboot32e20828n\src\main\resources\admin\node_modules\vue-loader\lib\loaders\templateLoader.js??vue-loader-options!F:\springboot32e20828n\springboot32e20828n\src\main\resources\admin\node_modules\cache-loader\dist\cjs.js??ref--0-0!F:\springboot32e20828n\springboot32e20828n\src\main\resources\admin\node_modules\vue-loader\lib\index.js??vue-loader-options!F:\springboot32e20828n\springboot32e20828n\src\main\resources\admin\src\views\modules\zhiweixinxi\list.vue?vue&type=template&id=37449d61&scoped=true&
<s> [webpack.Progress] 40% building 171/220 modules 49 active F:\springboot32e20828n\springboot32e20828n\src\main\resources\admin\node_modules\vue-loader\lib\loaders\pitcher.js??ref--4!F:\springboot32e20828n\springboot32e20828n\src\main\resources\admin\node_modules\cache-loader\dist\cjs.js??ref--0-0!F:\springboot32e20828n\springboot32e20828n\src\main\resources\admin\node_modules\vue-loader\lib\index.js??vue-loader-options!F:\springboot32e20828n\springboot32e20828n\src\main\resources\admin\src\views\modules\jixiaokaohe\list.vue?vue&type=template&id=36d5feb7&scoped=true&
<s> [webpack.Progress] 40% building 172/220 modules 48 active F:\springboot32e20828n\springboot32e20828n\src\main\resources\admin\node_modules\cache-loader\dist\cjs.js?{"cacheDirectory":"node_modules/.cache/vue-loader","cacheIdentifier":"457e6f19-vue-loader-template"}!F:\springboot32e20828n\springboot32e20828n\src\main\resources\admin\node_modules\vue-loader\lib\loaders\templateLoader.js??vue-loader-options!F:\springboot32e20828n\springboot32e20828n\src\main\resources\admin\node_modules\cache-loader\dist\cjs.js??ref--0-0!F:\springboot32e20828n\springboot32e20828n\src\main\resources\admin\node_modules\vue-loader\lib\index.js??vue-loader-options!F:\springboot32e20828n\springboot32e20828n\src\main\resources\admin\src\views\modules\zhiweixinxi\list.vue?vue&type=template&id=37449d61&scoped=true&
<s> [webpack.Progress] 40% building 172/221 modules 49 active F:\springboot32e20828n\springboot32e20828n\src\main\resources\admin\node_modules\cache-loader\dist\cjs.js?{"cacheDirectory":"node_modules/.cache/vue-loader","cacheIdentifier":"457e6f19-vue-loader-template"}!F:\springboot32e20828n\springboot32e20828n\src\main\resources\admin\node_modules\vue-loader\lib\loaders\templateLoader.js??vue-loader-options!F:\springboot32e20828n\springboot32e20828n\src\main\resources\admin\node_modules\cache-loader\dist\cjs.js??ref--0-0!F:\springboot32e20828n\springboot32e20828n\src\main\resources\admin\node_modules\vue-loader\lib\index.js??vue-loader-options!F:\springboot32e20828n\springboot32e20828n\src\main\resources\admin\src\views\modules\jixiaokaohe\list.vue?vue&type=template&id=36d5feb7&scoped=true&
<s> [webpack.Progress] 40% building 172/222 modules 50 active F:\springboot32e20828n\springboot32e20828n\src\main\resources\admin\node_modules\vue-loader\lib\loaders\pitcher.js??ref--4!F:\springboot32e20828n\springboot32e20828n\src\main\resources\admin\node_modules\cache-loader\dist\cjs.js??ref--0-0!F:\springboot32e20828n\springboot32e20828n\src\main\resources\admin\node_modules\vue-loader\lib\index.js??vue-loader-options!F:\springboot32e20828n\springboot32e20828n\src\main\resources\admin\src\views\modules\syslog\list.vue?vue&type=template&id=a086f2b8&scoped=true&
<s> [webpack.Progress] 40% building 173/222 modules 49 active F:\springboot32e20828n\springboot32e20828n\src\main\resources\admin\node_modules\cache-loader\dist\cjs.js?{"cacheDirectory":"node_modules/.cache/vue-loader","cacheIdentifier":"457e6f19-vue-loader-template"}!F:\springboot32e20828n\springboot32e20828n\src\main\resources\admin\node_modules\vue-loader\lib\loaders\templateLoader.js??vue-loader-options!F:\springboot32e20828n\springboot32e20828n\src\main\resources\admin\node_modules\cache-loader\dist\cjs.js??ref--0-0!F:\springboot32e20828n\springboot32e20828n\src\main\resources\admin\node_modules\vue-loader\lib\index.js??vue-loader-options!F:\springboot32e20828n\springboot32e20828n\src\main\resources\admin\src\views\modules\jixiaokaohe\list.vue?vue&type=template&id=36d5feb7&scoped=true&
<s> [webpack.Progress] 40% building 173/223 modules 50 active F:\springboot32e20828n\springboot32e20828n\src\main\resources\admin\node_modules\cache-loader\dist\cjs.js?{"cacheDirectory":"node_modules/.cache/vue-loader","cacheIdentifier":"457e6f19-vue-loader-template"}!F:\springboot32e20828n\springboot32e20828n\src\main\resources\admin\node_modules\vue-loader\lib\loaders\templateLoader.js??vue-loader-options!F:\springboot32e20828n\springboot32e20828n\src\main\resources\admin\node_modules\cache-loader\dist\cjs.js??ref--0-0!F:\springboot32e20828n\springboot32e20828n\src\main\resources\admin\node_modules\vue-loader\lib\index.js??vue-loader-options!F:\springboot32e20828n\springboot32e20828n\src\main\resources\admin\src\views\modules\syslog\list.vue?vue&type=template&id=a086f2b8&scoped=true&
<s> [webpack.Progress] 40% building 173/224 modules 51 active F:\springboot32e20828n\springboot32e20828n\src\main\resources\admin\node_modules\vue-loader\lib\loaders\pitcher.js??ref--4!F:\springboot32e20828n\springboot32e20828n\src\main\resources\admin\node_modules\cache-loader\dist\cjs.js??ref--0-0!F:\springboot32e20828n\springboot32e20828n\src\main\resources\admin\node_modules\vue-loader\lib\index.js??vue-loader-options!F:\springboot32e20828n\springboot32e20828n\src\main\resources\admin\src\views\modules\users\list.vue?vue&type=template&id=54fb0ce7&scoped=true&
<s> [webpack.Progress] 40% building 174/224 modules 50 active F:\springboot32e20828n\springboot32e20828n\src\main\resources\admin\node_modules\cache-loader\dist\cjs.js?{"cacheDirectory":"node_modules/.cache/vue-loader","cacheIdentifier":"457e6f19-vue-loader-template"}!F:\springboot32e20828n\springboot32e20828n\src\main\resources\admin\node_modules\vue-loader\lib\loaders\templateLoader.js??vue-loader-options!F:\springboot32e20828n\springboot32e20828n\src\main\resources\admin\node_modules\cache-loader\dist\cjs.js??ref--0-0!F:\springboot32e20828n\springboot32e20828n\src\main\resources\admin\node_modules\vue-loader\lib\index.js??vue-loader-options!F:\springboot32e20828n\springboot32e20828n\src\main\resources\admin\src\views\modules\syslog\list.vue?vue&type=template&id=a086f2b8&scoped=true&
<s> [webpack.Progress] 40% building 174/225 modules 51 active F:\springboot32e20828n\springboot32e20828n\src\main\resources\admin\node_modules\cache-loader\dist\cjs.js?{"cacheDirectory":"node_modules/.cache/vue-loader","cacheIdentifier":"457e6f19-vue-loader-template"}!F:\springboot32e20828n\springboot32e20828n\src\main\resources\admin\node_modules\vue-loader\lib\loaders\templateLoader.js??vue-loader-options!F:\springboot32e20828n\springboot32e20828n\src\main\resources\admin\node_modules\cache-loader\dist\cjs.js??ref--0-0!F:\springboot32e20828n\springboot32e20828n\src\main\resources\admin\node_modules\vue-loader\lib\index.js??vue-loader-options!F:\springboot32e20828n\springboot32e20828n\src\main\resources\admin\src\views\modules\users\list.vue?vue&type=template&id=54fb0ce7&scoped=true&
<s> [webpack.Progress] 40% building 174/226 modules 52 active F:\springboot32e20828n\springboot32e20828n\src\main\resources\admin\node_modules\vue-loader\lib\loaders\pitcher.js??ref--4!F:\springboot32e20828n\springboot32e20828n\src\main\resources\admin\node_modules\cache-loader\dist\cjs.js??ref--0-0!F:\springboot32e20828n\springboot32e20828n\src\main\resources\admin\node_modules\vue-loader\lib\index.js??vue-loader-options!F:\springboot32e20828n\springboot32e20828n\src\main\resources\admin\src\views\modules\zhiweishensu\list.vue?vue&type=template&id=6007e30a&scoped=true&
<s> [webpack.Progress] 40% building 175/226 modules 51 active F:\springboot32e20828n\springboot32e20828n\src\main\resources\admin\node_modules\cache-loader\dist\cjs.js?{"cacheDirectory":"node_modules/.cache/vue-loader","cacheIdentifier":"457e6f19-vue-loader-template"}!F:\springboot32e20828n\springboot32e20828n\src\main\resources\admin\node_modules\vue-loader\lib\loaders\templateLoader.js??vue-loader-options!F:\springboot32e20828n\springboot32e20828n\src\main\resources\admin\node_modules\cache-loader\dist\cjs.js??ref--0-0!F:\springboot32e20828n\springboot32e20828n\src\main\resources\admin\node_modules\vue-loader\lib\index.js??vue-loader-options!F:\springboot32e20828n\springboot32e20828n\src\main\resources\admin\src\views\modules\users\list.vue?vue&type=template&id=54fb0ce7&scoped=true&
<s> [webpack.Progress] 40% building 175/227 modules 52 active F:\springboot32e20828n\springboot32e20828n\src\main\resources\admin\node_modules\cache-loader\dist\cjs.js?{"cacheDirectory":"node_modules/.cache/vue-loader","cacheIdentifier":"457e6f19-vue-loader-template"}!F:\springboot32e20828n\springboot32e20828n\src\main\resources\admin\node_modules\vue-loader\lib\loaders\templateLoader.js??vue-loader-options!F:\springboot32e20828n\springboot32e20828n\src\main\resources\admin\node_modules\cache-loader\dist\cjs.js??ref--0-0!F:\springboot32e20828n\springboot32e20828n\src\main\resources\admin\node_modules\vue-loader\lib\index.js??vue-loader-options!F:\springboot32e20828n\springboot32e20828n\src\main\resources\admin\src\views\modules\zhiweishensu\list.vue?vue&type=template&id=6007e30a&scoped=true&
<s> [webpack.Progress] 40% building 175/228 modules 53 active F:\springboot32e20828n\springboot32e20828n\src\main\resources\admin\node_modules\vue-loader\lib\loaders\pitcher.js??ref--4!F:\springboot32e20828n\springboot32e20828n\src\main\resources\admin\node_modules\cache-loader\dist\cjs.js??ref--0-0!F:\springboot32e20828n\springboot32e20828n\src\main\resources\admin\node_modules\vue-loader\lib\index.js??vue-loader-options!F:\springboot32e20828n\springboot32e20828n\src\main\resources\admin\src\views\modules\qingjiashenqing\list.vue?vue&type=template&id=8fb2eb62&scoped=true&
<s> [webpack.Progress] 40% building 176/228 modules 52 active F:\springboot32e20828n\springboot32e20828n\src\main\resources\admin\node_modules\cache-loader\dist\cjs.js?{"cacheDirectory":"node_modules/.cache/vue-loader","cacheIdentifier":"457e6f19-vue-loader-template"}!F:\springboot32e20828n\springboot32e20828n\src\main\resources\admin\node_modules\vue-loader\lib\loaders\templateLoader.js??vue-loader-options!F:\springboot32e20828n\springboot32e20828n\src\main\resources\admin\node_modules\cache-loader\dist\cjs.js??ref--0-0!F:\springboot32e20828n\springboot32e20828n\src\main\resources\admin\node_modules\vue-loader\lib\index.js??vue-loader-options!F:\springboot32e20828n\springboot32e20828n\src\main\resources\admin\src\views\modules\zhiweishensu\list.vue?vue&type=template&id=6007e30a&scoped=true&
<s> [webpack.Progress] 40% building 176/229 modules 53 active F:\springboot32e20828n\springboot32e20828n\src\main\resources\admin\node_modules\cache-loader\dist\cjs.js?{"cacheDirectory":"node_modules/.cache/vue-loader","cacheIdentifier":"457e6f19-vue-loader-template"}!F:\springboot32e20828n\springboot32e20828n\src\main\resources\admin\node_modules\vue-loader\lib\loaders\templateLoader.js??vue-loader-options!F:\springboot32e20828n\springboot32e20828n\src\main\resources\admin\node_modules\cache-loader\dist\cjs.js??ref--0-0!F:\springboot32e20828n\springboot32e20828n\src\main\resources\admin\node_modules\vue-loader\lib\index.js??vue-loader-options!F:\springboot32e20828n\springboot32e20828n\src\main\resources\admin\src\views\modules\qingjiashenqing\list.vue?vue&type=template&id=8fb2eb62&scoped=true&
<s> [webpack.Progress] 40% building 176/230 modules 54 active F:\springboot32e20828n\springboot32e20828n\src\main\resources\admin\node_modules\vue-loader\lib\loaders\pitcher.js??ref--4!F:\springboot32e20828n\springboot32e20828n\src\main\resources\admin\node_modules\cache-loader\dist\cjs.js??ref--0-0!F:\springboot32e20828n\springboot32e20828n\src\main\resources\admin\node_modules\vue-loader\lib\index.js??vue-loader-options!F:\springboot32e20828n\springboot32e20828n\src\main\resources\admin\src\views\modules\config\list.vue?vue&type=template&id=29725dce&scoped=true&
<s> [webpack.Progress] 40% building 177/230 modules 53 active F:\springboot32e20828n\springboot32e20828n\src\main\resources\admin\node_modules\cache-loader\dist\cjs.js?{"cacheDirectory":"node_modules/.cache/vue-loader","cacheIdentifier":"457e6f19-vue-loader-template"}!F:\springboot32e20828n\springboot32e20828n\src\main\resources\admin\node_modules\vue-loader\lib\loaders\templateLoader.js??vue-loader-options!F:\springboot32e20828n\springboot32e20828n\src\main\resources\admin\node_modules\cache-loader\dist\cjs.js??ref--0-0!F:\springboot32e20828n\springboot32e20828n\src\main\resources\admin\node_modules\vue-loader\lib\index.js??vue-loader-options!F:\springboot32e20828n\springboot32e20828n\src\main\resources\admin\src\views\modules\qingjiashenqing\list.vue?vue&type=template&id=8fb2eb62&scoped=true&
<s> [webpack.Progress] 40% building 177/231 modules 54 active F:\springboot32e20828n\springboot32e20828n\src\main\resources\admin\node_modules\cache-loader\dist\cjs.js?{"cacheDirectory":"node_modules/.cache/vue-loader","cacheIdentifier":"457e6f19-vue-loader-template"}!F:\springboot32e20828n\springboot32e20828n\src\main\resources\admin\node_modules\vue-loader\lib\loaders\templateLoader.js??vue-loader-options!F:\springboot32e20828n\springboot32e20828n\src\main\resources\admin\node_modules\cache-loader\dist\cjs.js??ref--0-0!F:\springboot32e20828n\springboot32e20828n\src\main\resources\admin\node_modules\vue-loader\lib\index.js??vue-loader-options!F:\springboot32e20828n\springboot32e20828n\src\main\resources\admin\src\views\modules\config\list.vue?vue&type=template&id=29725dce&scoped=true&
<s> [webpack.Progress] 40% building 177/232 modules 55 active F:\springboot32e20828n\springboot32e20828n\src\main\resources\admin\node_modules\vue-loader\lib\loaders\pitcher.js??ref--4!F:\springboot32e20828n\springboot32e20828n\src\main\resources\admin\node_modules\cache-loader\dist\cjs.js??ref--0-0!F:\springboot32e20828n\springboot32e20828n\src\main\resources\admin\node_modules\vue-loader\lib\index.js??vue-loader-options!F:\springboot32e20828n\springboot32e20828n\src\main\resources\admin\src\views\modules\menu\list.vue?vue&type=template&id=56ef051c&scoped=true&
<s> [webpack.Progress] 40% building 178/232 modules 54 active F:\springboot32e20828n\springboot32e20828n\src\main\resources\admin\node_modules\cache-loader\dist\cjs.js?{"cacheDirectory":"node_modules/.cache/vue-loader","cacheIdentifier":"457e6f19-vue-loader-template"}!F:\springboot32e20828n\springboot32e20828n\src\main\resources\admin\node_modules\vue-loader\lib\loaders\templateLoader.js??vue-loader-options!F:\springboot32e20828n\springboot32e20828n\src\main\resources\admin\node_modules\cache-loader\dist\cjs.js??ref--0-0!F:\springboot32e20828n\springboot32e20828n\src\main\resources\admin\node_modules\vue-loader\lib\index.js??vue-loader-options!F:\springboot32e20828n\springboot32e20828n\src\main\resources\admin\src\views\modules\config\list.vue?vue&type=template&id=29725dce&scoped=true&
<s> [webpack.Progress] 40% building 178/233 modules 55 active F:\springboot32e20828n\springboot32e20828n\src\main\resources\admin\node_modules\vue-loader\lib\loaders\pitcher.js??ref--4!F:\springboot32e20828n\springboot32e20828n\src\main\resources\admin\node_modules\vue-style-loader\index.js??ref--8-oneOf-1-0!F:\springboot32e20828n\springboot32e20828n\src\main\resources\admin\node_modules\css-loader\dist\cjs.js??ref--8-oneOf-1-1!F:\springboot32e20828n\springboot32e20828n\src\main\resources\admin\node_modules\postcss-loader\src\index.js??ref--8-oneOf-1-2!F:\springboot32e20828n\springboot32e20828n\src\main\resources\admin\node_modules\sass-loader\dist\cjs.js??ref--8-oneOf-1-3!F:\springboot32e20828n\springboot32e20828n\src\main\resources\admin\node_modules\cache-loader\dist\cjs.js??ref--0-0!F:\springboot32e20828n\springboot32e20828n\src\main\resources\admin\node_modules\vue-loader\lib\index.js??vue-loader-options!F:\springboot32e20828n\springboot32e20828n\src\main\resources\admin\src\views\modules\menu\list.vue?vue&type=style&index=0&id=56ef051c&lang=scss&scoped=true&
<s> [webpack.Progress] 40% building 179/233 modules 54 active F:\springboot32e20828n\springboot32e20828n\src\main\resources\admin\node_modules\cache-loader\dist\cjs.js?{"cacheDirectory":"node_modules/.cache/vue-loader","cacheIdentifier":"457e6f19-vue-loader-template"}!F:\springboot32e20828n\springboot32e20828n\src\main\resources\admin\node_modules\vue-loader\lib\loaders\templateLoader.js??vue-loader-options!F:\springboot32e20828n\springboot32e20828n\src\main\resources\admin\node_modules\cache-loader\dist\cjs.js??ref--0-0!F:\springboot32e20828n\springboot32e20828n\src\main\resources\admin\node_modules\vue-loader\lib\index.js??vue-loader-options!F:\springboot32e20828n\springboot32e20828n\src\main\resources\admin\src\views\modules\config\list.vue?vue&type=template&id=29725dce&scoped=true&
<s> [webpack.Progress] 40% building 179/234 modules 55 active F:\springboot32e20828n\springboot32e20828n\src\main\resources\admin\node_modules\vue-loader\lib\loaders\pitcher.js??ref--4!F:\springboot32e20828n\springboot32e20828n\src\main\resources\admin\node_modules\cache-loader\dist\cjs.js??ref--12-0!F:\springboot32e20828n\springboot32e20828n\src\main\resources\admin\node_modules\babel-loader\lib\index.js!F:\springboot32e20828n\springboot32e20828n\src\main\resources\admin\node_modules\cache-loader\dist\cjs.js??ref--0-0!F:\springboot32e20828n\springboot32e20828n\src\main\resources\admin\node_modules\vue-loader\lib\index.js??vue-loader-options!F:\springboot32e20828n\springboot32e20828n\src\main\resources\admin\src\views\modules\menu\list.vue?vue&type=script&lang=js&
<s> [webpack.Progress] 40% building 180/234 modules 54 active F:\springboot32e20828n\springboot32e20828n\src\main\resources\admin\node_modules\cache-loader\dist\cjs.js?{"cacheDirectory":"node_modules/.cache/vue-loader","cacheIdentifier":"457e6f19-vue-loader-template"}!F:\springboot32e20828n\springboot32e20828n\src\main\resources\admin\node_modules\vue-loader\lib\loaders\templateLoader.js??vue-loader-options!F:\springboot32e20828n\springboot32e20828n\src\main\resources\admin\node_modules\cache-loader\dist\cjs.js??ref--0-0!F:\springboot32e20828n\springboot32e20828n\src\main\resources\admin\node_modules\vue-loader\lib\index.js??vue-loader-options!F:\springboot32e20828n\springboot32e20828n\src\main\resources\admin\src\views\modules\config\list.vue?vue&type=template&id=29725dce&scoped=true&
<s> [webpack.Progress] 40% building 180/235 modules 55 active F:\springboot32e20828n\springboot32e20828n\src\main\resources\admin\node_modules\cache-loader\dist\cjs.js??ref--12-0!F:\springboot32e20828n\springboot32e20828n\src\main\resources\admin\node_modules\babel-loader\lib\index.js!F:\springboot32e20828n\springboot32e20828n\src\main\resources\admin\node_modules\cache-loader\dist\cjs.js??ref--0-0!F:\springboot32e20828n\springboot32e20828n\src\main\resources\admin\node_modules\vue-loader\lib\index.js??vue-loader-options!F:\springboot32e20828n\springboot32e20828n\src\main\resources\admin\src\views\modules\menu\list.vue?vue&type=script&lang=js&
<s> [webpack.Progress] 40% building 180/236 modules 56 active F:\springboot32e20828n\springboot32e20828n\src\main\resources\admin\node_modules\cache-loader\dist\cjs.js?{"cacheDirectory":"node_modules/.cache/vue-loader","cacheIdentifier":"457e6f19-vue-loader-template"}!F:\springboot32e20828n\springboot32e20828n\src\main\resources\admin\node_modules\vue-loader\lib\loaders\templateLoader.js??vue-loader-options!F:\springboot32e20828n\springboot32e20828n\src\main\resources\admin\node_modules\cache-loader\dist\cjs.js??ref--0-0!F:\springboot32e20828n\springboot32e20828n\src\main\resources\admin\node_modules\vue-loader\lib\index.js??vue-loader-options!F:\springboot32e20828n\springboot32e20828n\src\main\resources\admin\src\views\modules\menu\list.vue?vue&type=template&id=56ef051c&scoped=true&
<s> [webpack.Progress] 40% building 180/237 modules 57 active F:\springboot32e20828n\springboot32e20828n\src\main\resources\admin\node_modules\vue-style-loader\index.js??ref--8-oneOf-1-0!F:\springboot32e20828n\springboot32e20828n\src\main\resources\admin\node_modules\css-loader\dist\cjs.js??ref--8-oneOf-1-1!F:\springboot32e20828n\springboot32e20828n\src\main\resources\admin\node_modules\vue-loader\lib\loaders\stylePostLoader.js!F:\springboot32e20828n\springboot32e20828n\src\main\resources\admin\node_modules\postcss-loader\src\index.js??ref--8-oneOf-1-2!F:\springboot32e20828n\springboot32e20828n\src\main\resources\admin\node_modules\sass-loader\dist\cjs.js??ref--8-oneOf-1-3!F:\springboot32e20828n\springboot32e20828n\src\main\resources\admin\node_modules\cache-loader\dist\cjs.js??ref--0-0!F:\springboot32e20828n\springboot32e20828n\src\main\resources\admin\node_modules\vue-loader\lib\index.js??vue-loader-options!F:\springboot32e20828n\springboot32e20828n\src\main\resources\admin\src\views\modules\menu\list.vue?vue&type=style&index=0&id=56ef051c&lang=scss&scoped=true&
<s> [webpack.Progress] 40% building 181/237 modules 56 active F:\springboot32e20828n\springboot32e20828n\src\main\resources\admin\node_modules\cache-loader\dist\cjs.js?{"cacheDirectory":"node_modules/.cache/vue-loader","cacheIdentifier":"457e6f19-vue-loader-template"}!F:\springboot32e20828n\springboot32e20828n\src\main\resources\admin\node_modules\vue-loader\lib\loaders\templateLoader.js??vue-loader-options!F:\springboot32e20828n\springboot32e20828n\src\main\resources\admin\node_modules\cache-loader\dist\cjs.js??ref--0-0!F:\springboot32e20828n\springboot32e20828n\src\main\resources\admin\node_modules\vue-loader\lib\index.js??vue-loader-options!F:\springboot32e20828n\springboot32e20828n\src\main\resources\admin\src\views\modules\menu\list.vue?vue&type=template&id=56ef051c&scoped=true&
<s> [webpack.Progress] 40% building 181/238 modules 57 active F:\springboot32e20828n\springboot32e20828n\src\main\resources\admin\node_modules\css-loader\dist\cjs.js??ref--8-oneOf-1-1!F:\springboot32e20828n\springboot32e20828n\src\main\resources\admin\node_modules\vue-loader\lib\loaders\stylePostLoader.js!F:\springboot32e20828n\springboot32e20828n\src\main\resources\admin\node_modules\postcss-loader\src\index.js??ref--8-oneOf-1-2!F:\springboot32e20828n\springboot32e20828n\src\main\resources\admin\node_modules\sass-loader\dist\cjs.js??ref--8-oneOf-1-3!F:\springboot32e20828n\springboot32e20828n\src\main\resources\admin\node_modules\cache-loader\dist\cjs.js??ref--0-0!F:\springboot32e20828n\springboot32e20828n\src\main\resources\admin\node_modules\vue-loader\lib\index.js??vue-loader-options!F:\springboot32e20828n\springboot32e20828n\src\main\resources\admin\src\views\modules\menu\list.vue?vue&type=style&index=0&id=56ef051c&lang=scss&scoped=true&
<s> [webpack.Progress] 40% building 181/239 modules 58 active F:\springboot32e20828n\springboot32e20828n\src\main\resources\admin\node_modules\core-js\internals\advance-string-index.js
<s> [webpack.Progress] 40% building 182/239 modules 57 active F:\springboot32e20828n\springboot32e20828n\src\main\resources\admin\node_modules\core-js\internals\advance-string-index.js
<s> [webpack.Progress] 40% building 182/240 modules 58 active F:\springboot32e20828n\springboot32e20828n\src\main\resources\admin\node_modules\vue-loader\lib\loaders\pitcher.js??ref--4!F:\springboot32e20828n\springboot32e20828n\src\main\resources\admin\node_modules\vue-style-loader\index.js??ref--8-oneOf-1-0!F:\springboot32e20828n\springboot32e20828n\src\main\resources\admin\node_modules\css-loader\dist\cjs.js??ref--8-oneOf-1-1!F:\springboot32e20828n\springboot32e20828n\src\main\resources\admin\node_modules\postcss-loader\src\index.js??ref--8-oneOf-1-2!F:\springboot32e20828n\springboot32e20828n\src\main\resources\admin\node_modules\sass-loader\dist\cjs.js??ref--8-oneOf-1-3!F:\springboot32e20828n\springboot32e20828n\src\main\resources\admin\node_modules\cache-loader\dist\cjs.js??ref--0-0!F:\springboot32e20828n\springboot32e20828n\src\main\resources\admin\node_modules\vue-loader\lib\index.js??vue-loader-options!F:\springboot32e20828n\springboot32e20828n\src\main\resources\admin\src\views\modules\config\list.vue?vue&type=style&index=0&id=29725dce&lang=scss&scoped=true&
<s> [webpack.Progress] 40% building 183/240 modules 57 active F:\springboot32e20828n\springboot32e20828n\src\main\resources\admin\node_modules\core-js\internals\advance-string-index.js
<s> [webpack.Progress] 40% building 183/241 modules 58 active F:\springboot32e20828n\springboot32e20828n\src\main\resources\admin\node_modules\vue-style-loader\index.js??ref--8-oneOf-1-0!F:\springboot32e20828n\springboot32e20828n\src\main\resources\admin\node_modules\css-loader\dist\cjs.js??ref--8-oneOf-1-1!F:\springboot32e20828n\springboot32e20828n\src\main\resources\admin\node_modules\vue-loader\lib\loaders\stylePostLoader.js!F:\springboot32e20828n\springboot32e20828n\src\main\resources\admin\node_modules\postcss-loader\src\index.js??ref--8-oneOf-1-2!F:\springboot32e20828n\springboot32e20828n\src\main\resources\admin\node_modules\sass-loader\dist\cjs.js??ref--8-oneOf-1-3!F:\springboot32e20828n\springboot32e20828n\src\main\resources\admin\node_modules\cache-loader\dist\cjs.js??ref--0-0!F:\springboot32e20828n\springboot32e20828n\src\main\resources\admin\node_modules\vue-loader\lib\index.js??vue-loader-options!F:\springboot32e20828n\springboot32e20828n\src\main\resources\admin\src\views\modules\config\list.vue?vue&type=style&index=0&id=29725dce&lang=scss&scoped=true&
<s> [webpack.Progress] 40% building 184/241 modules 57 active F:\springboot32e20828n\springboot32e20828n\src\main\resources\admin\node_modules\core-js\internals\advance-string-index.js
<s> [webpack.Progress] 40% building 184/242 modules 58 active F:\springboot32e20828n\springboot32e20828n\src\main\resources\admin\node_modules\css-loader\dist\cjs.js??ref--8-oneOf-1-1!F:\springboot32e20828n\springboot32e20828n\src\main\resources\admin\node_modules\vue-loader\lib\loaders\stylePostLoader.js!F:\springboot32e20828n\springboot32e20828n\src\main\resources\admin\node_modules\postcss-loader\src\index.js??ref--8-oneOf-1-2!F:\springboot32e20828n\springboot32e20828n\src\main\resources\admin\node_modules\sass-loader\dist\cjs.js??ref--8-oneOf-1-3!F:\springboot32e20828n\springboot32e20828n\src\main\resources\admin\node_modules\cache-loader\dist\cjs.js??ref--0-0!F:\springboot32e20828n\springboot32e20828n\src\main\resources\admin\node_modules\vue-loader\lib\index.js??vue-loader-options!F:\springboot32e20828n\springboot32e20828n\src\main\resources\admin\src\views\modules\config\list.vue?vue&type=style&index=0&id=29725dce&lang=scss&scoped=true&
<s> [webpack.Progress] 40% building 185/242 modules 57 active F:\springboot32e20828n\springboot32e20828n\src\main\resources\admin\node_modules\css-loader\dist\cjs.js??ref--8-oneOf-1-1!F:\springboot32e20828n\springboot32e20828n\src\main\resources\admin\node_modules\vue-loader\lib\loaders\stylePostLoader.js!F:\springboot32e20828n\springboot32e20828n\src\main\resources\admin\node_modules\postcss-loader\src\index.js??ref--8-oneOf-1-2!F:\springboot32e20828n\springboot32e20828n\src\main\resources\admin\node_modules\sass-loader\dist\cjs.js??ref--8-oneOf-1-3!F:\springboot32e20828n\springboot32e20828n\src\main\resources\admin\node_modules\cache-loader\dist\cjs.js??ref--0-0!F:\springboot32e20828n\springboot32e20828n\src\main\resources\admin\node_modules\vue-loader\lib\index.js??vue-loader-options!F:\springboot32e20828n\springboot32e20828n\src\main\resources\admin\src\views\modules\config\list.vue?vue&type=style&index=0&id=29725dce&lang=scss&scoped=true&
<s> [webpack.Progress] 40% building 185/243 modules 58 active F:\springboot32e20828n\springboot32e20828n\src\main\resources\admin\node_modules\vue-loader\lib\loaders\pitcher.js??ref--4!F:\springboot32e20828n\springboot32e20828n\src\main\resources\admin\node_modules\cache-loader\dist\cjs.js??ref--12-0!F:\springboot32e20828n\springboot32e20828n\src\main\resources\admin\node_modules\babel-loader\lib\index.js!F:\springboot32e20828n\springboot32e20828n\src\main\resources\admin\node_modules\cache-loader\dist\cjs.js??ref--0-0!F:\springboot32e20828n\springboot32e20828n\src\main\resources\admin\node_modules\vue-loader\lib\index.js??vue-loader-options!F:\springboot32e20828n\springboot32e20828n\src\main\resources\admin\src\views\modules\config\list.vue?vue&type=script&lang=js&
<s> [webpack.Progress] 40% building 186/243 modules 57 active F:\springboot32e20828n\springboot32e20828n\src\main\resources\admin\node_modules\css-loader\dist\cjs.js??ref--8-oneOf-1-1!F:\springboot32e20828n\springboot32e20828n\src\main\resources\admin\node_modules\vue-loader\lib\loaders\stylePostLoader.js!F:\springboot32e20828n\springboot32e20828n\src\main\resources\admin\node_modules\postcss-loader\src\index.js??ref--8-oneOf-1-2!F:\springboot32e20828n\springboot32e20828n\src\main\resources\admin\node_modules\sass-loader\dist\cjs.js??ref--8-oneOf-1-3!F:\springboot32e20828n\springboot32e20828n\src\main\resources\admin\node_modules\cache-loader\dist\cjs.js??ref--0-0!F:\springboot32e20828n\springboot32e20828n\src\main\resources\admin\node_modules\vue-loader\lib\index.js??vue-loader-options!F:\springboot32e20828n\springboot32e20828n\src\main\resources\admin\src\views\modules\config\list.vue?vue&type=style&index=0&id=29725dce&lang=scss&scoped=true&
<s> [webpack.Progress] 40% building 186/244 modules 58 active F:\springboot32e20828n\springboot32e20828n\src\main\resources\admin\node_modules\cache-loader\dist\cjs.js??ref--12-0!F:\springboot32e20828n\springboot32e20828n\src\main\resources\admin\node_modules\babel-loader\lib\index.js!F:\springboot32e20828n\springboot32e20828n\src\main\resources\admin\node_modules\cache-loader\dist\cjs.js??ref--0-0!F:\springboot32e20828n\springboot32e20828n\src\main\resources\admin\node_modules\vue-loader\lib\index.js??vue-loader-options!F:\springboot32e20828n\springboot32e20828n\src\main\resources\admin\src\views\modules\config\list.vue?vue&type=script&lang=js&
<s> [webpack.Progress] 40% building 187/244 modules 57 active F:\springboot32e20828n\springboot32e20828n\src\main\resources\admin\node_modules\cache-loader\dist\cjs.js??ref--12-0!F:\springboot32e20828n\springboot32e20828n\src\main\resources\admin\node_modules\babel-loader\lib\index.js!F:\springboot32e20828n\springboot32e20828n\src\main\resources\admin\node_modules\cache-loader\dist\cjs.js??ref--0-0!F:\springboot32e20828n\springboot32e20828n\src\main\resources\admin\node_modules\vue-loader\lib\index.js??vue-loader-options!F:\springboot32e20828n\springboot32e20828n\src\main\resources\admin\src\views\modules\config\list.vue?vue&type=script&lang=js&
<s> [webpack.Progress] 40% building 188/244 modules 56 active F:\springboot32e20828n\springboot32e20828n\src\main\resources\admin\node_modules\cache-loader\dist\cjs.js??ref--12-0!F:\springboot32e20828n\springboot32e20828n\src\main\resources\admin\node_modules\babel-loader\lib\index.js!F:\springboot32e20828n\springboot32e20828n\src\main\resources\admin\node_modules\cache-loader\dist\cjs.js??ref--0-0!F:\springboot32e20828n\springboot32e20828n\src\main\resources\admin\node_modules\vue-loader\lib\index.js??vue-loader-options!F:\springboot32e20828n\springboot32e20828n\src\main\resources\admin\src\views\modules\config\list.vue?vue&type=script&lang=js&
<s> [webpack.Progress] 40% building 189/244 modules 55 active F:\springboot32e20828n\springboot32e20828n\src\main\resources\admin\node_modules\cache-loader\dist\cjs.js??ref--12-0!F:\springboot32e20828n\springboot32e20828n\src\main\resources\admin\node_modules\babel-loader\lib\index.js!F:\springboot32e20828n\springboot32e20828n\src\main\resources\admin\node_modules\cache-loader\dist\cjs.js??ref--0-0!F:\springboot32e20828n\springboot32e20828n\src\main\resources\admin\node_modules\vue-loader\lib\index.js??vue-loader-options!F:\springboot32e20828n\springboot32e20828n\src\main\resources\admin\src\views\modules\config\list.vue?vue&type=script&lang=js&
<s> [webpack.Progress] 40% building 190/244 modules 54 active F:\springboot32e20828n\springboot32e20828n\src\main\resources\admin\node_modules\cache-loader\dist\cjs.js??ref--12-0!F:\springboot32e20828n\springboot32e20828n\src\main\resources\admin\node_modules\babel-loader\lib\index.js!F:\springboot32e20828n\springboot32e20828n\src\main\resources\admin\node_modules\cache-loader\dist\cjs.js??ref--0-0!F:\springboot32e20828n\springboot32e20828n\src\main\resources\admin\node_modules\vue-loader\lib\index.js??vue-loader-options!F:\springboot32e20828n\springboot32e20828n\src\main\resources\admin\src\views\modules\config\list.vue?vue&type=script&lang=js&
<s> [webpack.Progress] 40% building 190/245 modules 55 active F:\springboot32e20828n\springboot32e20828n\src\main\resources\admin\node_modules\vue-loader\lib\loaders\pitcher.js??ref--4!F:\springboot32e20828n\springboot32e20828n\src\main\resources\admin\node_modules\vue-style-loader\index.js??ref--8-oneOf-1-0!F:\springboot32e20828n\springboot32e20828n\src\main\resources\admin\node_modules\css-loader\dist\cjs.js??ref--8-oneOf-1-1!F:\springboot32e20828n\springboot32e20828n\src\main\resources\admin\node_modules\postcss-loader\src\index.js??ref--8-oneOf-1-2!F:\springboot32e20828n\springboot32e20828n\src\main\resources\admin\node_modules\sass-loader\dist\cjs.js??ref--8-oneOf-1-3!F:\springboot32e20828n\springboot32e20828n\src\main\resources\admin\node_modules\cache-loader\dist\cjs.js??ref--0-0!F:\springboot32e20828n\springboot32e20828n\src\main\resources\admin\node_modules\vue-loader\lib\index.js??vue-loader-options!F:\springboot32e20828n\springboot32e20828n\src\main\resources\admin\src\views\modules\qingjiashenqing\list.vue?vue&type=style&index=0&id=8fb2eb62&lang=scss&scoped=true&
<s> [webpack.Progress] 40% building 191/245 modules 54 active F:\springboot32e20828n\springboot32e20828n\src\main\resources\admin\node_modules\cache-loader\dist\cjs.js??ref--12-0!F:\springboot32e20828n\springboot32e20828n\src\main\resources\admin\node_modules\babel-loader\lib\index.js!F:\springboot32e20828n\springboot32e20828n\src\main\resources\admin\node_modules\cache-loader\dist\cjs.js??ref--0-0!F:\springboot32e20828n\springboot32e20828n\src\main\resources\admin\node_modules\vue-loader\lib\index.js??vue-loader-options!F:\springboot32e20828n\springboot32e20828n\src\main\resources\admin\src\views\modules\config\list.vue?vue&type=script&lang=js&
<s> [webpack.Progress] 40% building 191/246 modules 55 active F:\springboot32e20828n\springboot32e20828n\src\main\resources\admin\node_modules\vue-style-loader\index.js??ref--8-oneOf-1-0!F:\springboot32e20828n\springboot32e20828n\src\main\resources\admin\node_modules\css-loader\dist\cjs.js??ref--8-oneOf-1-1!F:\springboot32e20828n\springboot32e20828n\src\main\resources\admin\node_modules\vue-loader\lib\loaders\stylePostLoader.js!F:\springboot32e20828n\springboot32e20828n\src\main\resources\admin\node_modules\postcss-loader\src\index.js??ref--8-oneOf-1-2!F:\springboot32e20828n\springboot32e20828n\src\main\resources\admin\node_modules\sass-loader\dist\cjs.js??ref--8-oneOf-1-3!F:\springboot32e20828n\springboot32e20828n\src\main\resources\admin\node_modules\cache-loader\dist\cjs.js??ref--0-0!F:\springboot32e20828n\springboot32e20828n\src\main\resources\admin\node_modules\vue-loader\lib\index.js??vue-loader-options!F:\springboot32e20828n\springboot32e20828n\src\main\resources\admin\src\views\modules\qingjiashenqing\list.vue?vue&type=style&index=0&id=8fb2eb62&lang=scss&scoped=true&
<s> [webpack.Progress] 40% building 192/246 modules 54 active F:\springboot32e20828n\springboot32e20828n\src\main\resources\admin\node_modules\cache-loader\dist\cjs.js??ref--12-0!F:\springboot32e20828n\springboot32e20828n\src\main\resources\admin\node_modules\babel-loader\lib\index.js!F:\springboot32e20828n\springboot32e20828n\src\main\resources\admin\node_modules\cache-loader\dist\cjs.js??ref--0-0!F:\springboot32e20828n\springboot32e20828n\src\main\resources\admin\node_modules\vue-loader\lib\index.js??vue-loader-options!F:\springboot32e20828n\springboot32e20828n\src\main\resources\admin\src\views\modules\config\list.vue?vue&type=script&lang=js&
<s> [webpack.Progress] 40% building 192/247 modules 55 active F:\springboot32e20828n\springboot32e20828n\src\main\resources\admin\node_modules\css-loader\dist\cjs.js??ref--8-oneOf-1-1!F:\springboot32e20828n\springboot32e20828n\src\main\resources\admin\node_modules\vue-loader\lib\loaders\stylePostLoader.js!F:\springboot32e20828n\springboot32e20828n\src\main\resources\admin\node_modules\postcss-loader\src\index.js??ref--8-oneOf-1-2!F:\springboot32e20828n\springboot32e20828n\src\main\resources\admin\node_modules\sass-loader\dist\cjs.js??ref--8-oneOf-1-3!F:\springboot32e20828n\springboot32e20828n\src\main\resources\admin\node_modules\cache-loader\dist\cjs.js??ref--0-0!F:\springboot32e20828n\springboot32e20828n\src\main\resources\admin\node_modules\vue-loader\lib\index.js??vue-loader-options!F:\springboot32e20828n\springboot32e20828n\src\main\resources\admin\src\views\modules\qingjiashenqing\list.vue?vue&type=style&index=0&id=8fb2eb62&lang=scss&scoped=true&
<s> [webpack.Progress] 40% building 193/247 modules 54 active F:\springboot32e20828n\springboot32e20828n\src\main\resources\admin\node_modules\css-loader\dist\cjs.js??ref--8-oneOf-1-1!F:\springboot32e20828n\springboot32e20828n\src\main\resources\admin\node_modules\vue-loader\lib\loaders\stylePostLoader.js!F:\springboot32e20828n\springboot32e20828n\src\main\resources\admin\node_modules\postcss-loader\src\index.js??ref--8-oneOf-1-2!F:\springboot32e20828n\springboot32e20828n\src\main\resources\admin\node_modules\sass-loader\dist\cjs.js??ref--8-oneOf-1-3!F:\springboot32e20828n\springboot32e20828n\src\main\resources\admin\node_modules\cache-loader\dist\cjs.js??ref--0-0!F:\springboot32e20828n\springboot32e20828n\src\main\resources\admin\node_modules\vue-loader\lib\index.js??vue-loader-options!F:\springboot32e20828n\springboot32e20828n\src\main\resources\admin\src\views\modules\qingjiashenqing\list.vue?vue&type=style&index=0&id=8fb2eb62&lang=scss&scoped=true&
<s> [webpack.Progress] 40% building 194/247 modules 53 active F:\springboot32e20828n\springboot32e20828n\src\main\resources\admin\node_modules\css-loader\dist\cjs.js??ref--8-oneOf-1-1!F:\springboot32e20828n\springboot32e20828n\src\main\resources\admin\node_modules\vue-loader\lib\loaders\stylePostLoader.js!F:\springboot32e20828n\springboot32e20828n\src\main\resources\admin\node_modules\postcss-loader\src\index.js??ref--8-oneOf-1-2!F:\springboot32e20828n\springboot32e20828n\src\main\resources\admin\node_modules\sass-loader\dist\cjs.js??ref--8-oneOf-1-3!F:\springboot32e20828n\springboot32e20828n\src\main\resources\admin\node_modules\cache-loader\dist\cjs.js??ref--0-0!F:\springboot32e20828n\springboot32e20828n\src\main\resources\admin\node_modules\vue-loader\lib\index.js??vue-loader-options!F:\springboot32e20828n\springboot32e20828n\src\main\resources\admin\src\views\modules\qingjiashenqing\list.vue?vue&type=style&index=0&id=8fb2eb62&lang=scss&scoped=true&
<s> [webpack.Progress] 40% building 194/248 modules 54 active F:\springboot32e20828n\springboot32e20828n\src\main\resources\admin\node_modules\vue-loader\lib\loaders\pitcher.js??ref--4!F:\springboot32e20828n\springboot32e20828n\src\main\resources\admin\node_modules\cache-loader\dist\cjs.js??ref--12-0!F:\springboot32e20828n\springboot32e20828n\src\main\resources\admin\node_modules\babel-loader\lib\index.js!F:\springboot32e20828n\springboot32e20828n\src\main\resources\admin\node_modules\cache-loader\dist\cjs.js??ref--0-0!F:\springboot32e20828n\springboot32e20828n\src\main\resources\admin\node_modules\vue-loader\lib\index.js??vue-loader-options!F:\springboot32e20828n\springboot32e20828n\src\main\resources\admin\src\views\modules\qingjiashenqing\list.vue?vue&type=script&lang=js&
<s> [webpack.Progress] 40% building 195/248 modules 53 active F:\springboot32e20828n\springboot32e20828n\src\main\resources\admin\node_modules\css-loader\dist\cjs.js??ref--8-oneOf-1-1!F:\springboot32e20828n\springboot32e20828n\src\main\resources\admin\node_modules\vue-loader\lib\loaders\stylePostLoader.js!F:\springboot32e20828n\springboot32e20828n\src\main\resources\admin\node_modules\postcss-loader\src\index.js??ref--8-oneOf-1-2!F:\springboot32e20828n\springboot32e20828n\src\main\resources\admin\node_modules\sass-loader\dist\cjs.js??ref--8-oneOf-1-3!F:\springboot32e20828n\springboot32e20828n\src\main\resources\admin\node_modules\cache-loader\dist\cjs.js??ref--0-0!F:\springboot32e20828n\springboot32e20828n\src\main\resources\admin\node_modules\vue-loader\lib\index.js??vue-loader-options!F:\springboot32e20828n\springboot32e20828n\src\main\resources\admin\src\views\modules\qingjiashenqing\list.vue?vue&type=style&index=0&id=8fb2eb62&lang=scss&scoped=true&
<s> [webpack.Progress] 40% building 195/249 modules 54 active F:\springboot32e20828n\springboot32e20828n\src\main\resources\admin\node_modules\cache-loader\dist\cjs.js??ref--12-0!F:\springboot32e20828n\springboot32e20828n\src\main\resources\admin\node_modules\babel-loader\lib\index.js!F:\springboot32e20828n\springboot32e20828n\src\main\resources\admin\node_modules\cache-loader\dist\cjs.js??ref--0-0!F:\springboot32e20828n\springboot32e20828n\src\main\resources\admin\node_modules\vue-loader\lib\index.js??vue-loader-options!F:\springboot32e20828n\springboot32e20828n\src\main\resources\admin\src\views\modules\qingjiashenqing\list.vue?vue&type=script&lang=js&
<s> [webpack.Progress] 40% building 196/249 modules 53 active F:\springboot32e20828n\springboot32e20828n\src\main\resources\admin\node_modules\cache-loader\dist\cjs.js??ref--12-0!F:\springboot32e20828n\springboot32e20828n\src\main\resources\admin\node_modules\babel-loader\lib\index.js!F:\springboot32e20828n\springboot32e20828n\src\main\resources\admin\node_modules\cache-loader\dist\cjs.js??ref--0-0!F:\springboot32e20828n\springboot32e20828n\src\main\resources\admin\node_modules\vue-loader\lib\index.js??vue-loader-options!F:\springboot32e20828n\springboot32e20828n\src\main\resources\admin\src\views\modules\qingjiashenqing\list.vue?vue&type=script&lang=js&
<s> [webpack.Progress] 40% building 197/249 modules 52 active F:\springboot32e20828n\springboot32e20828n\src\main\resources\admin\node_modules\cache-loader\dist\cjs.js??ref--12-0!F:\springboot32e20828n\springboot32e20828n\src\main\resources\admin\node_modules\babel-loader\lib\index.js!F:\springboot32e20828n\springboot32e20828n\src\main\resources\admin\node_modules\cache-loader\dist\cjs.js??ref--0-0!F:\springboot32e20828n\springboot32e20828n\src\main\resources\admin\node_modules\vue-loader\lib\index.js??vue-loader-options!F:\springboot32e20828n\springboot32e20828n\src\main\resources\admin\src\views\modules\qingjiashenqing\list.vue?vue&type=script&lang=js&
<s> [webpack.Progress] 40% building 198/249 modules 51 active F:\springboot32e20828n\springboot32e20828n\src\main\resources\admin\node_modules\cache-loader\dist\cjs.js??ref--12-0!F:\springboot32e20828n\springboot32e20828n\src\main\resources\admin\node_modules\babel-loader\lib\index.js!F:\springboot32e20828n\springboot32e20828n\src\main\resources\admin\node_modules\cache-loader\dist\cjs.js??ref--0-0!F:\springboot32e20828n\springboot32e20828n\src\main\resources\admin\node_modules\vue-loader\lib\index.js??vue-loader-options!F:\springboot32e20828n\springboot32e20828n\src\main\resources\admin\src\views\modules\qingjiashenqing\list.vue?vue&type=script&lang=js&
<s> [webpack.Progress] 40% building 199/249 modules 50 active F:\springboot32e20828n\springboot32e20828n\src\main\resources\admin\node_modules\cache-loader\dist\cjs.js??ref--12-0!F:\springboot32e20828n\springboot32e20828n\src\main\resources\admin\node_modules\babel-loader\lib\index.js!F:\springboot32e20828n\springboot32e20828n\src\main\resources\admin\node_modules\cache-loader\dist\cjs.js??ref--0-0!F:\springboot32e20828n\springboot32e20828n\src\main\resources\admin\node_modules\vue-loader\lib\index.js??vue-loader-options!F:\springboot32e20828n\springboot32e20828n\src\main\resources\admin\src\views\modules\qingjiashenqing\list.vue?vue&type=script&lang=js&
<s> [webpack.Progress] 40% building 200/249 modules 49 active F:\springboot32e20828n\springboot32e20828n\src\main\resources\admin\node_modules\cache-loader\dist\cjs.js??ref--12-0!F:\springboot32e20828n\springboot32e20828n\src\main\resources\admin\node_modules\babel-loader\lib\index.js!F:\springboot32e20828n\springboot32e20828n\src\main\resources\admin\node_modules\cache-loader\dist\cjs.js??ref--0-0!F:\springboot32e20828n\springboot32e20828n\src\main\resources\admin\node_modules\vue-loader\lib\index.js??vue-loader-options!F:\springboot32e20828n\springboot32e20828n\src\main\resources\admin\src\views\modules\qingjiashenqing\list.vue?vue&type=script&lang=js&
<s> [webpack.Progress] 40% building 201/249 modules 48 active F:\springboot32e20828n\springboot32e20828n\src\main\resources\admin\node_modules\cache-loader\dist\cjs.js??ref--12-0!F:\springboot32e20828n\springboot32e20828n\src\main\resources\admin\node_modules\babel-loader\lib\index.js!F:\springboot32e20828n\springboot32e20828n\src\main\resources\admin\node_modules\cache-loader\dist\cjs.js??ref--0-0!F:\springboot32e20828n\springboot32e20828n\src\main\resources\admin\node_modules\vue-loader\lib\index.js??vue-loader-options!F:\springboot32e20828n\springboot32e20828n\src\main\resources\admin\src\views\modules\qingjiashenqing\list.vue?vue&type=script&lang=js&
<s> [webpack.Progress] 40% building 202/249 modules 47 active F:\springboot32e20828n\springboot32e20828n\src\main\resources\admin\node_modules\cache-loader\dist\cjs.js??ref--12-0!F:\springboot32e20828n\springboot32e20828n\src\main\resources\admin\node_modules\babel-loader\lib\index.js!F:\springboot32e20828n\springboot32e20828n\src\main\resources\admin\node_modules\cache-loader\dist\cjs.js??ref--0-0!F:\springboot32e20828n\springboot32e20828n\src\main\resources\admin\node_modules\vue-loader\lib\index.js??vue-loader-options!F:\springboot32e20828n\springboot32e20828n\src\main\resources\admin\src\views\modules\qingjiashenqing\list.vue?vue&type=script&lang=js&
<s> [webpack.Progress] 40% building 203/249 modules 46 active F:\springboot32e20828n\springboot32e20828n\src\main\resources\admin\node_modules\cache-loader\dist\cjs.js??ref--12-0!F:\springboot32e20828n\springboot32e20828n\src\main\resources\admin\node_modules\babel-loader\lib\index.js!F:\springboot32e20828n\springboot32e20828n\src\main\resources\admin\node_modules\cache-loader\dist\cjs.js??ref--0-0!F:\springboot32e20828n\springboot32e20828n\src\main\resources\admin\node_modules\vue-loader\lib\index.js??vue-loader-options!F:\springboot32e20828n\springboot32e20828n\src\main\resources\admin\src\views\modules\qingjiashenqing\list.vue?vue&type=script&lang=js&
<s> [webpack.Progress] 40% building 204/249 modules 45 active F:\springboot32e20828n\springboot32e20828n\src\main\resources\admin\node_modules\cache-loader\dist\cjs.js??ref--12-0!F:\springboot32e20828n\springboot32e20828n\src\main\resources\admin\node_modules\babel-loader\lib\index.js!F:\springboot32e20828n\springboot32e20828n\src\main\resources\admin\node_modules\cache-loader\dist\cjs.js??ref--0-0!F:\springboot32e20828n\springboot32e20828n\src\main\resources\admin\node_modules\vue-loader\lib\index.js??vue-loader-options!F:\springboot32e20828n\springboot32e20828n\src\main\resources\admin\src\views\modules\qingjiashenqing\list.vue?vue&type=script&lang=js&
<s> [webpack.Progress] 40% building 205/249 modules 44 active F:\springboot32e20828n\springboot32e20828n\src\main\resources\admin\node_modules\cache-loader\dist\cjs.js??ref--12-0!F:\springboot32e20828n\springboot32e20828n\src\main\resources\admin\node_modules\babel-loader\lib\index.js!F:\springboot32e20828n\springboot32e20828n\src\main\resources\admin\node_modules\cache-loader\dist\cjs.js??ref--0-0!F:\springboot32e20828n\springboot32e20828n\src\main\resources\admin\node_modules\vue-loader\lib\index.js??vue-loader-options!F:\springboot32e20828n\springboot32e20828n\src\main\resources\admin\src\views\modules\qingjiashenqing\list.vue?vue&type=script&lang=js&
<s> [webpack.Progress] 40% building 206/249 modules 43 active F:\springboot32e20828n\springboot32e20828n\src\main\resources\admin\node_modules\cache-loader\dist\cjs.js??ref--12-0!F:\springboot32e20828n\springboot32e20828n\src\main\resources\admin\node_modules\babel-loader\lib\index.js!F:\springboot32e20828n\springboot32e20828n\src\main\resources\admin\node_modules\cache-loader\dist\cjs.js??ref--0-0!F:\springboot32e20828n\springboot32e20828n\src\main\resources\admin\node_modules\vue-loader\lib\index.js??vue-loader-options!F:\springboot32e20828n\springboot32e20828n\src\main\resources\admin\src\views\modules\qingjiashenqing\list.vue?vue&type=script&lang=js&
<s> [webpack.Progress] 40% building 206/250 modules 44 active F:\springboot32e20828n\springboot32e20828n\src\main\resources\admin\node_modules\vue-loader\lib\loaders\pitcher.js??ref--4!F:\springboot32e20828n\springboot32e20828n\src\main\resources\admin\node_modules\vue-style-loader\index.js??ref--8-oneOf-1-0!F:\springboot32e20828n\springboot32e20828n\src\main\resources\admin\node_modules\css-loader\dist\cjs.js??ref--8-oneOf-1-1!F:\springboot32e20828n\springboot32e20828n\src\main\resources\admin\node_modules\postcss-loader\src\index.js??ref--8-oneOf-1-2!F:\springboot32e20828n\springboot32e20828n\src\main\resources\admin\node_modules\sass-loader\dist\cjs.js??ref--8-oneOf-1-3!F:\springboot32e20828n\springboot32e20828n\src\main\resources\admin\node_modules\cache-loader\dist\cjs.js??ref--0-0!F:\springboot32e20828n\springboot32e20828n\src\main\resources\admin\node_modules\vue-loader\lib\index.js??vue-loader-options!F:\springboot32e20828n\springboot32e20828n\src\main\resources\admin\src\views\modules\zhiweishensu\list.vue?vue&type=style&index=0&id=6007e30a&lang=scss&scoped=true&
<s> [webpack.Progress] 40% building 207/250 modules 43 active F:\springboot32e20828n\springboot32e20828n\src\main\resources\admin\node_modules\cache-loader\dist\cjs.js??ref--12-0!F:\springboot32e20828n\springboot32e20828n\src\main\resources\admin\node_modules\babel-loader\lib\index.js!F:\springboot32e20828n\springboot32e20828n\src\main\resources\admin\node_modules\cache-loader\dist\cjs.js??ref--0-0!F:\springboot32e20828n\springboot32e20828n\src\main\resources\admin\node_modules\vue-loader\lib\index.js??vue-loader-options!F:\springboot32e20828n\springboot32e20828n\src\main\resources\admin\src\views\modules\qingjiashenqing\list.vue?vue&type=script&lang=js&
<s> [webpack.Progress] 40% building 207/251 modules 44 active F:\springboot32e20828n\springboot32e20828n\src\main\resources\admin\node_modules\vue-style-loader\index.js??ref--8-oneOf-1-0!F:\springboot32e20828n\springboot32e20828n\src\main\resources\admin\node_modules\css-loader\dist\cjs.js??ref--8-oneOf-1-1!F:\springboot32e20828n\springboot32e20828n\src\main\resources\admin\node_modules\vue-loader\lib\loaders\stylePostLoader.js!F:\springboot32e20828n\springboot32e20828n\src\main\resources\admin\node_modules\postcss-loader\src\index.js??ref--8-oneOf-1-2!F:\springboot32e20828n\springboot32e20828n\src\main\resources\admin\node_modules\sass-loader\dist\cjs.js??ref--8-oneOf-1-3!F:\springboot32e20828n\springboot32e20828n\src\main\resources\admin\node_modules\cache-loader\dist\cjs.js??ref--0-0!F:\springboot32e20828n\springboot32e20828n\src\main\resources\admin\node_modules\vue-loader\lib\index.js??vue-loader-options!F:\springboot32e20828n\springboot32e20828n\src\main\resources\admin\src\views\modules\zhiweishensu\list.vue?vue&type=style&index=0&id=6007e30a&lang=scss&scoped=true&
<s> [webpack.Progress] 40% building 208/251 modules 43 active F:\springboot32e20828n\springboot32e20828n\src\main\resources\admin\node_modules\cache-loader\dist\cjs.js??ref--12-0!F:\springboot32e20828n\springboot32e20828n\src\main\resources\admin\node_modules\babel-loader\lib\index.js!F:\springboot32e20828n\springboot32e20828n\src\main\resources\admin\node_modules\cache-loader\dist\cjs.js??ref--0-0!F:\springboot32e20828n\springboot32e20828n\src\main\resources\admin\node_modules\vue-loader\lib\index.js??vue-loader-options!F:\springboot32e20828n\springboot32e20828n\src\main\resources\admin\src\views\modules\qingjiashenqing\list.vue?vue&type=script&lang=js&
<s> [webpack.Progress] 40% building 208/252 modules 44 active F:\springboot32e20828n\springboot32e20828n\src\main\resources\admin\node_modules\css-loader\dist\cjs.js??ref--8-oneOf-1-1!F:\springboot32e20828n\springboot32e20828n\src\main\resources\admin\node_modules\vue-loader\lib\loaders\stylePostLoader.js!F:\springboot32e20828n\springboot32e20828n\src\main\resources\admin\node_modules\postcss-loader\src\index.js??ref--8-oneOf-1-2!F:\springboot32e20828n\springboot32e20828n\src\main\resources\admin\node_modules\sass-loader\dist\cjs.js??ref--8-oneOf-1-3!F:\springboot32e20828n\springboot32e20828n\src\main\resources\admin\node_modules\cache-loader\dist\cjs.js??ref--0-0!F:\springboot32e20828n\springboot32e20828n\src\main\resources\admin\node_modules\vue-loader\lib\index.js??vue-loader-options!F:\springboot32e20828n\springboot32e20828n\src\main\resources\admin\src\views\modules\zhiweishensu\list.vue?vue&type=style&index=0&id=6007e30a&lang=scss&scoped=true&
<s> [webpack.Progress] 40% building 208/253 modules 45 active F:\springboot32e20828n\springboot32e20828n\src\main\resources\admin\node_modules\vue-loader\lib\loaders\pitcher.js??ref--4!F:\springboot32e20828n\springboot32e20828n\src\main\resources\admin\node_modules\cache-loader\dist\cjs.js??ref--12-0!F:\springboot32e20828n\springboot32e20828n\src\main\resources\admin\node_modules\babel-loader\lib\index.js!F:\springboot32e20828n\springboot32e20828n\src\main\resources\admin\node_modules\cache-loader\dist\cjs.js??ref--0-0!F:\springboot32e20828n\springboot32e20828n\src\main\resources\admin\node_modules\vue-loader\lib\index.js??vue-loader-options!F:\springboot32e20828n\springboot32e20828n\src\main\resources\admin\src\views\modules\zhiweishensu\list.vue?vue&type=script&lang=js&
<s> [webpack.Progress] 40% building 209/253 modules 44 active F:\springboot32e20828n\springboot32e20828n\src\main\resources\admin\node_modules\css-loader\dist\cjs.js??ref--8-oneOf-1-1!F:\springboot32e20828n\springboot32e20828n\src\main\resources\admin\node_modules\vue-loader\lib\loaders\stylePostLoader.js!F:\springboot32e20828n\springboot32e20828n\src\main\resources\admin\node_modules\postcss-loader\src\index.js??ref--8-oneOf-1-2!F:\springboot32e20828n\springboot32e20828n\src\main\resources\admin\node_modules\sass-loader\dist\cjs.js??ref--8-oneOf-1-3!F:\springboot32e20828n\springboot32e20828n\src\main\resources\admin\node_modules\cache-loader\dist\cjs.js??ref--0-0!F:\springboot32e20828n\springboot32e20828n\src\main\resources\admin\node_modules\vue-loader\lib\index.js??vue-loader-options!F:\springboot32e20828n\springboot32e20828n\src\main\resources\admin\src\views\modules\zhiweishensu\list.vue?vue&type=style&index=0&id=6007e30a&lang=scss&scoped=true&
<s> [webpack.Progress] 40% building 209/254 modules 45 active F:\springboot32e20828n\springboot32e20828n\src\main\resources\admin\node_modules\cache-loader\dist\cjs.js??ref--12-0!F:\springboot32e20828n\springboot32e20828n\src\main\resources\admin\node_modules\babel-loader\lib\index.js!F:\springboot32e20828n\springboot32e20828n\src\main\resources\admin\node_modules\cache-loader\dist\cjs.js??ref--0-0!F:\springboot32e20828n\springboot32e20828n\src\main\resources\admin\node_modules\vue-loader\lib\index.js??vue-loader-options!F:\springboot32e20828n\springboot32e20828n\src\main\resources\admin\src\views\modules\zhiweishensu\list.vue?vue&type=script&lang=js&
<s> [webpack.Progress] 40% building 210/254 modules 44 active F:\springboot32e20828n\springboot32e20828n\src\main\resources\admin\node_modules\cache-loader\dist\cjs.js??ref--12-0!F:\springboot32e20828n\springboot32e20828n\src\main\resources\admin\node_modules\babel-loader\lib\index.js!F:\springboot32e20828n\springboot32e20828n\src\main\resources\admin\node_modules\cache-loader\dist\cjs.js??ref--0-0!F:\springboot32e20828n\springboot32e20828n\src\main\resources\admin\node_modules\vue-loader\lib\index.js??vue-loader-options!F:\springboot32e20828n\springboot32e20828n\src\main\resources\admin\src\views\modules\zhiweishensu\list.vue?vue&type=script&lang=js&
<s> [webpack.Progress] 40% building 211/254 modules 43 active F:\springboot32e20828n\springboot32e20828n\src\main\resources\admin\node_modules\cache-loader\dist\cjs.js??ref--12-0!F:\springboot32e20828n\springboot32e20828n\src\main\resources\admin\node_modules\babel-loader\lib\index.js!F:\springboot32e20828n\springboot32e20828n\src\main\resources\admin\node_modules\cache-loader\dist\cjs.js??ref--0-0!F:\springboot32e20828n\springboot32e20828n\src\main\resources\admin\node_modules\vue-loader\lib\index.js??vue-loader-options!F:\springboot32e20828n\springboot32e20828n\src\main\resources\admin\src\views\modules\zhiweishensu\list.vue?vue&type=script&lang=js&
<s> [webpack.Progress] 40% building 212/254 modules 42 active F:\springboot32e20828n\springboot32e20828n\src\main\resources\admin\node_modules\cache-loader\dist\cjs.js??ref--12-0!F:\springboot32e20828n\springboot32e20828n\src\main\resources\admin\node_modules\babel-loader\lib\index.js!F:\springboot32e20828n\springboot32e20828n\src\main\resources\admin\node_modules\cache-loader\dist\cjs.js??ref--0-0!F:\springboot32e20828n\springboot32e20828n\src\main\resources\admin\node_modules\vue-loader\lib\index.js??vue-loader-options!F:\springboot32e20828n\springboot32e20828n\src\main\resources\admin\src\views\modules\zhiweishensu\list.vue?vue&type=script&lang=js&
<s> [webpack.Progress] 40% building 213/254 modules 41 active F:\springboot32e20828n\springboot32e20828n\src\main\resources\admin\node_modules\cache-loader\dist\cjs.js??ref--12-0!F:\springboot32e20828n\springboot32e20828n\src\main\resources\admin\node_modules\babel-loader\lib\index.js!F:\springboot32e20828n\springboot32e20828n\src\main\resources\admin\node_modules\cache-loader\dist\cjs.js??ref--0-0!F:\springboot32e20828n\springboot32e20828n\src\main\resources\admin\node_modules\vue-loader\lib\index.js??vue-loader-options!F:\springboot32e20828n\springboot32e20828n\src\main\resources\admin\src\views\modules\zhiweishensu\list.vue?vue&type=script&lang=js&
<s> [webpack.Progress] 40% building 213/255 modules 42 active F:\springboot32e20828n\springboot32e20828n\src\main\resources\admin\node_modules\vue-loader\lib\loaders\pitcher.js??ref--4!F:\springboot32e20828n\springboot32e20828n\src\main\resources\admin\node_modules\vue-style-loader\index.js??ref--8-oneOf-1-0!F:\springboot32e20828n\springboot32e20828n\src\main\resources\admin\node_modules\css-loader\dist\cjs.js??ref--8-oneOf-1-1!F:\springboot32e20828n\springboot32e20828n\src\main\resources\admin\node_modules\postcss-loader\src\index.js??ref--8-oneOf-1-2!F:\springboot32e20828n\springboot32e20828n\src\main\resources\admin\node_modules\sass-loader\dist\cjs.js??ref--8-oneOf-1-3!F:\springboot32e20828n\springboot32e20828n\src\main\resources\admin\node_modules\cache-loader\dist\cjs.js??ref--0-0!F:\springboot32e20828n\springboot32e20828n\src\main\resources\admin\node_modules\vue-loader\lib\index.js??vue-loader-options!F:\springboot32e20828n\springboot32e20828n\src\main\resources\admin\src\views\modules\users\list.vue?vue&type=style&index=0&id=54fb0ce7&lang=scss&scoped=true&
<s> [webpack.Progress] 40% building 214/255 modules 41 active F:\springboot32e20828n\springboot32e20828n\src\main\resources\admin\node_modules\cache-loader\dist\cjs.js??ref--12-0!F:\springboot32e20828n\springboot32e20828n\src\main\resources\admin\node_modules\babel-loader\lib\index.js!F:\springboot32e20828n\springboot32e20828n\src\main\resources\admin\node_modules\cache-loader\dist\cjs.js??ref--0-0!F:\springboot32e20828n\springboot32e20828n\src\main\resources\admin\node_modules\vue-loader\lib\index.js??vue-loader-options!F:\springboot32e20828n\springboot32e20828n\src\main\resources\admin\src\views\modules\zhiweishensu\list.vue?vue&type=script&lang=js&
<s> [webpack.Progress] 40% building 214/256 modules 42 active F:\springboot32e20828n\springboot32e20828n\src\main\resources\admin\node_modules\vue-style-loader\index.js??ref--8-oneOf-1-0!F:\springboot32e20828n\springboot32e20828n\src\main\resources\admin\node_modules\css-loader\dist\cjs.js??ref--8-oneOf-1-1!F:\springboot32e20828n\springboot32e20828n\src\main\resources\admin\node_modules\vue-loader\lib\loaders\stylePostLoader.js!F:\springboot32e20828n\springboot32e20828n\src\main\resources\admin\node_modules\postcss-loader\src\index.js??ref--8-oneOf-1-2!F:\springboot32e20828n\springboot32e20828n\src\main\resources\admin\node_modules\sass-loader\dist\cjs.js??ref--8-oneOf-1-3!F:\springboot32e20828n\springboot32e20828n\src\main\resources\admin\node_modules\cache-loader\dist\cjs.js??ref--0-0!F:\springboot32e20828n\springboot32e20828n\src\main\resources\admin\node_modules\vue-loader\lib\index.js??vue-loader-options!F:\springboot32e20828n\springboot32e20828n\src\main\resources\admin\src\views\modules\users\list.vue?vue&type=style&index=0&id=54fb0ce7&lang=scss&scoped=true&
<s> [webpack.Progress] 40% building 215/256 modules 41 active F:\springboot32e20828n\springboot32e20828n\src\main\resources\admin\node_modules\cache-loader\dist\cjs.js??ref--12-0!F:\springboot32e20828n\springboot32e20828n\src\main\resources\admin\node_modules\babel-loader\lib\index.js!F:\springboot32e20828n\springboot32e20828n\src\main\resources\admin\node_modules\cache-loader\dist\cjs.js??ref--0-0!F:\springboot32e20828n\springboot32e20828n\src\main\resources\admin\node_modules\vue-loader\lib\index.js??vue-loader-options!F:\springboot32e20828n\springboot32e20828n\src\main\resources\admin\src\views\modules\zhiweishensu\list.vue?vue&type=script&lang=js&
<s> [webpack.Progress] 40% building 215/257 modules 42 active F:\springboot32e20828n\springboot32e20828n\src\main\resources\admin\node_modules\css-loader\dist\cjs.js??ref--8-oneOf-1-1!F:\springboot32e20828n\springboot32e20828n\src\main\resources\admin\node_modules\vue-loader\lib\loaders\stylePostLoader.js!F:\springboot32e20828n\springboot32e20828n\src\main\resources\admin\node_modules\postcss-loader\src\index.js??ref--8-oneOf-1-2!F:\springboot32e20828n\springboot32e20828n\src\main\resources\admin\node_modules\sass-loader\dist\cjs.js??ref--8-oneOf-1-3!F:\springboot32e20828n\springboot32e20828n\src\main\resources\admin\node_modules\cache-loader\dist\cjs.js??ref--0-0!F:\springboot32e20828n\springboot32e20828n\src\main\resources\admin\node_modules\vue-loader\lib\index.js??vue-loader-options!F:\springboot32e20828n\springboot32e20828n\src\main\resources\admin\src\views\modules\users\list.vue?vue&type=style&index=0&id=54fb0ce7&lang=scss&scoped=true&
<s> [webpack.Progress] 40% building 216/257 modules 41 active F:\springboot32e20828n\springboot32e20828n\src\main\resources\admin\node_modules\css-loader\dist\cjs.js??ref--8-oneOf-1-1!F:\springboot32e20828n\springboot32e20828n\src\main\resources\admin\node_modules\vue-loader\lib\loaders\stylePostLoader.js!F:\springboot32e20828n\springboot32e20828n\src\main\resources\admin\node_modules\postcss-loader\src\index.js??ref--8-oneOf-1-2!F:\springboot32e20828n\springboot32e20828n\src\main\resources\admin\node_modules\sass-loader\dist\cjs.js??ref--8-oneOf-1-3!F:\springboot32e20828n\springboot32e20828n\src\main\resources\admin\node_modules\cache-loader\dist\cjs.js??ref--0-0!F:\springboot32e20828n\springboot32e20828n\src\main\resources\admin\node_modules\vue-loader\lib\index.js??vue-loader-options!F:\springboot32e20828n\springboot32e20828n\src\main\resources\admin\src\views\modules\users\list.vue?vue&type=style&index=0&id=54fb0ce7&lang=scss&scoped=true&
<s> [webpack.Progress] 40% building 216/258 modules 42 active F:\springboot32e20828n\springboot32e20828n\src\main\resources\admin\node_modules\echarts\lib\export\api.js
<s> [webpack.Progress] 40% building 216/259 modules 43 active F:\springboot32e20828n\springboot32e20828n\src\main\resources\admin\node_modules\element-ui\lib\radio.js
<s> [webpack.Progress] 40% building 216/260 modules 44 active F:\springboot32e20828n\springboot32e20828n\src\main\resources\admin\node_modules\element-ui\lib\popover.js
<s> [webpack.Progress] 40% building 217/260 modules 43 active F:\springboot32e20828n\springboot32e20828n\src\main\resources\admin\node_modules\element-ui\lib\popover.js
<s> [webpack.Progress] 40% building 217/261 modules 44 active F:\springboot32e20828n\springboot32e20828n\src\main\resources\admin\node_modules\vue-loader\lib\loaders\pitcher.js??ref--4!F:\springboot32e20828n\springboot32e20828n\src\main\resources\admin\node_modules\cache-loader\dist\cjs.js??ref--12-0!F:\springboot32e20828n\springboot32e20828n\src\main\resources\admin\node_modules\babel-loader\lib\index.js!F:\springboot32e20828n\springboot32e20828n\src\main\resources\admin\node_modules\cache-loader\dist\cjs.js??ref--0-0!F:\springboot32e20828n\springboot32e20828n\src\main\resources\admin\node_modules\vue-loader\lib\index.js??vue-loader-options!F:\springboot32e20828n\springboot32e20828n\src\main\resources\admin\src\views\modules\users\list.vue?vue&type=script&lang=js&
<s> [webpack.Progress] 40% building 218/261 modules 43 active F:\springboot32e20828n\springboot32e20828n\src\main\resources\admin\node_modules\element-ui\lib\popover.js
<s> [webpack.Progress] 40% building 218/262 modules 44 active F:\springboot32e20828n\springboot32e20828n\src\main\resources\admin\node_modules\cache-loader\dist\cjs.js??ref--12-0!F:\springboot32e20828n\springboot32e20828n\src\main\resources\admin\node_modules\babel-loader\lib\index.js!F:\springboot32e20828n\springboot32e20828n\src\main\resources\admin\node_modules\cache-loader\dist\cjs.js??ref--0-0!F:\springboot32e20828n\springboot32e20828n\src\main\resources\admin\node_modules\vue-loader\lib\index.js??vue-loader-options!F:\springboot32e20828n\springboot32e20828n\src\main\resources\admin\src\views\modules\users\list.vue?vue&type=script&lang=js&
<s> [webpack.Progress] 40% building 219/262 modules 43 active F:\springboot32e20828n\springboot32e20828n\src\main\resources\admin\node_modules\cache-loader\dist\cjs.js??ref--12-0!F:\springboot32e20828n\springboot32e20828n\src\main\resources\admin\node_modules\babel-loader\lib\index.js!F:\springboot32e20828n\springboot32e20828n\src\main\resources\admin\node_modules\cache-loader\dist\cjs.js??ref--0-0!F:\springboot32e20828n\springboot32e20828n\src\main\resources\admin\node_modules\vue-loader\lib\index.js??vue-loader-options!F:\springboot32e20828n\springboot32e20828n\src\main\resources\admin\src\views\modules\users\list.vue?vue&type=script&lang=js&
<s> [webpack.Progress] 40% building 220/262 modules 42 active F:\springboot32e20828n\springboot32e20828n\src\main\resources\admin\node_modules\cache-loader\dist\cjs.js??ref--12-0!F:\springboot32e20828n\springboot32e20828n\src\main\resources\admin\node_modules\babel-loader\lib\index.js!F:\springboot32e20828n\springboot32e20828n\src\main\resources\admin\node_modules\cache-loader\dist\cjs.js??ref--0-0!F:\springboot32e20828n\springboot32e20828n\src\main\resources\admin\node_modules\vue-loader\lib\index.js??vue-loader-options!F:\springboot32e20828n\springboot32e20828n\src\main\resources\admin\src\views\modules\users\list.vue?vue&type=script&lang=js&
<s> [webpack.Progress] 40% building 220/263 modules 43 active F:\springboot32e20828n\springboot32e20828n\src\main\resources\admin\node_modules\vue-loader\lib\loaders\pitcher.js??ref--4!F:\springboot32e20828n\springboot32e20828n\src\main\resources\admin\node_modules\vue-style-loader\index.js??ref--8-oneOf-1-0!F:\springboot32e20828n\springboot32e20828n\src\main\resources\admin\node_modules\css-loader\dist\cjs.js??ref--8-oneOf-1-1!F:\springboot32e20828n\springboot32e20828n\src\main\resources\admin\node_modules\postcss-loader\src\index.js??ref--8-oneOf-1-2!F:\springboot32e20828n\springboot32e20828n\src\main\resources\admin\node_modules\sass-loader\dist\cjs.js??ref--8-oneOf-1-3!F:\springboot32e20828n\springboot32e20828n\src\main\resources\admin\node_modules\cache-loader\dist\cjs.js??ref--0-0!F:\springboot32e20828n\springboot32e20828n\src\main\resources\admin\node_modules\vue-loader\lib\index.js??vue-loader-options!F:\springboot32e20828n\springboot32e20828n\src\main\resources\admin\src\views\modules\syslog\list.vue?vue&type=style&index=0&id=a086f2b8&lang=scss&scoped=true&
<s> [webpack.Progress] 40% building 221/263 modules 42 active F:\springboot32e20828n\springboot32e20828n\src\main\resources\admin\node_modules\cache-loader\dist\cjs.js??ref--12-0!F:\springboot32e20828n\springboot32e20828n\src\main\resources\admin\node_modules\babel-loader\lib\index.js!F:\springboot32e20828n\springboot32e20828n\src\main\resources\admin\node_modules\cache-loader\dist\cjs.js??ref--0-0!F:\springboot32e20828n\springboot32e20828n\src\main\resources\admin\node_modules\vue-loader\lib\index.js??vue-loader-options!F:\springboot32e20828n\springboot32e20828n\src\main\resources\admin\src\views\modules\users\list.vue?vue&type=script&lang=js&
<s> [webpack.Progress] 40% building 221/264 modules 43 active F:\springboot32e20828n\springboot32e20828n\src\main\resources\admin\node_modules\vue-style-loader\index.js??ref--8-oneOf-1-0!F:\springboot32e20828n\springboot32e20828n\src\main\resources\admin\node_modules\css-loader\dist\cjs.js??ref--8-oneOf-1-1!F:\springboot32e20828n\springboot32e20828n\src\main\resources\admin\node_modules\vue-loader\lib\loaders\stylePostLoader.js!F:\springboot32e20828n\springboot32e20828n\src\main\resources\admin\node_modules\postcss-loader\src\index.js??ref--8-oneOf-1-2!F:\springboot32e20828n\springboot32e20828n\src\main\resources\admin\node_modules\sass-loader\dist\cjs.js??ref--8-oneOf-1-3!F:\springboot32e20828n\springboot32e20828n\src\main\resources\admin\node_modules\cache-loader\dist\cjs.js??ref--0-0!F:\springboot32e20828n\springboot32e20828n\src\main\resources\admin\node_modules\vue-loader\lib\index.js??vue-loader-options!F:\springboot32e20828n\springboot32e20828n\src\main\resources\admin\src\views\modules\syslog\list.vue?vue&type=style&index=0&id=a086f2b8&lang=scss&scoped=true&
<s> [webpack.Progress] 40% building 222/264 modules 42 active F:\springboot32e20828n\springboot32e20828n\src\main\resources\admin\node_modules\cache-loader\dist\cjs.js??ref--12-0!F:\springboot32e20828n\springboot32e20828n\src\main\resources\admin\node_modules\babel-loader\lib\index.js!F:\springboot32e20828n\springboot32e20828n\src\main\resources\admin\node_modules\cache-loader\dist\cjs.js??ref--0-0!F:\springboot32e20828n\springboot32e20828n\src\main\resources\admin\node_modules\vue-loader\lib\index.js??vue-loader-options!F:\springboot32e20828n\springboot32e20828n\src\main\resources\admin\src\views\modules\users\list.vue?vue&type=script&lang=js&
<s> [webpack.Progress] 40% building 222/265 modules 43 active F:\springboot32e20828n\springboot32e20828n\src\main\resources\admin\node_modules\css-loader\dist\cjs.js??ref--8-oneOf-1-1!F:\springboot32e20828n\springboot32e20828n\src\main\resources\admin\node_modules\vue-loader\lib\loaders\stylePostLoader.js!F:\springboot32e20828n\springboot32e20828n\src\main\resources\admin\node_modules\postcss-loader\src\index.js??ref--8-oneOf-1-2!F:\springboot32e20828n\springboot32e20828n\src\main\resources\admin\node_modules\sass-loader\dist\cjs.js??ref--8-oneOf-1-3!F:\springboot32e20828n\springboot32e20828n\src\main\resources\admin\node_modules\cache-loader\dist\cjs.js??ref--0-0!F:\springboot32e20828n\springboot32e20828n\src\main\resources\admin\node_modules\vue-loader\lib\index.js??vue-loader-options!F:\springboot32e20828n\springboot32e20828n\src\main\resources\admin\src\views\modules\syslog\list.vue?vue&type=style&index=0&id=a086f2b8&lang=scss&scoped=true&
<s> [webpack.Progress] 40% building 223/265 modules 42 active F:\springboot32e20828n\springboot32e20828n\src\main\resources\admin\node_modules\css-loader\dist\cjs.js??ref--8-oneOf-1-1!F:\springboot32e20828n\springboot32e20828n\src\main\resources\admin\node_modules\vue-loader\lib\loaders\stylePostLoader.js!F:\springboot32e20828n\springboot32e20828n\src\main\resources\admin\node_modules\postcss-loader\src\index.js??ref--8-oneOf-1-2!F:\springboot32e20828n\springboot32e20828n\src\main\resources\admin\node_modules\sass-loader\dist\cjs.js??ref--8-oneOf-1-3!F:\springboot32e20828n\springboot32e20828n\src\main\resources\admin\node_modules\cache-loader\dist\cjs.js??ref--0-0!F:\springboot32e20828n\springboot32e20828n\src\main\resources\admin\node_modules\vue-loader\lib\index.js??vue-loader-options!F:\springboot32e20828n\springboot32e20828n\src\main\resources\admin\src\views\modules\syslog\list.vue?vue&type=style&index=0&id=a086f2b8&lang=scss&scoped=true&
<s> [webpack.Progress] 40% building 223/266 modules 43 active F:\springboot32e20828n\springboot32e20828n\src\main\resources\admin\node_modules\vue-loader\lib\loaders\pitcher.js??ref--4!F:\springboot32e20828n\springboot32e20828n\src\main\resources\admin\node_modules\cache-loader\dist\cjs.js??ref--12-0!F:\springboot32e20828n\springboot32e20828n\src\main\resources\admin\node_modules\babel-loader\lib\index.js!F:\springboot32e20828n\springboot32e20828n\src\main\resources\admin\node_modules\cache-loader\dist\cjs.js??ref--0-0!F:\springboot32e20828n\springboot32e20828n\src\main\resources\admin\node_modules\vue-loader\lib\index.js??vue-loader-options!F:\springboot32e20828n\springboot32e20828n\src\main\resources\admin\src\views\modules\syslog\list.vue?vue&type=script&lang=js&
<s> [webpack.Progress] 40% building 224/266 modules 42 active F:\springboot32e20828n\springboot32e20828n\src\main\resources\admin\node_modules\css-loader\dist\cjs.js??ref--8-oneOf-1-1!F:\springboot32e20828n\springboot32e20828n\src\main\resources\admin\node_modules\vue-loader\lib\loaders\stylePostLoader.js!F:\springboot32e20828n\springboot32e20828n\src\main\resources\admin\node_modules\postcss-loader\src\index.js??ref--8-oneOf-1-2!F:\springboot32e20828n\springboot32e20828n\src\main\resources\admin\node_modules\sass-loader\dist\cjs.js??ref--8-oneOf-1-3!F:\springboot32e20828n\springboot32e20828n\src\main\resources\admin\node_modules\cache-loader\dist\cjs.js??ref--0-0!F:\springboot32e20828n\springboot32e20828n\src\main\resources\admin\node_modules\vue-loader\lib\index.js??vue-loader-options!F:\springboot32e20828n\springboot32e20828n\src\main\resources\admin\src\views\modules\syslog\list.vue?vue&type=style&index=0&id=a086f2b8&lang=scss&scoped=true&
<s> [webpack.Progress] 40% building 224/267 modules 43 active F:\springboot32e20828n\springboot32e20828n\src\main\resources\admin\node_modules\cache-loader\dist\cjs.js??ref--12-0!F:\springboot32e20828n\springboot32e20828n\src\main\resources\admin\node_modules\babel-loader\lib\index.js!F:\springboot32e20828n\springboot32e20828n\src\main\resources\admin\node_modules\cache-loader\dist\cjs.js??ref--0-0!F:\springboot32e20828n\springboot32e20828n\src\main\resources\admin\node_modules\vue-loader\lib\index.js??vue-loader-options!F:\springboot32e20828n\springboot32e20828n\src\main\resources\admin\src\views\modules\syslog\list.vue?vue&type=script&lang=js&
<s> [webpack.Progress] 40% building 225/267 modules 42 active F:\springboot32e20828n\springboot32e20828n\src\main\resources\admin\node_modules\cache-loader\dist\cjs.js??ref--12-0!F:\springboot32e20828n\springboot32e20828n\src\main\resources\admin\node_modules\babel-loader\lib\index.js!F:\springboot32e20828n\springboot32e20828n\src\main\resources\admin\node_modules\cache-loader\dist\cjs.js??ref--0-0!F:\springboot32e20828n\springboot32e20828n\src\main\resources\admin\node_modules\vue-loader\lib\index.js??vue-loader-options!F:\springboot32e20828n\springboot32e20828n\src\main\resources\admin\src\views\modules\syslog\list.vue?vue&type=script&lang=js&
<s> [webpack.Progress] 40% building 226/267 modules 41 active F:\springboot32e20828n\springboot32e20828n\src\main\resources\admin\node_modules\cache-loader\dist\cjs.js??ref--12-0!F:\springboot32e20828n\springboot32e20828n\src\main\resources\admin\node_modules\babel-loader\lib\index.js!F:\springboot32e20828n\springboot32e20828n\src\main\resources\admin\node_modules\cache-loader\dist\cjs.js??ref--0-0!F:\springboot32e20828n\springboot32e20828n\src\main\resources\admin\node_modules\vue-loader\lib\index.js??vue-loader-options!F:\springboot32e20828n\springboot32e20828n\src\main\resources\admin\src\views\modules\syslog\list.vue?vue&type=script&lang=js&
<s> [webpack.Progress] 40% building 226/268 modules 42 active F:\springboot32e20828n\springboot32e20828n\src\main\resources\admin\node_modules\element-ui\lib\cascader-panel.js
<s> [webpack.Progress] 40% building 226/269 modules 43 active F:\springboot32e20828n\springboot32e20828n\src\main\resources\admin\node_modules\node-libs-browser\mock\process.js
<s> [webpack.Progress] 40% building 226/270 modules 44 active F:\springboot32e20828n\springboot32e20828n\src\main\resources\admin\node_modules\vue-loader\lib\loaders\pitcher.js??ref--4!F:\springboot32e20828n\springboot32e20828n\src\main\resources\admin\node_modules\vue-style-loader\index.js??ref--8-oneOf-1-0!F:\springboot32e20828n\springboot32e20828n\src\main\resources\admin\node_modules\css-loader\dist\cjs.js??ref--8-oneOf-1-1!F:\springboot32e20828n\springboot32e20828n\src\main\resources\admin\node_modules\postcss-loader\src\index.js??ref--8-oneOf-1-2!F:\springboot32e20828n\springboot32e20828n\src\main\resources\admin\node_modules\sass-loader\dist\cjs.js??ref--8-oneOf-1-3!F:\springboot32e20828n\springboot32e20828n\src\main\resources\admin\node_modules\cache-loader\dist\cjs.js??ref--0-0!F:\springboot32e20828n\springboot32e20828n\src\main\resources\admin\node_modules\vue-loader\lib\index.js??vue-loader-options!F:\springboot32e20828n\springboot32e20828n\src\main\resources\admin\src\views\modules\jixiaokaohe\list.vue?vue&type=style&index=0&id=36d5feb7&lang=scss&scoped=true&
<s> [webpack.Progress] 40% building 227/270 modules 43 active F:\springboot32e20828n\springboot32e20828n\src\main\resources\admin\node_modules\node-libs-browser\mock\process.js
<s> [webpack.Progress] 40% building 227/271 modules 44 active F:\springboot32e20828n\springboot32e20828n\src\main\resources\admin\node_modules\vue-style-loader\index.js??ref--8-oneOf-1-0!F:\springboot32e20828n\springboot32e20828n\src\main\resources\admin\node_modules\css-loader\dist\cjs.js??ref--8-oneOf-1-1!F:\springboot32e20828n\springboot32e20828n\src\main\resources\admin\node_modules\vue-loader\lib\loaders\stylePostLoader.js!F:\springboot32e20828n\springboot32e20828n\src\main\resources\admin\node_modules\postcss-loader\src\index.js??ref--8-oneOf-1-2!F:\springboot32e20828n\springboot32e20828n\src\main\resources\admin\node_modules\sass-loader\dist\cjs.js??ref--8-oneOf-1-3!F:\springboot32e20828n\springboot32e20828n\src\main\resources\admin\node_modules\cache-loader\dist\cjs.js??ref--0-0!F:\springboot32e20828n\springboot32e20828n\src\main\resources\admin\node_modules\vue-loader\lib\index.js??vue-loader-options!F:\springboot32e20828n\springboot32e20828n\src\main\resources\admin\src\views\modules\jixiaokaohe\list.vue?vue&type=style&index=0&id=36d5feb7&lang=scss&scoped=true&
<s> [webpack.Progress] 40% building 228/271 modules 43 active F:\springboot32e20828n\springboot32e20828n\src\main\resources\admin\node_modules\node-libs-browser\mock\process.js
<s> [webpack.Progress] 40% building 228/272 modules 44 active F:\springboot32e20828n\springboot32e20828n\src\main\resources\admin\node_modules\css-loader\dist\cjs.js??ref--8-oneOf-1-1!F:\springboot32e20828n\springboot32e20828n\src\main\resources\admin\node_modules\vue-loader\lib\loaders\stylePostLoader.js!F:\springboot32e20828n\springboot32e20828n\src\main\resources\admin\node_modules\postcss-loader\src\index.js??ref--8-oneOf-1-2!F:\springboot32e20828n\springboot32e20828n\src\main\resources\admin\node_modules\sass-loader\dist\cjs.js??ref--8-oneOf-1-3!F:\springboot32e20828n\springboot32e20828n\src\main\resources\admin\node_modules\cache-loader\dist\cjs.js??ref--0-0!F:\springboot32e20828n\springboot32e20828n\src\main\resources\admin\node_modules\vue-loader\lib\index.js??vue-loader-options!F:\springboot32e20828n\springboot32e20828n\src\main\resources\admin\src\views\modules\jixiaokaohe\list.vue?vue&type=style&index=0&id=36d5feb7&lang=scss&scoped=true&
<s> [webpack.Progress] 40% building 228/273 modules 45 active F:\springboot32e20828n\springboot32e20828n\src\main\resources\admin\node_modules\vue-loader\lib\loaders\pitcher.js??ref--4!F:\springboot32e20828n\springboot32e20828n\src\main\resources\admin\node_modules\cache-loader\dist\cjs.js??ref--12-0!F:\springboot32e20828n\springboot32e20828n\src\main\resources\admin\node_modules\babel-loader\lib\index.js!F:\springboot32e20828n\springboot32e20828n\src\main\resources\admin\node_modules\cache-loader\dist\cjs.js??ref--0-0!F:\springboot32e20828n\springboot32e20828n\src\main\resources\admin\node_modules\vue-loader\lib\index.js??vue-loader-options!F:\springboot32e20828n\springboot32e20828n\src\main\resources\admin\src\views\modules\jixiaokaohe\list.vue?vue&type=script&lang=js&
<s> [webpack.Progress] 40% building 229/273 modules 44 active F:\springboot32e20828n\springboot32e20828n\src\main\resources\admin\node_modules\css-loader\dist\cjs.js??ref--8-oneOf-1-1!F:\springboot32e20828n\springboot32e20828n\src\main\resources\admin\node_modules\vue-loader\lib\loaders\stylePostLoader.js!F:\springboot32e20828n\springboot32e20828n\src\main\resources\admin\node_modules\postcss-loader\src\index.js??ref--8-oneOf-1-2!F:\springboot32e20828n\springboot32e20828n\src\main\resources\admin\node_modules\sass-loader\dist\cjs.js??ref--8-oneOf-1-3!F:\springboot32e20828n\springboot32e20828n\src\main\resources\admin\node_modules\cache-loader\dist\cjs.js??ref--0-0!F:\springboot32e20828n\springboot32e20828n\src\main\resources\admin\node_modules\vue-loader\lib\index.js??vue-loader-options!F:\springboot32e20828n\springboot32e20828n\src\main\resources\admin\src\views\modules\jixiaokaohe\list.vue?vue&type=style&index=0&id=36d5feb7&lang=scss&scoped=true&
<s> [webpack.Progress] 40% building 229/274 modules 45 active F:\springboot32e20828n\springboot32e20828n\src\main\resources\admin\node_modules\cache-loader\dist\cjs.js??ref--12-0!F:\springboot32e20828n\springboot32e20828n\src\main\resources\admin\node_modules\babel-loader\lib\index.js!F:\springboot32e20828n\springboot32e20828n\src\main\resources\admin\node_modules\cache-loader\dist\cjs.js??ref--0-0!F:\springboot32e20828n\springboot32e20828n\src\main\resources\admin\node_modules\vue-loader\lib\index.js??vue-loader-options!F:\springboot32e20828n\springboot32e20828n\src\main\resources\admin\src\views\modules\jixiaokaohe\list.vue?vue&type=script&lang=js&
<s> [webpack.Progress] 40% building 229/275 modules 46 active F:\springboot32e20828n\springboot32e20828n\src\main\resources\admin\node_modules\element-ui\lib\input-number.js
<s> [webpack.Progress] 40% building 230/275 modules 45 active F:\springboot32e20828n\springboot32e20828n\src\main\resources\admin\node_modules\element-ui\lib\input-number.js
<s> [webpack.Progress] 40% building 230/276 modules 46 active F:\springboot32e20828n\springboot32e20828n\src\main\resources\admin\node_modules\vue-loader\lib\loaders\pitcher.js??ref--4!F:\springboot32e20828n\springboot32e20828n\src\main\resources\admin\node_modules\vue-style-loader\index.js??ref--8-oneOf-1-0!F:\springboot32e20828n\springboot32e20828n\src\main\resources\admin\node_modules\css-loader\dist\cjs.js??ref--8-oneOf-1-1!F:\springboot32e20828n\springboot32e20828n\src\main\resources\admin\node_modules\postcss-loader\src\index.js??ref--8-oneOf-1-2!F:\springboot32e20828n\springboot32e20828n\src\main\resources\admin\node_modules\sass-loader\dist\cjs.js??ref--8-oneOf-1-3!F:\springboot32e20828n\springboot32e20828n\src\main\resources\admin\node_modules\cache-loader\dist\cjs.js??ref--0-0!F:\springboot32e20828n\springboot32e20828n\src\main\resources\admin\node_modules\vue-loader\lib\index.js??vue-loader-options!F:\springboot32e20828n\springboot32e20828n\src\main\resources\admin\src\views\modules\zhiweixinxi\list.vue?vue&type=style&index=0&id=37449d61&lang=scss&scoped=true&
<s> [webpack.Progress] 40% building 231/276 modules 45 active F:\springboot32e20828n\springboot32e20828n\src\main\resources\admin\node_modules\element-ui\lib\input-number.js
<s> [webpack.Progress] 40% building 231/277 modules 46 active F:\springboot32e20828n\springboot32e20828n\src\main\resources\admin\node_modules\vue-style-loader\index.js??ref--8-oneOf-1-0!F:\springboot32e20828n\springboot32e20828n\src\main\resources\admin\node_modules\css-loader\dist\cjs.js??ref--8-oneOf-1-1!F:\springboot32e20828n\springboot32e20828n\src\main\resources\admin\node_modules\vue-loader\lib\loaders\stylePostLoader.js!F:\springboot32e20828n\springboot32e20828n\src\main\resources\admin\node_modules\postcss-loader\src\index.js??ref--8-oneOf-1-2!F:\springboot32e20828n\springboot32e20828n\src\main\resources\admin\node_modules\sass-loader\dist\cjs.js??ref--8-oneOf-1-3!F:\springboot32e20828n\springboot32e20828n\src\main\resources\admin\node_modules\cache-loader\dist\cjs.js??ref--0-0!F:\springboot32e20828n\springboot32e20828n\src\main\resources\admin\node_modules\vue-loader\lib\index.js??vue-loader-options!F:\springboot32e20828n\springboot32e20828n\src\main\resources\admin\src\views\modules\zhiweixinxi\list.vue?vue&type=style&index=0&id=37449d61&lang=scss&scoped=true&
<s> [webpack.Progress] 40% building 232/277 modules 45 active F:\springboot32e20828n\springboot32e20828n\src\main\resources\admin\node_modules\element-ui\lib\input-number.js
<s> [webpack.Progress] 40% building 232/278 modules 46 active F:\springboot32e20828n\springboot32e20828n\src\main\resources\admin\node_modules\css-loader\dist\cjs.js??ref--8-oneOf-1-1!F:\springboot32e20828n\springboot32e20828n\src\main\resources\admin\node_modules\vue-loader\lib\loaders\stylePostLoader.js!F:\springboot32e20828n\springboot32e20828n\src\main\resources\admin\node_modules\postcss-loader\src\index.js??ref--8-oneOf-1-2!F:\springboot32e20828n\springboot32e20828n\src\main\resources\admin\node_modules\sass-loader\dist\cjs.js??ref--8-oneOf-1-3!F:\springboot32e20828n\springboot32e20828n\src\main\resources\admin\node_modules\cache-loader\dist\cjs.js??ref--0-0!F:\springboot32e20828n\springboot32e20828n\src\main\resources\admin\node_modules\vue-loader\lib\index.js??vue-loader-options!F:\springboot32e20828n\springboot32e20828n\src\main\resources\admin\src\views\modules\zhiweixinxi\list.vue?vue&type=style&index=0&id=37449d61&lang=scss&scoped=true&
<s> [webpack.Progress] 40% building 232/279 modules 47 active F:\springboot32e20828n\springboot32e20828n\src\main\resources\admin\node_modules\vue-loader\lib\loaders\pitcher.js??ref--4!F:\springboot32e20828n\springboot32e20828n\src\main\resources\admin\node_modules\cache-loader\dist\cjs.js??ref--12-0!F:\springboot32e20828n\springboot32e20828n\src\main\resources\admin\node_modules\babel-loader\lib\index.js!F:\springboot32e20828n\springboot32e20828n\src\main\resources\admin\node_modules\cache-loader\dist\cjs.js??ref--0-0!F:\springboot32e20828n\springboot32e20828n\src\main\resources\admin\node_modules\vue-loader\lib\index.js??vue-loader-options!F:\springboot32e20828n\springboot32e20828n\src\main\resources\admin\src\views\modules\zhiweixinxi\list.vue?vue&type=script&lang=js&
<s> [webpack.Progress] 40% building 233/279 modules 46 active F:\springboot32e20828n\springboot32e20828n\src\main\resources\admin\node_modules\css-loader\dist\cjs.js??ref--8-oneOf-1-1!F:\springboot32e20828n\springboot32e20828n\src\main\resources\admin\node_modules\vue-loader\lib\loaders\stylePostLoader.js!F:\springboot32e20828n\springboot32e20828n\src\main\resources\admin\node_modules\postcss-loader\src\index.js??ref--8-oneOf-1-2!F:\springboot32e20828n\springboot32e20828n\src\main\resources\admin\node_modules\sass-loader\dist\cjs.js??ref--8-oneOf-1-3!F:\springboot32e20828n\springboot32e20828n\src\main\resources\admin\node_modules\cache-loader\dist\cjs.js??ref--0-0!F:\springboot32e20828n\springboot32e20828n\src\main\resources\admin\node_modules\vue-loader\lib\index.js??vue-loader-options!F:\springboot32e20828n\springboot32e20828n\src\main\resources\admin\src\views\modules\zhiweixinxi\list.vue?vue&type=style&index=0&id=37449d61&lang=scss&scoped=true&
<s> [webpack.Progress] 40% building 233/280 modules 47 active F:\springboot32e20828n\springboot32e20828n\src\main\resources\admin\node_modules\cache-loader\dist\cjs.js??ref--12-0!F:\springboot32e20828n\springboot32e20828n\src\main\resources\admin\node_modules\babel-loader\lib\index.js!F:\springboot32e20828n\springboot32e20828n\src\main\resources\admin\node_modules\cache-loader\dist\cjs.js??ref--0-0!F:\springboot32e20828n\springboot32e20828n\src\main\resources\admin\node_modules\vue-loader\lib\index.js??vue-loader-options!F:\springboot32e20828n\springboot32e20828n\src\main\resources\admin\src\views\modules\zhiweixinxi\list.vue?vue&type=script&lang=js&
<s> [webpack.Progress] 40% building 234/280 modules 46 active F:\springboot32e20828n\springboot32e20828n\src\main\resources\admin\node_modules\cache-loader\dist\cjs.js??ref--12-0!F:\springboot32e20828n\springboot32e20828n\src\main\resources\admin\node_modules\babel-loader\lib\index.js!F:\springboot32e20828n\springboot32e20828n\src\main\resources\admin\node_modules\cache-loader\dist\cjs.js??ref--0-0!F:\springboot32e20828n\springboot32e20828n\src\main\resources\admin\node_modules\vue-loader\lib\index.js??vue-loader-options!F:\springboot32e20828n\springboot32e20828n\src\main\resources\admin\src\views\modules\zhiweixinxi\list.vue?vue&type=script&lang=js&
<s> [webpack.Progress] 40% building 234/281 modules 47 active F:\springboot32e20828n\springboot32e20828n\src\main\resources\admin\node_modules\echarts\lib\core\echarts.js
<s> [webpack.Progress] 40% building 234/282 modules 48 active F:\springboot32e20828n\springboot32e20828n\src\main\resources\admin\node_modules\echarts\lib\core\impl.js
<s> [webpack.Progress] 40% building 235/282 modules 47 active F:\springboot32e20828n\springboot32e20828n\src\main\resources\admin\node_modules\echarts\lib\core\impl.js
<s> [webpack.Progress] 40% building 235/283 modules 48 active F:\springboot32e20828n\springboot32e20828n\src\main\resources\admin\node_modules\echarts\lib\animation\universalTransition.js
<s> [webpack.Progress] 40% building 235/284 modules 49 active F:\springboot32e20828n\springboot32e20828n\src\main\resources\admin\node_modules\element-ui\lib\utils\date-util.js
<s> [webpack.Progress] 40% building 235/285 modules 50 active F:\springboot32e20828n\springboot32e20828n\src\main\resources\admin\node_modules\element-ui\lib\utils\aria-dialog.js
<s> [webpack.Progress] 40% building 235/286 modules 51 active F:\springboot32e20828n\springboot32e20828n\src\main\resources\admin\node_modules\echarts\lib\label\installLabelLayout.js
<s> [webpack.Progress] 40% building 235/287 modules 52 active F:\springboot32e20828n\springboot32e20828n\src\main\resources\admin\node_modules\cache-loader\dist\cjs.js??ref--12-0!F:\springboot32e20828n\springboot32e20828n\src\main\resources\admin\node_modules\babel-loader\lib\index.js!F:\springboot32e20828n\springboot32e20828n\src\main\resources\admin\src\store\modules\tagsView.js
<s> [webpack.Progress] 40% building 235/288 modules 53 active F:\springboot32e20828n\springboot32e20828n\src\main\resources\admin\node_modules\core-js\modules\es.function.name.js
<s> [webpack.Progress] 40% building 235/289 modules 54 active F:\springboot32e20828n\springboot32e20828n\src\main\resources\admin\node_modules\core-js\modules\es.array.concat.js
<s> [webpack.Progress] 40% building 235/290 modules 55 active F:\springboot32e20828n\springboot32e20828n\src\main\resources\admin\node_modules\vue-loader\lib\loaders\pitcher.js??ref--4!F:\springboot32e20828n\springboot32e20828n\src\main\resources\admin\node_modules\vue-style-loader\index.js??ref--8-oneOf-1-0!F:\springboot32e20828n\springboot32e20828n\src\main\resources\admin\node_modules\css-loader\dist\cjs.js??ref--8-oneOf-1-1!F:\springboot32e20828n\springboot32e20828n\src\main\resources\admin\node_modules\postcss-loader\src\index.js??ref--8-oneOf-1-2!F:\springboot32e20828n\springboot32e20828n\src\main\resources\admin\node_modules\sass-loader\dist\cjs.js??ref--8-oneOf-1-3!F:\springboot32e20828n\springboot32e20828n\src\main\resources\admin\node_modules\cache-loader\dist\cjs.js??ref--0-0!F:\springboot32e20828n\springboot32e20828n\src\main\resources\admin\node_modules\vue-loader\lib\index.js??vue-loader-options!F:\springboot32e20828n\springboot32e20828n\src\main\resources\admin\src\views\modules\zhiweidiaodong\list.vue?vue&type=style&index=0&id=4993a3f8&lang=scss&scoped=true&
<s> [webpack.Progress] 40% building 236/290 modules 54 active F:\springboot32e20828n\springboot32e20828n\src\main\resources\admin\node_modules\core-js\modules\es.array.concat.js
<s> [webpack.Progress] 40% building 236/291 modules 55 active F:\springboot32e20828n\springboot32e20828n\src\main\resources\admin\node_modules\vue-style-loader\index.js??ref--8-oneOf-1-0!F:\springboot32e20828n\springboot32e20828n\src\main\resources\admin\node_modules\css-loader\dist\cjs.js??ref--8-oneOf-1-1!F:\springboot32e20828n\springboot32e20828n\src\main\resources\admin\node_modules\vue-loader\lib\loaders\stylePostLoader.js!F:\springboot32e20828n\springboot32e20828n\src\main\resources\admin\node_modules\postcss-loader\src\index.js??ref--8-oneOf-1-2!F:\springboot32e20828n\springboot32e20828n\src\main\resources\admin\node_modules\sass-loader\dist\cjs.js??ref--8-oneOf-1-3!F:\springboot32e20828n\springboot32e20828n\src\main\resources\admin\node_modules\cache-loader\dist\cjs.js??ref--0-0!F:\springboot32e20828n\springboot32e20828n\src\main\resources\admin\node_modules\vue-loader\lib\index.js??vue-loader-options!F:\springboot32e20828n\springboot32e20828n\src\main\resources\admin\src\views\modules\zhiweidiaodong\list.vue?vue&type=style&index=0&id=4993a3f8&lang=scss&scoped=true&
<s> [webpack.Progress] 40% building 237/291 modules 54 active F:\springboot32e20828n\springboot32e20828n\src\main\resources\admin\node_modules\core-js\modules\es.array.concat.js
<s> [webpack.Progress] 40% building 237/292 modules 55 active F:\springboot32e20828n\springboot32e20828n\src\main\resources\admin\node_modules\css-loader\dist\cjs.js??ref--8-oneOf-1-1!F:\springboot32e20828n\springboot32e20828n\src\main\resources\admin\node_modules\vue-loader\lib\loaders\stylePostLoader.js!F:\springboot32e20828n\springboot32e20828n\src\main\resources\admin\node_modules\postcss-loader\src\index.js??ref--8-oneOf-1-2!F:\springboot32e20828n\springboot32e20828n\src\main\resources\admin\node_modules\sass-loader\dist\cjs.js??ref--8-oneOf-1-3!F:\springboot32e20828n\springboot32e20828n\src\main\resources\admin\node_modules\cache-loader\dist\cjs.js??ref--0-0!F:\springboot32e20828n\springboot32e20828n\src\main\resources\admin\node_modules\vue-loader\lib\index.js??vue-loader-options!F:\springboot32e20828n\springboot32e20828n\src\main\resources\admin\src\views\modules\zhiweidiaodong\list.vue?vue&type=style&index=0&id=4993a3f8&lang=scss&scoped=true&
<s> [webpack.Progress] 40% building 237/293 modules 56 active F:\springboot32e20828n\springboot32e20828n\src\main\resources\admin\node_modules\core-js\modules\es.array.for-each.js
<s> [webpack.Progress] 40% building 237/294 modules 57 active F:\springboot32e20828n\springboot32e20828n\src\main\resources\admin\node_modules\core-js\modules\web.url.js
<s> [webpack.Progress] 40% building 237/295 modules 58 active F:\springboot32e20828n\springboot32e20828n\src\main\resources\admin\node_modules\core-js\modules\web.dom-collections.for-each.js
<s> [webpack.Progress] 40% building 237/296 modules 59 active F:\springboot32e20828n\springboot32e20828n\src\main\resources\admin\node_modules\core-js\modules\web.dom-collections.iterator.js
<s> [webpack.Progress] 40% building 237/297 modules 60 active F:\springboot32e20828n\springboot32e20828n\src\main\resources\admin\node_modules\core-js\modules\es.string.starts-with.js
<s> [webpack.Progress] 40% building 237/298 modules 61 active F:\springboot32e20828n\springboot32e20828n\src\main\resources\admin\node_modules\core-js\modules\es.string.split.js
<s> [webpack.Progress] 40% building 237/299 modules 62 active F:\springboot32e20828n\springboot32e20828n\src\main\resources\admin\node_modules\core-js\modules\es.string.iterator.js
<s> [webpack.Progress] 40% building 237/300 modules 63 active F:\springboot32e20828n\springboot32e20828n\src\main\resources\admin\node_modules\core-js\modules\es.number.constructor.js
<s> [webpack.Progress] 40% building 237/301 modules 64 active F:\springboot32e20828n\springboot32e20828n\src\main\resources\admin\node_modules\cache-loader\dist\cjs.js??ref--12-0!F:\springboot32e20828n\springboot32e20828n\src\main\resources\admin\node_modules\babel-loader\lib\index.js!F:\springboot32e20828n\springboot32e20828n\src\main\resources\admin\src\utils\i18n.js
<s> [webpack.Progress] 40% building 237/302 modules 65 active F:\springboot32e20828n\springboot32e20828n\src\main\resources\admin\node_modules\core-js\modules\es.array.join.js
<s> [webpack.Progress] 40% building 237/303 modules 66 active F:\springboot32e20828n\springboot32e20828n\src\main\resources\admin\node_modules\core-js\modules\es.string.trim.js
<s> [webpack.Progress] 40% building 238/303 modules 65 active F:\springboot32e20828n\springboot32e20828n\src\main\resources\admin\node_modules\core-js\modules\es.string.trim.js
<s> [webpack.Progress] 40% building 239/303 modules 64 active F:\springboot32e20828n\springboot32e20828n\src\main\resources\admin\node_modules\core-js\modules\es.string.trim.js
<s> [webpack.Progress] 40% building 240/303 modules 63 active F:\springboot32e20828n\springboot32e20828n\src\main\resources\admin\node_modules\core-js\modules\es.string.trim.js
<s> [webpack.Progress] 40% building 241/303 modules 62 active F:\springboot32e20828n\springboot32e20828n\src\main\resources\admin\node_modules\core-js\modules\es.string.trim.js
<s> [webpack.Progress] 40% building 241/304 modules 63 active F:\springboot32e20828n\springboot32e20828n\src\main\resources\admin\node_modules\core-js\internals\classof.js
<s> [webpack.Progress] 40% building 242/304 modules 62 active F:\springboot32e20828n\springboot32e20828n\src\main\resources\admin\node_modules\core-js\internals\classof.js
<s> [webpack.Progress] 40% building 243/304 modules 61 active F:\springboot32e20828n\springboot32e20828n\src\main\resources\admin\node_modules\core-js\internals\classof.js
<s> [webpack.Progress] 40% building 244/304 modules 60 active F:\springboot32e20828n\springboot32e20828n\src\main\resources\admin\node_modules\core-js\internals\classof.js
<s> [webpack.Progress] 40% building 245/304 modules 59 active F:\springboot32e20828n\springboot32e20828n\src\main\resources\admin\node_modules\core-js\internals\classof.js
<s> [webpack.Progress] 40% building 246/304 modules 58 active F:\springboot32e20828n\springboot32e20828n\src\main\resources\admin\node_modules\core-js\internals\classof.js
<s> [webpack.Progress] 40% building 247/304 modules 57 active F:\springboot32e20828n\springboot32e20828n\src\main\resources\admin\node_modules\core-js\internals\classof.js
<s> [webpack.Progress] 40% building 248/304 modules 56 active F:\springboot32e20828n\springboot32e20828n\src\main\resources\admin\node_modules\core-js\internals\classof.js
<s> [webpack.Progress] 40% building 249/304 modules 55 active F:\springboot32e20828n\springboot32e20828n\src\main\resources\admin\node_modules\core-js\internals\classof.js
<s> [webpack.Progress] 40% building 250/304 modules 54 active F:\springboot32e20828n\springboot32e20828n\src\main\resources\admin\node_modules\core-js\internals\classof.js
<s> [webpack.Progress] 40% building 251/304 modules 53 active F:\springboot32e20828n\springboot32e20828n\src\main\resources\admin\node_modules\core-js\internals\classof.js
<s> [webpack.Progress] 40% building 252/304 modules 52 active F:\springboot32e20828n\springboot32e20828n\src\main\resources\admin\node_modules\core-js\internals\classof.js
<s> [webpack.Progress] 40% building 253/304 modules 51 active F:\springboot32e20828n\springboot32e20828n\src\main\resources\admin\node_modules\core-js\internals\classof.js
<s> [webpack.Progress] 40% building 254/304 modules 50 active F:\springboot32e20828n\springboot32e20828n\src\main\resources\admin\node_modules\core-js\internals\classof.js
<s> [webpack.Progress] 40% building 254/305 modules 51 active F:\springboot32e20828n\springboot32e20828n\src\main\resources\admin\node_modules\vue-style-loader\index.js??ref--6-oneOf-3-0!F:\springboot32e20828n\springboot32e20828n\src\main\resources\admin\node_modules\css-loader\dist\cjs.js??ref--6-oneOf-3-1!F:\springboot32e20828n\springboot32e20828n\src\main\resources\admin\node_modules\postcss-loader\src\index.js??ref--6-oneOf-3-2!F:\springboot32e20828n\springboot32e20828n\src\main\resources\admin\node_modules\quill\dist\quill.bubble.css
<s> [webpack.Progress] 40% building 255/305 modules 50 active F:\springboot32e20828n\springboot32e20828n\src\main\resources\admin\node_modules\core-js\internals\classof.js
<s> [webpack.Progress] 40% building 255/306 modules 51 active F:\springboot32e20828n\springboot32e20828n\src\main\resources\admin\node_modules\css-loader\dist\cjs.js??ref--6-oneOf-3-1!F:\springboot32e20828n\springboot32e20828n\src\main\resources\admin\node_modules\postcss-loader\src\index.js??ref--6-oneOf-3-2!F:\springboot32e20828n\springboot32e20828n\src\main\resources\admin\node_modules\quill\dist\quill.bubble.css
<s> [webpack.Progress] 40% building 256/306 modules 50 active F:\springboot32e20828n\springboot32e20828n\src\main\resources\admin\node_modules\css-loader\dist\cjs.js??ref--6-oneOf-3-1!F:\springboot32e20828n\springboot32e20828n\src\main\resources\admin\node_modules\postcss-loader\src\index.js??ref--6-oneOf-3-2!F:\springboot32e20828n\springboot32e20828n\src\main\resources\admin\node_modules\quill\dist\quill.bubble.css
<s> [webpack.Progress] 40% building 257/306 modules 49 active F:\springboot32e20828n\springboot32e20828n\src\main\resources\admin\node_modules\css-loader\dist\cjs.js??ref--6-oneOf-3-1!F:\springboot32e20828n\springboot32e20828n\src\main\resources\admin\node_modules\postcss-loader\src\index.js??ref--6-oneOf-3-2!F:\springboot32e20828n\springboot32e20828n\src\main\resources\admin\node_modules\quill\dist\quill.bubble.css
<s> [webpack.Progress] 40% building 258/306 modules 48 active F:\springboot32e20828n\springboot32e20828n\src\main\resources\admin\node_modules\css-loader\dist\cjs.js??ref--6-oneOf-3-1!F:\springboot32e20828n\springboot32e20828n\src\main\resources\admin\node_modules\postcss-loader\src\index.js??ref--6-oneOf-3-2!F:\springboot32e20828n\springboot32e20828n\src\main\resources\admin\node_modules\quill\dist\quill.bubble.css
<s> [webpack.Progress] 41% building 259/306 modules 47 active F:\springboot32e20828n\springboot32e20828n\src\main\resources\admin\node_modules\css-loader\dist\cjs.js??ref--6-oneOf-3-1!F:\springboot32e20828n\springboot32e20828n\src\main\resources\admin\node_modules\postcss-loader\src\index.js??ref--6-oneOf-3-2!F:\springboot32e20828n\springboot32e20828n\src\main\resources\admin\node_modules\quill\dist\quill.bubble.css
<s> [webpack.Progress] 41% building 260/306 modules 46 active F:\springboot32e20828n\springboot32e20828n\src\main\resources\admin\node_modules\css-loader\dist\cjs.js??ref--6-oneOf-3-1!F:\springboot32e20828n\springboot32e20828n\src\main\resources\admin\node_modules\postcss-loader\src\index.js??ref--6-oneOf-3-2!F:\springboot32e20828n\springboot32e20828n\src\main\resources\admin\node_modules\quill\dist\quill.bubble.css
<s> [webpack.Progress] 41% building 261/306 modules 45 active F:\springboot32e20828n\springboot32e20828n\src\main\resources\admin\node_modules\css-loader\dist\cjs.js??ref--6-oneOf-3-1!F:\springboot32e20828n\springboot32e20828n\src\main\resources\admin\node_modules\postcss-loader\src\index.js??ref--6-oneOf-3-2!F:\springboot32e20828n\springboot32e20828n\src\main\resources\admin\node_modules\quill\dist\quill.bubble.css
<s> [webpack.Progress] 41% building 262/306 modules 44 active F:\springboot32e20828n\springboot32e20828n\src\main\resources\admin\node_modules\css-loader\dist\cjs.js??ref--6-oneOf-3-1!F:\springboot32e20828n\springboot32e20828n\src\main\resources\admin\node_modules\postcss-loader\src\index.js??ref--6-oneOf-3-2!F:\springboot32e20828n\springboot32e20828n\src\main\resources\admin\node_modules\quill\dist\quill.bubble.css
<s> [webpack.Progress] 41% building 263/306 modules 43 active F:\springboot32e20828n\springboot32e20828n\src\main\resources\admin\node_modules\css-loader\dist\cjs.js??ref--6-oneOf-3-1!F:\springboot32e20828n\springboot32e20828n\src\main\resources\admin\node_modules\postcss-loader\src\index.js??ref--6-oneOf-3-2!F:\springboot32e20828n\springboot32e20828n\src\main\resources\admin\node_modules\quill\dist\quill.bubble.css
<s> [webpack.Progress] 41% building 264/306 modules 42 active F:\springboot32e20828n\springboot32e20828n\src\main\resources\admin\node_modules\css-loader\dist\cjs.js??ref--6-oneOf-3-1!F:\springboot32e20828n\springboot32e20828n\src\main\resources\admin\node_modules\postcss-loader\src\index.js??ref--6-oneOf-3-2!F:\springboot32e20828n\springboot32e20828n\src\main\resources\admin\node_modules\quill\dist\quill.bubble.css
<s> [webpack.Progress] 41% building 265/306 modules 41 active F:\springboot32e20828n\springboot32e20828n\src\main\resources\admin\node_modules\css-loader\dist\cjs.js??ref--6-oneOf-3-1!F:\springboot32e20828n\springboot32e20828n\src\main\resources\admin\node_modules\postcss-loader\src\index.js??ref--6-oneOf-3-2!F:\springboot32e20828n\springboot32e20828n\src\main\resources\admin\node_modules\quill\dist\quill.bubble.css
<s> [webpack.Progress] 41% building 266/306 modules 40 active F:\springboot32e20828n\springboot32e20828n\src\main\resources\admin\node_modules\css-loader\dist\cjs.js??ref--6-oneOf-3-1!F:\springboot32e20828n\springboot32e20828n\src\main\resources\admin\node_modules\postcss-loader\src\index.js??ref--6-oneOf-3-2!F:\springboot32e20828n\springboot32e20828n\src\main\resources\admin\node_modules\quill\dist\quill.bubble.css
<s> [webpack.Progress] 41% building 266/307 modules 41 active F:\springboot32e20828n\springboot32e20828n\src\main\resources\admin\node_modules\core-js\internals\to-primitive.js
<s> [webpack.Progress] 41% building 266/308 modules 42 active F:\springboot32e20828n\springboot32e20828n\src\main\resources\admin\node_modules\core-js\internals\ie8-dom-define.js
<s> [webpack.Progress] 42% building 267/308 modules 41 active F:\springboot32e20828n\springboot32e20828n\src\main\resources\admin\node_modules\core-js\internals\ie8-dom-define.js
<s> [webpack.Progress] 42% building 268/308 modules 40 active F:\springboot32e20828n\springboot32e20828n\src\main\resources\admin\node_modules\core-js\internals\ie8-dom-define.js
<s> [webpack.Progress] 42% building 269/308 modules 39 active F:\springboot32e20828n\springboot32e20828n\src\main\resources\admin\node_modules\core-js\internals\ie8-dom-define.js
<s> [webpack.Progress] 42% building 270/308 modules 38 active F:\springboot32e20828n\springboot32e20828n\src\main\resources\admin\node_modules\core-js\internals\ie8-dom-define.js
<s> [webpack.Progress] 42% building 271/308 modules 37 active F:\springboot32e20828n\springboot32e20828n\src\main\resources\admin\node_modules\core-js\internals\ie8-dom-define.js
<s> [webpack.Progress] 42% building 271/309 modules 38 active F:\springboot32e20828n\springboot32e20828n\src\main\resources\admin\node_modules\core-js\internals\own-keys.js
<s> [webpack.Progress] 42% building 271/310 modules 39 active F:\springboot32e20828n\springboot32e20828n\src\main\resources\admin\node_modules\core-js\internals\create-property-descriptor.js
<s> [webpack.Progress] 42% building 271/311 modules 40 active F:\springboot32e20828n\springboot32e20828n\src\main\resources\admin\node_modules\core-js\internals\object-get-prototype-of.js
<s> [webpack.Progress] 42% building 271/312 modules 41 active F:\springboot32e20828n\springboot32e20828n\src\main\resources\admin\node_modules\core-js\internals\a-possible-prototype.js
<s> [webpack.Progress] 42% building 271/313 modules 42 active F:\springboot32e20828n\springboot32e20828n\src\main\resources\admin\node_modules\core-js\internals\object-property-is-enumerable.js
<s> [webpack.Progress] 42% building 271/314 modules 43 active F:\springboot32e20828n\springboot32e20828n\src\main\resources\admin\node_modules\core-js\internals\uid.js
<s> [webpack.Progress] 42% building 271/315 modules 44 active F:\springboot32e20828n\springboot32e20828n\src\main\resources\admin\node_modules\core-js\internals\shared.js
<s> [webpack.Progress] 42% building 272/315 modules 43 active F:\springboot32e20828n\springboot32e20828n\src\main\resources\admin\node_modules\core-js\internals\shared.js
<s> [webpack.Progress] 42% building 273/315 modules 42 active F:\springboot32e20828n\springboot32e20828n\src\main\resources\admin\node_modules\core-js\internals\shared.js
<s> [webpack.Progress] 42% building 274/315 modules 41 active F:\springboot32e20828n\springboot32e20828n\src\main\resources\admin\node_modules\core-js\internals\shared.js
<s> [webpack.Progress] 43% building 275/315 modules 40 active F:\springboot32e20828n\springboot32e20828n\src\main\resources\admin\node_modules\core-js\internals\shared.js
<s> [webpack.Progress] 43% building 276/315 modules 39 active F:\springboot32e20828n\springboot32e20828n\src\main\resources\admin\node_modules\core-js\internals\shared.js
<s> [webpack.Progress] 43% building 276/316 modules 40 active F:\springboot32e20828n\springboot32e20828n\src\main\resources\admin\node_modules\core-js\internals\native-symbol.js
<s> [webpack.Progress] 43% building 276/317 modules 41 active F:\springboot32e20828n\springboot32e20828n\src\main\resources\admin\node_modules\core-js\internals\regexp-flags.js
<s> [webpack.Progress] 43% building 277/317 modules 40 active F:\springboot32e20828n\springboot32e20828n\src\main\resources\admin\node_modules\core-js\internals\regexp-flags.js
<s> [webpack.Progress] 43% building 278/317 modules 39 active F:\springboot32e20828n\springboot32e20828n\src\main\resources\admin\node_modules\core-js\internals\regexp-flags.js
<s> [webpack.Progress] 43% building 279/317 modules 38 active F:\springboot32e20828n\springboot32e20828n\src\main\resources\admin\node_modules\core-js\internals\regexp-flags.js
<s> [webpack.Progress] 43% building 280/317 modules 37 active F:\springboot32e20828n\springboot32e20828n\src\main\resources\admin\node_modules\core-js\internals\regexp-flags.js
<s> [webpack.Progress] 43% building 280/318 modules 38 active F:\springboot32e20828n\springboot32e20828n\src\main\resources\admin\node_modules\core-js\internals\regexp-sticky-helpers.js
<s> [webpack.Progress] 43% building 281/318 modules 37 active F:\springboot32e20828n\springboot32e20828n\src\main\resources\admin\node_modules\core-js\internals\regexp-sticky-helpers.js
<s> [webpack.Progress] 43% building 282/318 modules 36 active F:\springboot32e20828n\springboot32e20828n\src\main\resources\admin\node_modules\core-js\internals\regexp-sticky-helpers.js
<s> [webpack.Progress] 43% building 283/318 modules 35 active F:\springboot32e20828n\springboot32e20828n\src\main\resources\admin\node_modules\core-js\internals\regexp-sticky-helpers.js
<s> [webpack.Progress] 44% building 284/318 modules 34 active F:\springboot32e20828n\springboot32e20828n\src\main\resources\admin\node_modules\core-js\internals\regexp-sticky-helpers.js
<s> [webpack.Progress] 44% building 285/318 modules 33 active F:\springboot32e20828n\springboot32e20828n\src\main\resources\admin\node_modules\core-js\internals\regexp-sticky-helpers.js
<s> [webpack.Progress] 44% building 286/318 modules 32 active F:\springboot32e20828n\springboot32e20828n\src\main\resources\admin\node_modules\core-js\internals\regexp-sticky-helpers.js
<s> [webpack.Progress] 44% building 287/318 modules 31 active F:\springboot32e20828n\springboot32e20828n\src\main\resources\admin\node_modules\core-js\internals\regexp-sticky-helpers.js
<s> [webpack.Progress] 44% building 288/318 modules 30 active F:\springboot32e20828n\springboot32e20828n\src\main\resources\admin\node_modules\core-js\internals\regexp-sticky-helpers.js
<s> [webpack.Progress] 44% building 289/318 modules 29 active F:\springboot32e20828n\springboot32e20828n\src\main\resources\admin\node_modules\core-js\internals\regexp-sticky-helpers.js
<s> [webpack.Progress] 44% building 290/318 modules 28 active F:\springboot32e20828n\springboot32e20828n\src\main\resources\admin\node_modules\core-js\internals\regexp-sticky-helpers.js
<s> [webpack.Progress] 44% building 290/319 modules 29 active F:\springboot32e20828n\springboot32e20828n\src\main\resources\admin\node_modules\core-js\internals\to-integer.js
<s> [webpack.Progress] 44% building 291/319 modules 28 active F:\springboot32e20828n\springboot32e20828n\src\main\resources\admin\node_modules\core-js\internals\to-integer.js
<s> [webpack.Progress] 44% building 291/320 modules 29 active F:\springboot32e20828n\springboot32e20828n\src\main\resources\admin\node_modules\webpack-dev-server\node_modules\ansi-regex\index.js
<s> [webpack.Progress] 44% building 291/321 modules 30 active F:\springboot32e20828n\springboot32e20828n\src\main\resources\admin\node_modules\regenerator-runtime\runtime.js
<s> [webpack.Progress] 45% building 292/321 modules 29 active F:\springboot32e20828n\springboot32e20828n\src\main\resources\admin\node_modules\regenerator-runtime\runtime.js
<s> [webpack.Progress] 45% building 293/321 modules 28 active F:\springboot32e20828n\springboot32e20828n\src\main\resources\admin\node_modules\regenerator-runtime\runtime.js
<s> [webpack.Progress] 45% building 294/321 modules 27 active F:\springboot32e20828n\springboot32e20828n\src\main\resources\admin\node_modules\regenerator-runtime\runtime.js
<s> [webpack.Progress] 45% building 295/321 modules 26 active F:\springboot32e20828n\springboot32e20828n\src\main\resources\admin\node_modules\regenerator-runtime\runtime.js
<s> [webpack.Progress] 45% building 296/321 modules 25 active F:\springboot32e20828n\springboot32e20828n\src\main\resources\admin\node_modules\regenerator-runtime\runtime.js
<s> [webpack.Progress] 45% building 297/321 modules 24 active F:\springboot32e20828n\springboot32e20828n\src\main\resources\admin\node_modules\regenerator-runtime\runtime.js
<s> [webpack.Progress] 45% building 298/321 modules 23 active F:\springboot32e20828n\springboot32e20828n\src\main\resources\admin\node_modules\regenerator-runtime\runtime.js
<s> [webpack.Progress] 45% building 299/321 modules 22 active F:\springboot32e20828n\springboot32e20828n\src\main\resources\admin\node_modules\regenerator-runtime\runtime.js
<s> [webpack.Progress] 45% building 299/322 modules 23 active F:\springboot32e20828n\springboot32e20828n\src\main\resources\admin\node_modules\echarts\lib\echarts.js
<s> [webpack.Progress] 46% building 300/322 modules 22 active F:\springboot32e20828n\springboot32e20828n\src\main\resources\admin\node_modules\echarts\lib\echarts.js
<s> [webpack.Progress] 46% building 300/323 modules 23 active F:\springboot32e20828n\springboot32e20828n\src\main\resources\admin\node_modules\echarts-wordcloud\src\layout.js
<s> [webpack.Progress] 46% building 300/324 modules 24 active F:\springboot32e20828n\springboot32e20828n\src\main\resources\admin\node_modules\echarts\lib\model\Component.js
<s> [webpack.Progress] 46% building 300/325 modules 25 active F:\springboot32e20828n\springboot32e20828n\src\main\resources\admin\node_modules\echarts\lib\model\Series.js
<s> [webpack.Progress] 46% building 300/326 modules 26 active F:\springboot32e20828n\springboot32e20828n\src\main\resources\admin\node_modules\echarts-wordcloud\src\WordCloudView.js
<s> [webpack.Progress] 46% building 301/326 modules 25 active F:\springboot32e20828n\springboot32e20828n\src\main\resources\admin\node_modules\echarts-wordcloud\src\WordCloudView.js
<s> [webpack.Progress] 46% building 301/327 modules 26 active F:\springboot32e20828n\springboot32e20828n\src\main\resources\admin\node_modules\echarts\lib\label\LabelManager.js
<s> [webpack.Progress] 46% building 301/328 modules 27 active F:\springboot32e20828n\springboot32e20828n\src\main\resources\admin\node_modules\echarts-wordcloud\src\WordCloudSeries.js
<s> [webpack.Progress] 46% building 302/328 modules 26 active F:\springboot32e20828n\springboot32e20828n\src\main\resources\admin\node_modules\echarts-wordcloud\src\WordCloudSeries.js
<s> [webpack.Progress] 46% building 303/328 modules 25 active F:\springboot32e20828n\springboot32e20828n\src\main\resources\admin\node_modules\echarts-wordcloud\src\WordCloudSeries.js
<s> [webpack.Progress] 46% building 304/328 modules 24 active F:\springboot32e20828n\springboot32e20828n\src\main\resources\admin\node_modules\echarts-wordcloud\src\WordCloudSeries.js
<s> [webpack.Progress] 46% building 304/329 modules 25 active F:\springboot32e20828n\springboot32e20828n\src\main\resources\admin\node_modules\echarts\lib\animation\basicTransition.js
<s> [webpack.Progress] 46% building 304/330 modules 26 active F:\springboot32e20828n\springboot32e20828n\src\main\resources\admin\node_modules\axios\lib\axios.js
<s> [webpack.Progress] 46% building 304/331 modules 27 active F:\springboot32e20828n\springboot32e20828n\src\main\resources\admin\node_modules\core-js\internals\string-multibyte.js
<s> [webpack.Progress] 46% building 304/332 modules 28 active F:\springboot32e20828n\springboot32e20828n\src\main\resources\admin\node_modules\echarts\lib\util\log.js
<s> [webpack.Progress] 46% building 304/333 modules 29 active F:\springboot32e20828n\springboot32e20828n\src\main\resources\admin\node_modules\echarts\lib\util\model.js
<s> [webpack.Progress] 46% building 305/333 modules 28 active F:\springboot32e20828n\springboot32e20828n\src\main\resources\admin\node_modules\echarts\lib\util\model.js
<s> [webpack.Progress] 46% building 306/333 modules 27 active F:\springboot32e20828n\springboot32e20828n\src\main\resources\admin\node_modules\echarts\lib\util\model.js
<s> [webpack.Progress] 46% building 306/334 modules 28 active F:\springboot32e20828n\springboot32e20828n\src\main\resources\admin\node_modules\cache-loader\dist\cjs.js??ref--12-0!F:\springboot32e20828n\springboot32e20828n\src\main\resources\admin\node_modules\babel-loader\lib\index.js!F:\springboot32e20828n\springboot32e20828n\src\main\resources\admin\node_modules\@babel\runtime\helpers\esm\asyncToGenerator.js
<s> [webpack.Progress] 46% building 307/334 modules 27 active F:\springboot32e20828n\springboot32e20828n\src\main\resources\admin\node_modules\cache-loader\dist\cjs.js??ref--12-0!F:\springboot32e20828n\springboot32e20828n\src\main\resources\admin\node_modules\babel-loader\lib\index.js!F:\springboot32e20828n\springboot32e20828n\src\main\resources\admin\node_modules\@babel\runtime\helpers\esm\asyncToGenerator.js
<s> [webpack.Progress] 46% building 308/334 modules 26 active F:\springboot32e20828n\springboot32e20828n\src\main\resources\admin\node_modules\cache-loader\dist\cjs.js??ref--12-0!F:\springboot32e20828n\springboot32e20828n\src\main\resources\admin\node_modules\babel-loader\lib\index.js!F:\springboot32e20828n\springboot32e20828n\src\main\resources\admin\node_modules\@babel\runtime\helpers\esm\asyncToGenerator.js
<s> [webpack.Progress] 47% building 309/334 modules 25 active F:\springboot32e20828n\springboot32e20828n\src\main\resources\admin\node_modules\cache-loader\dist\cjs.js??ref--12-0!F:\springboot32e20828n\springboot32e20828n\src\main\resources\admin\node_modules\babel-loader\lib\index.js!F:\springboot32e20828n\springboot32e20828n\src\main\resources\admin\node_modules\@babel\runtime\helpers\esm\asyncToGenerator.js
<s> [webpack.Progress] 47% building 310/334 modules 24 active F:\springboot32e20828n\springboot32e20828n\src\main\resources\admin\node_modules\cache-loader\dist\cjs.js??ref--12-0!F:\springboot32e20828n\springboot32e20828n\src\main\resources\admin\node_modules\babel-loader\lib\index.js!F:\springboot32e20828n\springboot32e20828n\src\main\resources\admin\node_modules\@babel\runtime\helpers\esm\asyncToGenerator.js
<s> [webpack.Progress] 47% building 311/334 modules 23 active F:\springboot32e20828n\springboot32e20828n\src\main\resources\admin\node_modules\cache-loader\dist\cjs.js??ref--12-0!F:\springboot32e20828n\springboot32e20828n\src\main\resources\admin\node_modules\babel-loader\lib\index.js!F:\springboot32e20828n\springboot32e20828n\src\main\resources\admin\node_modules\@babel\runtime\helpers\esm\asyncToGenerator.js
<s> [webpack.Progress] 47% building 312/334 modules 22 active F:\springboot32e20828n\springboot32e20828n\src\main\resources\admin\node_modules\cache-loader\dist\cjs.js??ref--12-0!F:\springboot32e20828n\springboot32e20828n\src\main\resources\admin\node_modules\babel-loader\lib\index.js!F:\springboot32e20828n\springboot32e20828n\src\main\resources\admin\node_modules\@babel\runtime\helpers\esm\asyncToGenerator.js
<s> [webpack.Progress] 47% building 313/334 modules 21 active F:\springboot32e20828n\springboot32e20828n\src\main\resources\admin\node_modules\cache-loader\dist\cjs.js??ref--12-0!F:\springboot32e20828n\springboot32e20828n\src\main\resources\admin\node_modules\babel-loader\lib\index.js!F:\springboot32e20828n\springboot32e20828n\src\main\resources\admin\node_modules\@babel\runtime\helpers\esm\asyncToGenerator.js
<s> [webpack.Progress] 47% building 314/334 modules 20 active F:\springboot32e20828n\springboot32e20828n\src\main\resources\admin\node_modules\cache-loader\dist\cjs.js??ref--12-0!F:\springboot32e20828n\springboot32e20828n\src\main\resources\admin\node_modules\babel-loader\lib\index.js!F:\springboot32e20828n\springboot32e20828n\src\main\resources\admin\node_modules\@babel\runtime\helpers\esm\asyncToGenerator.js
<s> [webpack.Progress] 47% building 315/334 modules 19 active F:\springboot32e20828n\springboot32e20828n\src\main\resources\admin\node_modules\cache-loader\dist\cjs.js??ref--12-0!F:\springboot32e20828n\springboot32e20828n\src\main\resources\admin\node_modules\babel-loader\lib\index.js!F:\springboot32e20828n\springboot32e20828n\src\main\resources\admin\node_modules\@babel\runtime\helpers\esm\asyncToGenerator.js
<s> [webpack.Progress] 47% building 316/334 modules 18 active F:\springboot32e20828n\springboot32e20828n\src\main\resources\admin\node_modules\cache-loader\dist\cjs.js??ref--12-0!F:\springboot32e20828n\springboot32e20828n\src\main\resources\admin\node_modules\babel-loader\lib\index.js!F:\springboot32e20828n\springboot32e20828n\src\main\resources\admin\node_modules\@babel\runtime\helpers\esm\asyncToGenerator.js
<s> [webpack.Progress] 47% building 316/335 modules 19 active F:\springboot32e20828n\springboot32e20828n\src\main\resources\admin\node_modules\element-ui\lib\utils\dom.js
<s> [webpack.Progress] 48% building 317/335 modules 18 active F:\springboot32e20828n\springboot32e20828n\src\main\resources\admin\node_modules\element-ui\lib\utils\dom.js
<s> [webpack.Progress] 48% building 318/335 modules 17 active F:\springboot32e20828n\springboot32e20828n\src\main\resources\admin\node_modules\element-ui\lib\utils\dom.js
<s> [webpack.Progress] 48% building 318/336 modules 18 active F:\springboot32e20828n\springboot32e20828n\src\main\resources\admin\node_modules\element-ui\lib\utils\vue-popper.js
<s> [webpack.Progress] 48% building 318/337 modules 19 active F:\springboot32e20828n\springboot32e20828n\src\main\resources\admin\node_modules\element-ui\lib\scrollbar.js
<s> [webpack.Progress] 48% building 319/337 modules 18 active F:\springboot32e20828n\springboot32e20828n\src\main\resources\admin\node_modules\element-ui\lib\scrollbar.js
<s> [webpack.Progress] 48% building 320/337 modules 17 active F:\springboot32e20828n\springboot32e20828n\src\main\resources\admin\node_modules\element-ui\lib\scrollbar.js
<s> [webpack.Progress] 48% building 320/338 modules 18 active F:\springboot32e20828n\springboot32e20828n\src\main\resources\admin\node_modules\element-ui\lib\utils\merge.js
<s> [webpack.Progress] 48% building 320/339 modules 19 active F:\springboot32e20828n\springboot32e20828n\src\main\resources\admin\node_modules\element-ui\lib\input.js
<s> [webpack.Progress] 48% building 320/340 modules 20 active F:\springboot32e20828n\springboot32e20828n\src\main\resources\admin\node_modules\element-ui\lib\utils\util.js
<s> [webpack.Progress] 48% building 320/341 modules 21 active F:\springboot32e20828n\springboot32e20828n\src\main\resources\admin\src\components\echarts\china.json
<s> [webpack.Progress] 48% building 320/342 modules 22 active F:\springboot32e20828n\springboot32e20828n\src\main\resources\admin\node_modules\path-browserify\index.js
<s> [webpack.Progress] 48% building 320/343 modules 23 active F:\springboot32e20828n\springboot32e20828n\src\main\resources\admin\node_modules\element-ui\lib\utils\date.js
<s> [webpack.Progress] 48% building 320/344 modules 24 active F:\springboot32e20828n\springboot32e20828n\src\main\resources\admin\node_modules\element-ui\lib\utils\aria-utils.js
<s> [webpack.Progress] 48% building 321/344 modules 23 active F:\springboot32e20828n\springboot32e20828n\src\main\resources\admin\node_modules\element-ui\lib\utils\aria-utils.js
<s> [webpack.Progress] 48% building 322/344 modules 22 active F:\springboot32e20828n\springboot32e20828n\src\main\resources\admin\node_modules\element-ui\lib\utils\aria-utils.js
<s> [webpack.Progress] 48% building 323/344 modules 21 active F:\springboot32e20828n\springboot32e20828n\src\main\resources\admin\node_modules\element-ui\lib\utils\aria-utils.js
<s> [webpack.Progress] 48% building 324/344 modules 20 active F:\springboot32e20828n\springboot32e20828n\src\main\resources\admin\node_modules\element-ui\lib\utils\aria-utils.js
<s> [webpack.Progress] 49% building 325/344 modules 19 active F:\springboot32e20828n\springboot32e20828n\src\main\resources\admin\node_modules\element-ui\lib\utils\aria-utils.js
<s> [webpack.Progress] 49% building 326/344 modules 18 active F:\springboot32e20828n\springboot32e20828n\src\main\resources\admin\node_modules\element-ui\lib\utils\aria-utils.js
<s> [webpack.Progress] 49% building 326/345 modules 19 active F:\springboot32e20828n\springboot32e20828n\src\main\resources\admin\node_modules\element-ui\lib\mixins\emitter.js
<s> [webpack.Progress] 49% building 326/346 modules 20 active F:\springboot32e20828n\springboot32e20828n\src\main\resources\admin\node_modules\element-ui\lib\mixins\focus.js
<s> [webpack.Progress] 49% building 326/347 modules 21 active F:\springboot32e20828n\springboot32e20828n\src\main\resources\admin\node_modules\element-ui\lib\mixins\locale.js
<s> [webpack.Progress] 49% building 327/347 modules 20 active F:\springboot32e20828n\springboot32e20828n\src\main\resources\admin\node_modules\element-ui\lib\mixins\locale.js
<s> [webpack.Progress] 49% building 327/348 modules 21 active F:\springboot32e20828n\springboot32e20828n\src\main\resources\admin\node_modules\core-js\internals\array-method-has-species-support.js
<s> [webpack.Progress] 49% building 327/349 modules 22 active F:\springboot32e20828n\springboot32e20828n\src\main\resources\admin\node_modules\core-js\internals\array-for-each.js
<s> [webpack.Progress] 49% building 327/350 modules 23 active F:\springboot32e20828n\springboot32e20828n\src\main\resources\admin\node_modules\core-js\internals\create-property.js
<s> [webpack.Progress] 49% building 327/351 modules 24 active F:\springboot32e20828n\springboot32e20828n\src\main\resources\admin\node_modules\core-js\internals\array-species-create.js
<s> [webpack.Progress] 49% building 327/352 modules 25 active F:\springboot32e20828n\springboot32e20828n\src\main\resources\admin\node_modules\core-js\internals\to-object.js
<s> [webpack.Progress] 49% building 327/353 modules 26 active F:\springboot32e20828n\springboot32e20828n\src\main\resources\admin\node_modules\core-js\internals\correct-is-regexp-logic.js
<s> [webpack.Progress] 49% building 327/354 modules 27 active F:\springboot32e20828n\springboot32e20828n\src\main\resources\admin\node_modules\core-js\internals\not-a-regexp.js
<s> [webpack.Progress] 49% building 327/355 modules 28 active F:\springboot32e20828n\springboot32e20828n\src\main\resources\admin\node_modules\core-js\internals\is-regexp.js
<s> [webpack.Progress] 49% building 327/356 modules 29 active F:\springboot32e20828n\springboot32e20828n\src\main\resources\admin\node_modules\core-js\modules\web.url-search-params.js
<s> [webpack.Progress] 49% building 327/357 modules 30 active F:\springboot32e20828n\springboot32e20828n\src\main\resources\admin\node_modules\core-js\internals\string-punycode-to-ascii.js
<s> [webpack.Progress] 49% building 327/358 modules 31 active F:\springboot32e20828n\springboot32e20828n\src\main\resources\admin\node_modules\core-js\internals\string-trim.js
<s> [webpack.Progress] 49% building 327/359 modules 32 active F:\springboot32e20828n\springboot32e20828n\src\main\resources\admin\node_modules\core-js\internals\string-trim-forced.js
<s> [webpack.Progress] 49% building 327/360 modules 33 active F:\springboot32e20828n\springboot32e20828n\src\main\resources\admin\node_modules\core-js\internals\object-get-own-property-names.js
<s> [webpack.Progress] 49% building 327/361 modules 34 active F:\springboot32e20828n\springboot32e20828n\src\main\resources\admin\node_modules\core-js\internals\object-create.js
<s> [webpack.Progress] 49% building 327/362 modules 35 active F:\springboot32e20828n\springboot32e20828n\src\main\resources\admin\node_modules\core-js\internals\inherit-if-required.js
<s> [webpack.Progress] 49% building 327/363 modules 36 active F:\springboot32e20828n\springboot32e20828n\src\main\resources\admin\node_modules\core-js\internals\array-from.js
<s> [webpack.Progress] 49% building 327/364 modules 37 active F:\springboot32e20828n\springboot32e20828n\src\main\resources\admin\node_modules\core-js\internals\object-define-properties.js
<s> [webpack.Progress] 49% building 327/365 modules 38 active F:\springboot32e20828n\springboot32e20828n\src\main\resources\admin\node_modules\core-js\internals\native-url.js
<s> [webpack.Progress] 49% building 328/365 modules 37 active F:\springboot32e20828n\springboot32e20828n\src\main\resources\admin\node_modules\core-js\internals\native-url.js
<s> [webpack.Progress] 49% building 328/366 modules 38 active F:\springboot32e20828n\springboot32e20828n\src\main\resources\admin\node_modules\core-js\internals\dom-iterables.js
<s> [webpack.Progress] 49% building 328/367 modules 39 active F:\springboot32e20828n\springboot32e20828n\src\main\resources\admin\node_modules\core-js\modules\es.array.splice.js
<s> [webpack.Progress] 49% building 328/368 modules 40 active F:\springboot32e20828n\springboot32e20828n\src\main\resources\admin\node_modules\core-js\internals\is-array.js
<s> [webpack.Progress] 49% building 329/368 modules 39 active F:\springboot32e20828n\springboot32e20828n\src\main\resources\admin\node_modules\core-js\internals\is-array.js
<s> [webpack.Progress] 49% building 330/368 modules 38 active F:\springboot32e20828n\springboot32e20828n\src\main\resources\admin\node_modules\core-js\internals\is-array.js
<s> [webpack.Progress] 49% building 331/368 modules 37 active F:\springboot32e20828n\springboot32e20828n\src\main\resources\admin\node_modules\core-js\internals\is-array.js
<s> [webpack.Progress] 49% building 332/368 modules 36 active F:\springboot32e20828n\springboot32e20828n\src\main\resources\admin\node_modules\core-js\internals\is-array.js
<s> [webpack.Progress] 49% building 332/369 modules 37 active F:\springboot32e20828n\springboot32e20828n\src\main\resources\admin\node_modules\core-js\modules\es.array.map.js
<s> [webpack.Progress] 49% building 333/369 modules 36 active F:\springboot32e20828n\springboot32e20828n\src\main\resources\admin\node_modules\core-js\modules\es.array.map.js
<s> [webpack.Progress] 50% building 334/369 modules 35 active F:\springboot32e20828n\springboot32e20828n\src\main\resources\admin\node_modules\core-js\modules\es.array.map.js
<s> [webpack.Progress] 50% building 335/369 modules 34 active F:\springboot32e20828n\springboot32e20828n\src\main\resources\admin\node_modules\core-js\modules\es.array.map.js
<s> [webpack.Progress] 50% building 336/369 modules 33 active F:\springboot32e20828n\springboot32e20828n\src\main\resources\admin\node_modules\core-js\modules\es.array.map.js
<s> [webpack.Progress] 50% building 337/369 modules 32 active F:\springboot32e20828n\springboot32e20828n\src\main\resources\admin\node_modules\core-js\modules\es.array.map.js
<s> [webpack.Progress] 50% building 338/369 modules 31 active F:\springboot32e20828n\springboot32e20828n\src\main\resources\admin\node_modules\core-js\modules\es.array.map.js
<s> [webpack.Progress] 50% building 338/370 modules 32 active F:\springboot32e20828n\springboot32e20828n\src\main\resources\admin\node_modules\echarts\lib\util\graphic.js
<s> [webpack.Progress] 50% building 338/371 modules 33 active F:\springboot32e20828n\springboot32e20828n\src\main\resources\admin\node_modules\normalize-wheel\index.js
<s> [webpack.Progress] 50% building 338/372 modules 34 active F:\springboot32e20828n\springboot32e20828n\src\main\resources\admin\node_modules\zrender\lib\zrender.js
<s> [webpack.Progress] 50% building 338/373 modules 35 active F:\springboot32e20828n\springboot32e20828n\src\main\resources\admin\node_modules\zrender\lib\core\util.js
<s> [webpack.Progress] 50% building 339/373 modules 34 active F:\springboot32e20828n\springboot32e20828n\src\main\resources\admin\node_modules\zrender\lib\core\util.js
<s> [webpack.Progress] 50% building 340/373 modules 33 active F:\springboot32e20828n\springboot32e20828n\src\main\resources\admin\node_modules\zrender\lib\core\util.js
<s> [webpack.Progress] 50% building 341/373 modules 32 active F:\springboot32e20828n\springboot32e20828n\src\main\resources\admin\node_modules\zrender\lib\core\util.js
<s> [webpack.Progress] 51% building 342/373 modules 31 active F:\springboot32e20828n\springboot32e20828n\src\main\resources\admin\node_modules\zrender\lib\core\util.js
<s> [webpack.Progress] 51% building 342/374 modules 32 active F:\springboot32e20828n\springboot32e20828n\src\main\resources\admin\node_modules\echarts\lib\label\labelStyle.js
<s> [webpack.Progress] 51% building 342/375 modules 33 active F:\springboot32e20828n\springboot32e20828n\src\main\resources\admin\node_modules\echarts\lib\label\labelLayoutHelper.js
<s> [webpack.Progress] 51% building 342/376 modules 34 active delegated 7 from dll-reference vendor_0be5290ae0efe2a46003
<s> [webpack.Progress] 51% building 343/376 modules 33 active F:\springboot32e20828n\springboot32e20828n\src\main\resources\admin\node_modules\echarts\lib\label\labelLayoutHelper.js
<s> [webpack.Progress] 51% building 343/377 modules 34 active F:\springboot32e20828n\springboot32e20828n\src\main\resources\admin\node_modules\core-js\modules\es.symbol.js
<s> [webpack.Progress] 51% building 344/377 modules 33 active F:\springboot32e20828n\springboot32e20828n\src\main\resources\admin\node_modules\core-js\modules\es.symbol.js
<s> [webpack.Progress] 51% building 345/377 modules 32 active F:\springboot32e20828n\springboot32e20828n\src\main\resources\admin\node_modules\core-js\modules\es.symbol.js
<s> [webpack.Progress] 51% building 346/377 modules 31 active F:\springboot32e20828n\springboot32e20828n\src\main\resources\admin\node_modules\core-js\modules\es.symbol.js
<s> [webpack.Progress] 51% building 346/378 modules 32 active F:\springboot32e20828n\springboot32e20828n\src\main\resources\admin\node_modules\echarts\lib\label\labelGuideHelper.js
<s> [webpack.Progress] 51% building 347/378 modules 31 active F:\springboot32e20828n\springboot32e20828n\src\main\resources\admin\node_modules\echarts\lib\label\labelGuideHelper.js
<s> [webpack.Progress] 51% building 347/379 modules 32 active F:\springboot32e20828n\springboot32e20828n\src\main\resources\admin\node_modules\echarts\lib\util\number.js
<s> [webpack.Progress] 51% building 347/380 modules 33 active F:\springboot32e20828n\springboot32e20828n\src\main\resources\admin\node_modules\cache-loader\dist\cjs.js??ref--12-0!F:\springboot32e20828n\springboot32e20828n\src\main\resources\admin\node_modules\babel-loader\lib\index.js!F:\springboot32e20828n\springboot32e20828n\src\main\resources\admin\node_modules\@babel\runtime\helpers\esm\toConsumableArray.js
<s> [webpack.Progress] 51% building 347/381 modules 34 active F:\springboot32e20828n\springboot32e20828n\src\main\resources\admin\node_modules\cache-loader\dist\cjs.js??ref--12-0!F:\springboot32e20828n\springboot32e20828n\src\main\resources\admin\node_modules\babel-loader\lib\index.js!F:\springboot32e20828n\springboot32e20828n\src\main\resources\admin\node_modules\@babel\runtime\helpers\esm\slicedToArray.js
<s> [webpack.Progress] 51% building 348/381 modules 33 active F:\springboot32e20828n\springboot32e20828n\src\main\resources\admin\node_modules\cache-loader\dist\cjs.js??ref--12-0!F:\springboot32e20828n\springboot32e20828n\src\main\resources\admin\node_modules\babel-loader\lib\index.js!F:\springboot32e20828n\springboot32e20828n\src\main\resources\admin\node_modules\@babel\runtime\helpers\esm\slicedToArray.js
<s> [webpack.Progress] 51% building 349/381 modules 32 active F:\springboot32e20828n\springboot32e20828n\src\main\resources\admin\node_modules\cache-loader\dist\cjs.js??ref--12-0!F:\springboot32e20828n\springboot32e20828n\src\main\resources\admin\node_modules\babel-loader\lib\index.js!F:\springboot32e20828n\springboot32e20828n\src\main\resources\admin\node_modules\@babel\runtime\helpers\esm\slicedToArray.js
<s> [webpack.Progress] 52% building 350/381 modules 31 active F:\springboot32e20828n\springboot32e20828n\src\main\resources\admin\node_modules\cache-loader\dist\cjs.js??ref--12-0!F:\springboot32e20828n\springboot32e20828n\src\main\resources\admin\node_modules\babel-loader\lib\index.js!F:\springboot32e20828n\springboot32e20828n\src\main\resources\admin\node_modules\@babel\runtime\helpers\esm\slicedToArray.js
<s> [webpack.Progress] 52% building 351/381 modules 30 active F:\springboot32e20828n\springboot32e20828n\src\main\resources\admin\node_modules\cache-loader\dist\cjs.js??ref--12-0!F:\springboot32e20828n\springboot32e20828n\src\main\resources\admin\node_modules\babel-loader\lib\index.js!F:\springboot32e20828n\springboot32e20828n\src\main\resources\admin\node_modules\@babel\runtime\helpers\esm\slicedToArray.js
<s> [webpack.Progress] 52% building 351/382 modules 31 active F:\springboot32e20828n\springboot32e20828n\src\main\resources\admin\node_modules\core-js\internals\document-create-element.js
<s> [webpack.Progress] 52% building 352/382 modules 30 active F:\springboot32e20828n\springboot32e20828n\src\main\resources\admin\node_modules\core-js\internals\document-create-element.js
<s> [webpack.Progress] 52% building 352/383 modules 31 active F:\springboot32e20828n\springboot32e20828n\src\main\resources\admin\node_modules\core-js\internals\object-get-own-property-symbols.js
<s> [webpack.Progress] 52% building 352/384 modules 32 active F:\springboot32e20828n\springboot32e20828n\src\main\resources\admin\node_modules\core-js\modules\es.string.includes.js
<s> [webpack.Progress] 52% building 353/384 modules 31 active F:\springboot32e20828n\springboot32e20828n\src\main\resources\admin\node_modules\core-js\modules\es.string.includes.js
<s> [webpack.Progress] 52% building 354/384 modules 30 active F:\springboot32e20828n\springboot32e20828n\src\main\resources\admin\node_modules\core-js\modules\es.string.includes.js
<s> [webpack.Progress] 52% building 354/385 modules 31 active F:\springboot32e20828n\springboot32e20828n\src\main\resources\admin\node_modules\echarts\lib\renderer\installCanvasRenderer.js
<s> [webpack.Progress] 52% building 355/385 modules 30 active F:\springboot32e20828n\springboot32e20828n\src\main\resources\admin\node_modules\echarts\lib\renderer\installCanvasRenderer.js
<s> [webpack.Progress] 52% building 356/385 modules 29 active F:\springboot32e20828n\springboot32e20828n\src\main\resources\admin\node_modules\echarts\lib\renderer\installCanvasRenderer.js
<s> [webpack.Progress] 52% building 357/385 modules 28 active F:\springboot32e20828n\springboot32e20828n\src\main\resources\admin\node_modules\echarts\lib\renderer\installCanvasRenderer.js
<s> [webpack.Progress] 52% building 358/385 modules 27 active F:\springboot32e20828n\springboot32e20828n\src\main\resources\admin\node_modules\echarts\lib\renderer\installCanvasRenderer.js
<s> [webpack.Progress] 52% building 358/386 modules 28 active F:\springboot32e20828n\springboot32e20828n\src\main\resources\admin\node_modules\core-js\internals\correct-prototype-getter.js
<s> [webpack.Progress] 52% building 358/387 modules 29 active F:\springboot32e20828n\springboot32e20828n\src\main\resources\admin\node_modules\core-js\modules\es.array.some.js
<s> [webpack.Progress] 52% building 358/388 modules 30 active F:\springboot32e20828n\springboot32e20828n\src\main\resources\admin\node_modules\core-js\modules\es.array.slice.js
<s> [webpack.Progress] 52% building 358/389 modules 31 active F:\springboot32e20828n\springboot32e20828n\src\main\resources\admin\node_modules\url-loader\dist\cjs.js??ref--1-0!F:\springboot32e20828n\springboot32e20828n\src\main\resources\admin\src\assets\img\404.png
<s> [webpack.Progress] 52% building 358/390 modules 32 active F:\springboot32e20828n\springboot32e20828n\src\main\resources\admin\node_modules\url-loader\dist\cjs.js??ref--1-0!F:\springboot32e20828n\springboot32e20828n\src\main\resources\admin\src\assets\img\test\weixin.png
<s> [webpack.Progress] 52% building 358/391 modules 33 active F:\springboot32e20828n\springboot32e20828n\src\main\resources\admin\node_modules\url-loader\dist\cjs.js??ref--1-0!F:\springboot32e20828n\springboot32e20828n\src\main\resources\admin\src\assets\img\test\jiaotong.png
<s> [webpack.Progress] 52% building 358/392 modules 34 active F:\springboot32e20828n\springboot32e20828n\src\main\resources\admin\node_modules\url-loader\dist\cjs.js??ref--1-0!F:\springboot32e20828n\springboot32e20828n\src\main\resources\admin\src\assets\img\test\zhongguo.png
<s> [webpack.Progress] 52% building 358/393 modules 35 active F:\springboot32e20828n\springboot32e20828n\src\main\resources\admin\node_modules\url-loader\dist\cjs.js??ref--1-0!F:\springboot32e20828n\springboot32e20828n\src\main\resources\admin\src\assets\img\test\nongye.png
<s> [webpack.Progress] 52% building 358/394 modules 36 active F:\springboot32e20828n\springboot32e20828n\src\main\resources\admin\node_modules\core-js\modules\es.array.includes.js
<s> [webpack.Progress] 52% building 358/395 modules 37 active F:\springboot32e20828n\springboot32e20828n\src\main\resources\admin\node_modules\core-js\modules\es.array.filter.js
<s> [webpack.Progress] 52% building 358/396 modules 38 active F:\springboot32e20828n\springboot32e20828n\src\main\resources\admin\node_modules\core-js\modules\es.symbol.description.js
<s> [webpack.Progress] 52% building 358/397 modules 39 active F:\springboot32e20828n\springboot32e20828n\src\main\resources\admin\node_modules\core-js\modules\es.symbol.iterator.js
<s> [webpack.Progress] 53% building 359/397 modules 38 active F:\springboot32e20828n\springboot32e20828n\src\main\resources\admin\node_modules\core-js\modules\es.symbol.iterator.js
<s> [webpack.Progress] 53% building 360/397 modules 37 active F:\springboot32e20828n\springboot32e20828n\src\main\resources\admin\node_modules\core-js\modules\es.symbol.iterator.js
<s> [webpack.Progress] 53% building 361/397 modules 36 active F:\springboot32e20828n\springboot32e20828n\src\main\resources\admin\node_modules\core-js\modules\es.symbol.iterator.js
<s> [webpack.Progress] 53% building 362/397 modules 35 active F:\springboot32e20828n\springboot32e20828n\src\main\resources\admin\node_modules\core-js\modules\es.symbol.iterator.js
<s> [webpack.Progress] 53% building 363/397 modules 34 active F:\springboot32e20828n\springboot32e20828n\src\main\resources\admin\node_modules\core-js\modules\es.symbol.iterator.js
<s> [webpack.Progress] 53% building 364/397 modules 33 active F:\springboot32e20828n\springboot32e20828n\src\main\resources\admin\node_modules\core-js\modules\es.symbol.iterator.js
<s> [webpack.Progress] 53% building 365/397 modules 32 active F:\springboot32e20828n\springboot32e20828n\src\main\resources\admin\node_modules\core-js\modules\es.symbol.iterator.js
<s> [webpack.Progress] 53% building 366/397 modules 31 active F:\springboot32e20828n\springboot32e20828n\src\main\resources\admin\node_modules\core-js\modules\es.symbol.iterator.js
<s> [webpack.Progress] 54% building 367/397 modules 30 active F:\springboot32e20828n\springboot32e20828n\src\main\resources\admin\node_modules\core-js\modules\es.symbol.iterator.js
<s> [webpack.Progress] 54% building 367/398 modules 31 active F:\springboot32e20828n\springboot32e20828n\src\main\resources\admin\node_modules\cache-loader\dist\cjs.js??ref--0-0!F:\springboot32e20828n\springboot32e20828n\src\main\resources\admin\node_modules\vue-loader\lib\index.js??vue-loader-options!F:\springboot32e20828n\springboot32e20828n\src\main\resources\admin\src\views\modules\menu\add-or-update.vue
<s> [webpack.Progress] 54% building 367/399 modules 32 active F:\springboot32e20828n\springboot32e20828n\src\main\resources\admin\node_modules\core-js\modules\es.string.search.js
<s> [webpack.Progress] 54% building 368/399 modules 31 active F:\springboot32e20828n\springboot32e20828n\src\main\resources\admin\node_modules\core-js\modules\es.string.search.js
<s> [webpack.Progress] 54% building 368/400 modules 32 active F:\springboot32e20828n\springboot32e20828n\src\main\resources\admin\node_modules\cache-loader\dist\cjs.js??ref--0-0!F:\springboot32e20828n\springboot32e20828n\src\main\resources\admin\node_modules\vue-loader\lib\index.js??vue-loader-options!F:\springboot32e20828n\springboot32e20828n\src\main\resources\admin\src\views\modules\config\add-or-update.vue
<s> [webpack.Progress] 54% building 368/401 modules 33 active F:\springboot32e20828n\springboot32e20828n\src\main\resources\admin\node_modules\core-js\modules\es.parse-float.js
<s> [webpack.Progress] 54% building 368/402 modules 34 active F:\springboot32e20828n\springboot32e20828n\src\main\resources\admin\node_modules\cache-loader\dist\cjs.js??ref--0-0!F:\springboot32e20828n\springboot32e20828n\src\main\resources\admin\node_modules\vue-loader\lib\index.js??vue-loader-options!F:\springboot32e20828n\springboot32e20828n\src\main\resources\admin\src\views\modules\qingjiashenqing\add-or-update.vue
<s> [webpack.Progress] 54% building 368/403 modules 35 active F:\springboot32e20828n\springboot32e20828n\src\main\resources\admin\node_modules\cache-loader\dist\cjs.js??ref--0-0!F:\springboot32e20828n\springboot32e20828n\src\main\resources\admin\node_modules\vue-loader\lib\index.js??vue-loader-options!F:\springboot32e20828n\springboot32e20828n\src\main\resources\admin\src\views\modules\zhiweishensu\add-or-update.vue
<s> [webpack.Progress] 54% building 368/404 modules 36 active F:\springboot32e20828n\springboot32e20828n\src\main\resources\admin\node_modules\echarts\lib\util\innerStore.js
<s> [webpack.Progress] 54% building 368/405 modules 37 active F:\springboot32e20828n\springboot32e20828n\src\main\resources\admin\node_modules\echarts\lib\util\clazz.js
<s> [webpack.Progress] 54% building 368/406 modules 38 active F:\springboot32e20828n\springboot32e20828n\src\main\resources\admin\node_modules\echarts\lib\component\dataset\install.js
<s> [webpack.Progress] 54% building 368/407 modules 39 active F:\springboot32e20828n\springboot32e20828n\src\main\resources\admin\node_modules\echarts\lib\component\tooltip\seriesFormatTooltip.js
<s> [webpack.Progress] 54% building 368/408 modules 40 active F:\springboot32e20828n\springboot32e20828n\src\main\resources\admin\node_modules\cache-loader\dist\cjs.js??ref--0-0!F:\springboot32e20828n\springboot32e20828n\src\main\resources\admin\node_modules\vue-loader\lib\index.js??vue-loader-options!F:\springboot32e20828n\springboot32e20828n\src\main\resources\admin\src\views\modules\syslog\add-or-update.vue
<s> [webpack.Progress] 54% building 368/409 modules 41 active F:\springboot32e20828n\springboot32e20828n\src\main\resources\admin\node_modules\echarts\lib\core\task.js
<s> [webpack.Progress] 54% building 369/409 modules 40 active F:\springboot32e20828n\springboot32e20828n\src\main\resources\admin\node_modules\echarts\lib\core\task.js
<s> [webpack.Progress] 54% building 370/409 modules 39 active F:\springboot32e20828n\springboot32e20828n\src\main\resources\admin\node_modules\echarts\lib\core\task.js
<s> [webpack.Progress] 54% building 370/410 modules 40 active F:\springboot32e20828n\springboot32e20828n\src\main\resources\admin\node_modules\echarts\lib\util\layout.js
<s> [webpack.Progress] 54% building 371/410 modules 39 active F:\springboot32e20828n\springboot32e20828n\src\main\resources\admin\node_modules\echarts\lib\util\layout.js
<s> [webpack.Progress] 54% building 371/411 modules 40 active F:\springboot32e20828n\springboot32e20828n\src\main\resources\admin\node_modules\zrender\lib\core\env.js
<s> [webpack.Progress] 54% building 372/411 modules 39 active F:\springboot32e20828n\springboot32e20828n\src\main\resources\admin\node_modules\zrender\lib\core\env.js
<s> [webpack.Progress] 54% building 372/412 modules 40 active F:\springboot32e20828n\springboot32e20828n\src\main\resources\admin\node_modules\cache-loader\dist\cjs.js??ref--0-0!F:\springboot32e20828n\springboot32e20828n\src\main\resources\admin\node_modules\vue-loader\lib\index.js??vue-loader-options!F:\springboot32e20828n\springboot32e20828n\src\main\resources\admin\src\views\modules\jixiaokaohe\add-or-update.vue
<s> [webpack.Progress] 54% building 373/412 modules 39 active F:\springboot32e20828n\springboot32e20828n\src\main\resources\admin\node_modules\cache-loader\dist\cjs.js??ref--0-0!F:\springboot32e20828n\springboot32e20828n\src\main\resources\admin\node_modules\vue-loader\lib\index.js??vue-loader-options!F:\springboot32e20828n\springboot32e20828n\src\main\resources\admin\src\views\modules\jixiaokaohe\add-or-update.vue
<s> [webpack.Progress] 54% building 373/413 modules 40 active F:\springboot32e20828n\springboot32e20828n\src\main\resources\admin\node_modules\echarts\lib\util\component.js
<s> [webpack.Progress] 54% building 374/413 modules 39 active F:\springboot32e20828n\springboot32e20828n\src\main\resources\admin\node_modules\echarts\lib\util\component.js
<s> [webpack.Progress] 54% building 374/414 modules 40 active F:\springboot32e20828n\springboot32e20828n\src\main\resources\admin\node_modules\echarts\lib\model\Model.js
<s> [webpack.Progress] 54% building 375/414 modules 39 active F:\springboot32e20828n\springboot32e20828n\src\main\resources\admin\node_modules\echarts\lib\model\Model.js
<s> [webpack.Progress] 55% building 376/414 modules 38 active F:\springboot32e20828n\springboot32e20828n\src\main\resources\admin\node_modules\echarts\lib\model\Model.js
<s> [webpack.Progress] 55% building 377/414 modules 37 active F:\springboot32e20828n\springboot32e20828n\src\main\resources\admin\node_modules\echarts\lib\model\Model.js
<s> [webpack.Progress] 55% building 377/415 modules 38 active F:\springboot32e20828n\springboot32e20828n\src\main\resources\admin\node_modules\echarts\lib\core\lifecycle.js
<s> [webpack.Progress] 55% building 377/416 modules 39 active F:\springboot32e20828n\springboot32e20828n\src\main\resources\admin\node_modules\zrender\lib\core\platform.js
<s> [webpack.Progress] 55% building 377/417 modules 40 active F:\springboot32e20828n\springboot32e20828n\src\main\resources\admin\node_modules\axios\lib\utils.js
<s> [webpack.Progress] 55% building 377/418 modules 41 active F:\springboot32e20828n\springboot32e20828n\src\main\resources\admin\node_modules\echarts\lib\animation\morphTransitionHelper.js
<s> [webpack.Progress] 55% building 378/418 modules 40 active F:\springboot32e20828n\springboot32e20828n\src\main\resources\admin\node_modules\echarts\lib\animation\morphTransitionHelper.js
<s> [webpack.Progress] 55% building 379/418 modules 39 active F:\springboot32e20828n\springboot32e20828n\src\main\resources\admin\node_modules\echarts\lib\animation\morphTransitionHelper.js
<s> [webpack.Progress] 55% building 380/418 modules 38 active F:\springboot32e20828n\springboot32e20828n\src\main\resources\admin\node_modules\echarts\lib\animation\morphTransitionHelper.js
<s> [webpack.Progress] 55% building 380/419 modules 39 active F:\springboot32e20828n\springboot32e20828n\src\main\resources\admin\node_modules\path-to-regexp\index.js
<s> [webpack.Progress] 55% building 381/419 modules 38 active F:\springboot32e20828n\springboot32e20828n\src\main\resources\admin\node_modules\path-to-regexp\index.js
<s> [webpack.Progress] 55% building 382/419 modules 37 active F:\springboot32e20828n\springboot32e20828n\src\main\resources\admin\node_modules\path-to-regexp\index.js
<s> [webpack.Progress] 55% building 383/419 modules 36 active F:\springboot32e20828n\springboot32e20828n\src\main\resources\admin\node_modules\path-to-regexp\index.js
<s> [webpack.Progress] 56% building 384/419 modules 35 active F:\springboot32e20828n\springboot32e20828n\src\main\resources\admin\node_modules\path-to-regexp\index.js
<s> [webpack.Progress] 56% building 385/419 modules 34 active F:\springboot32e20828n\springboot32e20828n\src\main\resources\admin\node_modules\path-to-regexp\index.js
<s> [webpack.Progress] 56% building 386/419 modules 33 active F:\springboot32e20828n\springboot32e20828n\src\main\resources\admin\node_modules\path-to-regexp\index.js
<s> [webpack.Progress] 56% building 387/419 modules 32 active F:\springboot32e20828n\springboot32e20828n\src\main\resources\admin\node_modules\path-to-regexp\index.js
<s> [webpack.Progress] 56% building 388/419 modules 31 active F:\springboot32e20828n\springboot32e20828n\src\main\resources\admin\node_modules\path-to-regexp\index.js
<s> [webpack.Progress] 56% building 389/419 modules 30 active F:\springboot32e20828n\springboot32e20828n\src\main\resources\admin\node_modules\path-to-regexp\index.js
<s> [webpack.Progress] 56% building 390/419 modules 29 active F:\springboot32e20828n\springboot32e20828n\src\main\resources\admin\node_modules\path-to-regexp\index.js
<s> [webpack.Progress] 56% building 391/419 modules 28 active F:\springboot32e20828n\springboot32e20828n\src\main\resources\admin\node_modules\path-to-regexp\index.js
<s> [webpack.Progress] 56% building 391/420 modules 29 active F:\springboot32e20828n\springboot32e20828n\src\main\resources\admin\node_modules\async-validator\es\index.js
<s> [webpack.Progress] 57% building 392/420 modules 28 active F:\springboot32e20828n\springboot32e20828n\src\main\resources\admin\node_modules\async-validator\es\index.js
<s> [webpack.Progress] 57% building 392/421 modules 29 active F:\springboot32e20828n\springboot32e20828n\src\main\resources\admin\node_modules\axios\lib\defaults.js
<s> [webpack.Progress] 57% building 393/421 modules 28 active F:\springboot32e20828n\springboot32e20828n\src\main\resources\admin\node_modules\axios\lib\defaults.js
<s> [webpack.Progress] 57% building 393/422 modules 29 active F:\springboot32e20828n\springboot32e20828n\src\main\resources\admin\node_modules\cache-loader\dist\cjs.js??ref--0-0!F:\springboot32e20828n\springboot32e20828n\src\main\resources\admin\node_modules\vue-loader\lib\index.js??vue-loader-options!F:\springboot32e20828n\springboot32e20828n\src\main\resources\admin\src\views\modules\zhiweixinxi\add-or-update.vue
<s> [webpack.Progress] 57% building 393/423 modules 30 active F:\springboot32e20828n\springboot32e20828n\src\main\resources\admin\node_modules\echarts\lib\model\mixin\dataFormat.js
<s> [webpack.Progress] 57% building 393/424 modules 31 active F:\springboot32e20828n\springboot32e20828n\src\main\resources\admin\node_modules\echarts\lib\model\mixin\palette.js
<s> [webpack.Progress] 57% building 394/424 modules 30 active F:\springboot32e20828n\springboot32e20828n\src\main\resources\admin\node_modules\echarts\lib\model\mixin\palette.js
<s> [webpack.Progress] 57% building 394/425 modules 31 active F:\springboot32e20828n\springboot32e20828n\src\main\resources\admin\node_modules\element-ui\lib\utils\popper.js
<s> [webpack.Progress] 57% building 394/426 modules 32 active F:\springboot32e20828n\springboot32e20828n\src\main\resources\admin\node_modules\echarts\lib\util\event.js
<s> [webpack.Progress] 57% building 394/427 modules 33 active F:\springboot32e20828n\springboot32e20828n\src\main\resources\admin\node_modules\echarts\lib\data\DataDiffer.js
<s> [webpack.Progress] 57% building 394/428 modules 34 active F:\springboot32e20828n\springboot32e20828n\src\main\resources\admin\node_modules\echarts\lib\data\helper\sourceManager.js
<s> [webpack.Progress] 57% building 394/429 modules 35 active F:\springboot32e20828n\springboot32e20828n\src\main\resources\admin\node_modules\element-ui\lib\utils\resize-event.js
<s> [webpack.Progress] 57% building 394/430 modules 36 active F:\springboot32e20828n\springboot32e20828n\src\main\resources\admin\node_modules\element-ui\lib\utils\scrollbar-width.js
<s> [webpack.Progress] 57% building 395/430 modules 35 active F:\springboot32e20828n\springboot32e20828n\src\main\resources\admin\node_modules\element-ui\lib\utils\scrollbar-width.js
<s> [webpack.Progress] 57% building 396/430 modules 34 active F:\springboot32e20828n\springboot32e20828n\src\main\resources\admin\node_modules\element-ui\lib\utils\scrollbar-width.js
<s> [webpack.Progress] 57% building 396/431 modules 35 active F:\springboot32e20828n\springboot32e20828n\src\main\resources\admin\node_modules\element-ui\lib\mixins\migrating.js
<s> [webpack.Progress] 57% building 396/432 modules 36 active F:\springboot32e20828n\springboot32e20828n\src\main\resources\admin\node_modules\element-ui\lib\utils\types.js
<s> [webpack.Progress] 57% building 396/433 modules 37 active F:\springboot32e20828n\springboot32e20828n\src\main\resources\admin\node_modules\zrender\lib\graphic\Displayable.js
<s> [webpack.Progress] 57% building 396/434 modules 38 active F:\springboot32e20828n\springboot32e20828n\src\main\resources\admin\node_modules\element-ui\lib\utils\shared.js
<s> [webpack.Progress] 57% building 396/435 modules 39 active F:\springboot32e20828n\springboot32e20828n\src\main\resources\admin\node_modules\echarts\lib\visual\decal.js
<s> [webpack.Progress] 57% building 397/435 modules 38 active F:\springboot32e20828n\springboot32e20828n\src\main\resources\admin\node_modules\echarts\lib\visual\decal.js
<s> [webpack.Progress] 57% building 397/436 modules 39 active F:\springboot32e20828n\springboot32e20828n\src\main\resources\admin\node_modules\cache-loader\dist\cjs.js??ref--0-0!F:\springboot32e20828n\springboot32e20828n\src\main\resources\admin\node_modules\vue-loader\lib\index.js??vue-loader-options!F:\springboot32e20828n\springboot32e20828n\src\main\resources\admin\src\views\modules\users\add-or-update.vue
<s> [webpack.Progress] 57% building 397/437 modules 40 active F:\springboot32e20828n\springboot32e20828n\src\main\resources\admin\node_modules\axios\lib\helpers\spread.js
<s> [webpack.Progress] 57% building 397/438 modules 41 active F:\springboot32e20828n\springboot32e20828n\src\main\resources\admin\node_modules\axios\lib\helpers\bind.js
<s> [webpack.Progress] 57% building 398/438 modules 40 active F:\springboot32e20828n\springboot32e20828n\src\main\resources\admin\node_modules\axios\lib\helpers\bind.js
<s> [webpack.Progress] 57% building 399/438 modules 39 active F:\springboot32e20828n\springboot32e20828n\src\main\resources\admin\node_modules\axios\lib\helpers\bind.js
<s> [webpack.Progress] 57% building 400/438 modules 38 active F:\springboot32e20828n\springboot32e20828n\src\main\resources\admin\node_modules\axios\lib\helpers\bind.js
<s> [webpack.Progress] 57% building 400/439 modules 39 active F:\springboot32e20828n\springboot32e20828n\src\main\resources\admin\node_modules\axios\lib\cancel\isCancel.js
<s> [webpack.Progress] 57% building 400/440 modules 40 active F:\springboot32e20828n\springboot32e20828n\src\main\resources\admin\node_modules\axios\lib\cancel\CancelToken.js
<s> [webpack.Progress] 57% building 400/441 modules 41 active F:\springboot32e20828n\springboot32e20828n\src\main\resources\admin\node_modules\axios\lib\cancel\Cancel.js
<s> [webpack.Progress] 57% building 400/442 modules 42 active F:\springboot32e20828n\springboot32e20828n\src\main\resources\admin\node_modules\echarts\lib\util\states.js
<s> [webpack.Progress] 58% building 401/442 modules 41 active F:\springboot32e20828n\springboot32e20828n\src\main\resources\admin\node_modules\echarts\lib\util\states.js
<s> [webpack.Progress] 58% building 402/442 modules 40 active F:\springboot32e20828n\springboot32e20828n\src\main\resources\admin\node_modules\echarts\lib\util\states.js
<s> [webpack.Progress] 58% building 403/442 modules 39 active F:\springboot32e20828n\springboot32e20828n\src\main\resources\admin\node_modules\echarts\lib\util\states.js
<s> [webpack.Progress] 58% building 403/443 modules 40 active F:\springboot32e20828n\springboot32e20828n\src\main\resources\admin\node_modules\core-js\internals\array-iteration.js
<s> [webpack.Progress] 58% building 404/443 modules 39 active F:\springboot32e20828n\springboot32e20828n\src\main\resources\admin\node_modules\core-js\internals\array-iteration.js
<s> [webpack.Progress] 58% building 405/443 modules 38 active F:\springboot32e20828n\springboot32e20828n\src\main\resources\admin\node_modules\core-js\internals\array-iteration.js
<s> [webpack.Progress] 58% building 405/444 modules 39 active F:\springboot32e20828n\springboot32e20828n\src\main\resources\admin\node_modules\core-js\internals\get-iterator.js
<s> [webpack.Progress] 58% building 405/445 modules 40 active F:\springboot32e20828n\springboot32e20828n\src\main\resources\admin\node_modules\core-js\internals\whitespaces.js
<s> [webpack.Progress] 58% building 405/446 modules 41 active F:\springboot32e20828n\springboot32e20828n\src\main\resources\admin\node_modules\core-js\internals\function-bind-context.js
<s> [webpack.Progress] 58% building 405/447 modules 42 active F:\springboot32e20828n\springboot32e20828n\src\main\resources\admin\node_modules\zrender\lib\config.js
<s> [webpack.Progress] 58% building 405/448 modules 43 active F:\springboot32e20828n\springboot32e20828n\src\main\resources\admin\node_modules\zrender\lib\graphic\Group.js
<s> [webpack.Progress] 58% building 405/449 modules 44 active F:\springboot32e20828n\springboot32e20828n\src\main\resources\admin\node_modules\normalize-wheel\src\normalizeWheel.js
<s> [webpack.Progress] 58% building 405/450 modules 45 active F:\springboot32e20828n\springboot32e20828n\src\main\resources\admin\node_modules\core-js\internals\html.js
<s> [webpack.Progress] 58% building 405/451 modules 46 active F:\springboot32e20828n\springboot32e20828n\src\main\resources\admin\node_modules\core-js\internals\enum-bug-keys.js
<s> [webpack.Progress] 58% building 405/452 modules 47 active F:\springboot32e20828n\springboot32e20828n\src\main\resources\admin\node_modules\core-js\internals\object-keys-internal.js
<s> [webpack.Progress] 58% building 405/453 modules 48 active F:\springboot32e20828n\springboot32e20828n\src\main\resources\admin\node_modules\axios\lib\core\mergeConfig.js
<s> [webpack.Progress] 58% building 405/454 modules 49 active F:\springboot32e20828n\springboot32e20828n\src\main\resources\admin\node_modules\axios\lib\core\Axios.js
<s> [webpack.Progress] 58% building 405/455 modules 50 active F:\springboot32e20828n\springboot32e20828n\src\main\resources\admin\node_modules\core-js\internals\object-keys.js
<s> [webpack.Progress] 58% building 406/455 modules 49 active F:\springboot32e20828n\springboot32e20828n\src\main\resources\admin\node_modules\core-js\internals\object-keys.js
<s> [webpack.Progress] 58% building 406/456 modules 50 active F:\springboot32e20828n\springboot32e20828n\src\main\resources\admin\node_modules\core-js\internals\is-array-iterator-method.js
<s> [webpack.Progress] 58% building 406/457 modules 51 active F:\springboot32e20828n\springboot32e20828n\src\main\resources\admin\node_modules\core-js\internals\create-iterator-constructor.js
<s> [webpack.Progress] 58% building 407/457 modules 50 active F:\springboot32e20828n\springboot32e20828n\src\main\resources\admin\node_modules\core-js\internals\create-iterator-constructor.js
<s> [webpack.Progress] 58% building 408/457 modules 49 active F:\springboot32e20828n\springboot32e20828n\src\main\resources\admin\node_modules\core-js\internals\create-iterator-constructor.js
<s> [webpack.Progress] 59% building 409/457 modules 48 active F:\springboot32e20828n\springboot32e20828n\src\main\resources\admin\node_modules\core-js\internals\create-iterator-constructor.js
<s> [webpack.Progress] 59% building 410/457 modules 47 active F:\springboot32e20828n\springboot32e20828n\src\main\resources\admin\node_modules\core-js\internals\create-iterator-constructor.js
<s> [webpack.Progress] 59% building 411/457 modules 46 active F:\springboot32e20828n\springboot32e20828n\src\main\resources\admin\node_modules\core-js\internals\create-iterator-constructor.js
<s> [webpack.Progress] 59% building 412/457 modules 45 active F:\springboot32e20828n\springboot32e20828n\src\main\resources\admin\node_modules\core-js\internals\create-iterator-constructor.js
<s> [webpack.Progress] 59% building 413/457 modules 44 active F:\springboot32e20828n\springboot32e20828n\src\main\resources\admin\node_modules\core-js\internals\create-iterator-constructor.js
<s> [webpack.Progress] 59% building 413/458 modules 45 active F:\springboot32e20828n\springboot32e20828n\src\main\resources\admin\node_modules\zrender\lib\tool\color.js
<s> [webpack.Progress] 59% building 414/458 modules 44 active F:\springboot32e20828n\springboot32e20828n\src\main\resources\admin\node_modules\zrender\lib\tool\color.js
<s> [webpack.Progress] 59% building 415/458 modules 43 active F:\springboot32e20828n\springboot32e20828n\src\main\resources\admin\node_modules\zrender\lib\tool\color.js
<s> [webpack.Progress] 59% building 416/458 modules 42 active F:\springboot32e20828n\springboot32e20828n\src\main\resources\admin\node_modules\zrender\lib\tool\color.js
<s> [webpack.Progress] 60% building 417/458 modules 41 active F:\springboot32e20828n\springboot32e20828n\src\main\resources\admin\node_modules\zrender\lib\tool\color.js
<s> [webpack.Progress] 60% building 418/458 modules 40 active F:\springboot32e20828n\springboot32e20828n\src\main\resources\admin\node_modules\zrender\lib\tool\color.js
<s> [webpack.Progress] 60% building 419/458 modules 39 active F:\springboot32e20828n\springboot32e20828n\src\main\resources\admin\node_modules\zrender\lib\tool\color.js
<s> [webpack.Progress] 60% building 420/458 modules 38 active F:\springboot32e20828n\springboot32e20828n\src\main\resources\admin\node_modules\zrender\lib\tool\color.js
<s> [webpack.Progress] 60% building 421/458 modules 37 active F:\springboot32e20828n\springboot32e20828n\src\main\resources\admin\node_modules\zrender\lib\tool\color.js
<s> [webpack.Progress] 60% building 422/458 modules 36 active F:\springboot32e20828n\springboot32e20828n\src\main\resources\admin\node_modules\zrender\lib\tool\color.js
<s> [webpack.Progress] 60% building 423/458 modules 35 active F:\springboot32e20828n\springboot32e20828n\src\main\resources\admin\node_modules\zrender\lib\tool\color.js
<s> [webpack.Progress] 60% building 423/459 modules 36 active F:\springboot32e20828n\springboot32e20828n\src\main\resources\admin\node_modules\echarts\lib\data\helper\dataProvider.js
<s> [webpack.Progress] 60% building 423/460 modules 37 active F:\springboot32e20828n\springboot32e20828n\src\main\resources\admin\node_modules\echarts\lib\component\tooltip\tooltipMarkup.js
<s> [webpack.Progress] 60% building 424/460 modules 36 active F:\springboot32e20828n\springboot32e20828n\src\main\resources\admin\node_modules\echarts\lib\component\tooltip\tooltipMarkup.js
<s> [webpack.Progress] 61% building 425/460 modules 35 active F:\springboot32e20828n\springboot32e20828n\src\main\resources\admin\node_modules\echarts\lib\component\tooltip\tooltipMarkup.js
<s> [webpack.Progress] 61% building 426/460 modules 34 active F:\springboot32e20828n\springboot32e20828n\src\main\resources\admin\node_modules\echarts\lib\component\tooltip\tooltipMarkup.js
<s> [webpack.Progress] 61% building 427/460 modules 33 active F:\springboot32e20828n\springboot32e20828n\src\main\resources\admin\node_modules\echarts\lib\component\tooltip\tooltipMarkup.js
<s> [webpack.Progress] 61% building 427/461 modules 34 active F:\springboot32e20828n\springboot32e20828n\src\main\resources\admin\node_modules\echarts\lib\util\types.js
<s> [webpack.Progress] 61% building 427/462 modules 35 active F:\springboot32e20828n\springboot32e20828n\src\main\resources\admin\node_modules\zrender\lib\dom\HandlerProxy.js
<s> [webpack.Progress] 61% building 427/463 modules 36 active F:\springboot32e20828n\springboot32e20828n\src\main\resources\admin\node_modules\echarts\lib\util\format.js
<s> [webpack.Progress] 61% building 428/463 modules 35 active F:\springboot32e20828n\springboot32e20828n\src\main\resources\admin\node_modules\echarts\lib\util\format.js
<s> [webpack.Progress] 61% building 429/463 modules 34 active F:\springboot32e20828n\springboot32e20828n\src\main\resources\admin\node_modules\echarts\lib\util\format.js
<s> [webpack.Progress] 61% building 430/463 modules 33 active F:\springboot32e20828n\springboot32e20828n\src\main\resources\admin\node_modules\echarts\lib\util\format.js
<s> [webpack.Progress] 61% building 431/463 modules 32 active F:\springboot32e20828n\springboot32e20828n\src\main\resources\admin\node_modules\echarts\lib\util\format.js
<s> [webpack.Progress] 61% building 431/464 modules 33 active F:\springboot32e20828n\springboot32e20828n\src\main\resources\admin\node_modules\vue-loader\lib\loaders\pitcher.js??ref--4!F:\springboot32e20828n\springboot32e20828n\src\main\resources\admin\node_modules\cache-loader\dist\cjs.js??ref--0-0!F:\springboot32e20828n\springboot32e20828n\src\main\resources\admin\node_modules\vue-loader\lib\index.js??vue-loader-options!F:\springboot32e20828n\springboot32e20828n\src\main\resources\admin\src\views\modules\menu\add-or-update.vue?vue&type=template&id=f9af028e&scoped=true&
<s> [webpack.Progress] 61% building 432/464 modules 32 active F:\springboot32e20828n\springboot32e20828n\src\main\resources\admin\node_modules\echarts\lib\util\format.js
<s> [webpack.Progress] 61% building 432/465 modules 33 active F:\springboot32e20828n\springboot32e20828n\src\main\resources\admin\node_modules\vue-loader\lib\loaders\pitcher.js??ref--4!F:\springboot32e20828n\springboot32e20828n\src\main\resources\admin\node_modules\vue-style-loader\index.js??ref--8-oneOf-1-0!F:\springboot32e20828n\springboot32e20828n\src\main\resources\admin\node_modules\css-loader\dist\cjs.js??ref--8-oneOf-1-1!F:\springboot32e20828n\springboot32e20828n\src\main\resources\admin\node_modules\postcss-loader\src\index.js??ref--8-oneOf-1-2!F:\springboot32e20828n\springboot32e20828n\src\main\resources\admin\node_modules\sass-loader\dist\cjs.js??ref--8-oneOf-1-3!F:\springboot32e20828n\springboot32e20828n\src\main\resources\admin\node_modules\cache-loader\dist\cjs.js??ref--0-0!F:\springboot32e20828n\springboot32e20828n\src\main\resources\admin\node_modules\vue-loader\lib\index.js??vue-loader-options!F:\springboot32e20828n\springboot32e20828n\src\main\resources\admin\src\views\modules\menu\add-or-update.vue?vue&type=style&index=0&id=f9af028e&lang=scss&scoped=true&
<s> [webpack.Progress] 61% building 433/465 modules 32 active F:\springboot32e20828n\springboot32e20828n\src\main\resources\admin\node_modules\echarts\lib\util\format.js
<s> [webpack.Progress] 61% building 433/466 modules 33 active F:\springboot32e20828n\springboot32e20828n\src\main\resources\admin\node_modules\cache-loader\dist\cjs.js?{"cacheDirectory":"node_modules/.cache/vue-loader","cacheIdentifier":"457e6f19-vue-loader-template"}!F:\springboot32e20828n\springboot32e20828n\src\main\resources\admin\node_modules\vue-loader\lib\loaders\templateLoader.js??vue-loader-options!F:\springboot32e20828n\springboot32e20828n\src\main\resources\admin\node_modules\cache-loader\dist\cjs.js??ref--0-0!F:\springboot32e20828n\springboot32e20828n\src\main\resources\admin\node_modules\vue-loader\lib\index.js??vue-loader-options!F:\springboot32e20828n\springboot32e20828n\src\main\resources\admin\src\views\modules\menu\add-or-update.vue?vue&type=template&id=f9af028e&scoped=true&
<s> [webpack.Progress] 61% building 433/467 modules 34 active F:\springboot32e20828n\springboot32e20828n\src\main\resources\admin\node_modules\vue-style-loader\index.js??ref--8-oneOf-1-0!F:\springboot32e20828n\springboot32e20828n\src\main\resources\admin\node_modules\css-loader\dist\cjs.js??ref--8-oneOf-1-1!F:\springboot32e20828n\springboot32e20828n\src\main\resources\admin\node_modules\vue-loader\lib\loaders\stylePostLoader.js!F:\springboot32e20828n\springboot32e20828n\src\main\resources\admin\node_modules\postcss-loader\src\index.js??ref--8-oneOf-1-2!F:\springboot32e20828n\springboot32e20828n\src\main\resources\admin\node_modules\sass-loader\dist\cjs.js??ref--8-oneOf-1-3!F:\springboot32e20828n\springboot32e20828n\src\main\resources\admin\node_modules\cache-loader\dist\cjs.js??ref--0-0!F:\springboot32e20828n\springboot32e20828n\src\main\resources\admin\node_modules\vue-loader\lib\index.js??vue-loader-options!F:\springboot32e20828n\springboot32e20828n\src\main\resources\admin\src\views\modules\menu\add-or-update.vue?vue&type=style&index=0&id=f9af028e&lang=scss&scoped=true&
<s> [webpack.Progress] 62% building 434/467 modules 33 active F:\springboot32e20828n\springboot32e20828n\src\main\resources\admin\node_modules\cache-loader\dist\cjs.js?{"cacheDirectory":"node_modules/.cache/vue-loader","cacheIdentifier":"457e6f19-vue-loader-template"}!F:\springboot32e20828n\springboot32e20828n\src\main\resources\admin\node_modules\vue-loader\lib\loaders\templateLoader.js??vue-loader-options!F:\springboot32e20828n\springboot32e20828n\src\main\resources\admin\node_modules\cache-loader\dist\cjs.js??ref--0-0!F:\springboot32e20828n\springboot32e20828n\src\main\resources\admin\node_modules\vue-loader\lib\index.js??vue-loader-options!F:\springboot32e20828n\springboot32e20828n\src\main\resources\admin\src\views\modules\menu\add-or-update.vue?vue&type=template&id=f9af028e&scoped=true&
<s> [webpack.Progress] 62% building 434/468 modules 34 active F:\springboot32e20828n\springboot32e20828n\src\main\resources\admin\node_modules\css-loader\dist\cjs.js??ref--8-oneOf-1-1!F:\springboot32e20828n\springboot32e20828n\src\main\resources\admin\node_modules\vue-loader\lib\loaders\stylePostLoader.js!F:\springboot32e20828n\springboot32e20828n\src\main\resources\admin\node_modules\postcss-loader\src\index.js??ref--8-oneOf-1-2!F:\springboot32e20828n\springboot32e20828n\src\main\resources\admin\node_modules\sass-loader\dist\cjs.js??ref--8-oneOf-1-3!F:\springboot32e20828n\springboot32e20828n\src\main\resources\admin\node_modules\cache-loader\dist\cjs.js??ref--0-0!F:\springboot32e20828n\springboot32e20828n\src\main\resources\admin\node_modules\vue-loader\lib\index.js??vue-loader-options!F:\springboot32e20828n\springboot32e20828n\src\main\resources\admin\src\views\modules\menu\add-or-update.vue?vue&type=style&index=0&id=f9af028e&lang=scss&scoped=true&
<s> [webpack.Progress] 62% building 435/468 modules 33 active F:\springboot32e20828n\springboot32e20828n\src\main\resources\admin\node_modules\css-loader\dist\cjs.js??ref--8-oneOf-1-1!F:\springboot32e20828n\springboot32e20828n\src\main\resources\admin\node_modules\vue-loader\lib\loaders\stylePostLoader.js!F:\springboot32e20828n\springboot32e20828n\src\main\resources\admin\node_modules\postcss-loader\src\index.js??ref--8-oneOf-1-2!F:\springboot32e20828n\springboot32e20828n\src\main\resources\admin\node_modules\sass-loader\dist\cjs.js??ref--8-oneOf-1-3!F:\springboot32e20828n\springboot32e20828n\src\main\resources\admin\node_modules\cache-loader\dist\cjs.js??ref--0-0!F:\springboot32e20828n\springboot32e20828n\src\main\resources\admin\node_modules\vue-loader\lib\index.js??vue-loader-options!F:\springboot32e20828n\springboot32e20828n\src\main\resources\admin\src\views\modules\menu\add-or-update.vue?vue&type=style&index=0&id=f9af028e&lang=scss&scoped=true&
<s> [webpack.Progress] 62% building 435/469 modules 34 active F:\springboot32e20828n\springboot32e20828n\src\main\resources\admin\node_modules\zrender\lib\core\BoundingRect.js
<s> [webpack.Progress] 62% building 436/469 modules 33 active F:\springboot32e20828n\springboot32e20828n\src\main\resources\admin\node_modules\zrender\lib\core\BoundingRect.js
<s> [webpack.Progress] 62% building 436/470 modules 34 active F:\springboot32e20828n\springboot32e20828n\src\main\resources\admin\node_modules\zrender\lib\Storage.js
<s> [webpack.Progress] 62% building 436/471 modules 35 active F:\springboot32e20828n\springboot32e20828n\src\main\resources\admin\node_modules\zrender\lib\Handler.js
<s> [webpack.Progress] 62% building 437/471 modules 34 active F:\springboot32e20828n\springboot32e20828n\src\main\resources\admin\node_modules\zrender\lib\Handler.js
<s> [webpack.Progress] 62% building 438/471 modules 33 active F:\springboot32e20828n\springboot32e20828n\src\main\resources\admin\node_modules\zrender\lib\Handler.js
<s> [webpack.Progress] 62% building 439/471 modules 32 active F:\springboot32e20828n\springboot32e20828n\src\main\resources\admin\node_modules\zrender\lib\Handler.js
<s> [webpack.Progress] 62% building 440/471 modules 31 active F:\springboot32e20828n\springboot32e20828n\src\main\resources\admin\node_modules\zrender\lib\Handler.js
<s> [webpack.Progress] 62% building 440/472 modules 32 active F:\springboot32e20828n\springboot32e20828n\src\main\resources\admin\node_modules\vue-loader\lib\loaders\pitcher.js??ref--4!F:\springboot32e20828n\springboot32e20828n\src\main\resources\admin\node_modules\cache-loader\dist\cjs.js??ref--0-0!F:\springboot32e20828n\springboot32e20828n\src\main\resources\admin\node_modules\vue-loader\lib\index.js??vue-loader-options!F:\springboot32e20828n\springboot32e20828n\src\main\resources\admin\src\views\modules\config\add-or-update.vue?vue&type=template&id=ec0c4148&scoped=true&
<s> [webpack.Progress] 62% building 441/472 modules 31 active F:\springboot32e20828n\springboot32e20828n\src\main\resources\admin\node_modules\zrender\lib\Handler.js
<s> [webpack.Progress] 62% building 441/473 modules 32 active F:\springboot32e20828n\springboot32e20828n\src\main\resources\admin\node_modules\vue-loader\lib\loaders\pitcher.js??ref--4!F:\springboot32e20828n\springboot32e20828n\src\main\resources\admin\node_modules\vue-style-loader\index.js??ref--8-oneOf-1-0!F:\springboot32e20828n\springboot32e20828n\src\main\resources\admin\node_modules\css-loader\dist\cjs.js??ref--8-oneOf-1-1!F:\springboot32e20828n\springboot32e20828n\src\main\resources\admin\node_modules\postcss-loader\src\index.js??ref--8-oneOf-1-2!F:\springboot32e20828n\springboot32e20828n\src\main\resources\admin\node_modules\sass-loader\dist\cjs.js??ref--8-oneOf-1-3!F:\springboot32e20828n\springboot32e20828n\src\main\resources\admin\node_modules\cache-loader\dist\cjs.js??ref--0-0!F:\springboot32e20828n\springboot32e20828n\src\main\resources\admin\node_modules\vue-loader\lib\index.js??vue-loader-options!F:\springboot32e20828n\springboot32e20828n\src\main\resources\admin\src\views\modules\config\add-or-update.vue?vue&type=style&index=0&id=ec0c4148&lang=scss&scoped=true&
<s> [webpack.Progress] 63% building 442/473 modules 31 active F:\springboot32e20828n\springboot32e20828n\src\main\resources\admin\node_modules\zrender\lib\Handler.js
<s> [webpack.Progress] 63% building 442/474 modules 32 active F:\springboot32e20828n\springboot32e20828n\src\main\resources\admin\node_modules\vue-loader\lib\loaders\pitcher.js??ref--4!F:\springboot32e20828n\springboot32e20828n\src\main\resources\admin\node_modules\cache-loader\dist\cjs.js??ref--12-0!F:\springboot32e20828n\springboot32e20828n\src\main\resources\admin\node_modules\babel-loader\lib\index.js!F:\springboot32e20828n\springboot32e20828n\src\main\resources\admin\node_modules\cache-loader\dist\cjs.js??ref--0-0!F:\springboot32e20828n\springboot32e20828n\src\main\resources\admin\node_modules\vue-loader\lib\index.js??vue-loader-options!F:\springboot32e20828n\springboot32e20828n\src\main\resources\admin\src\views\modules\config\add-or-update.vue?vue&type=script&lang=js&
<s> [webpack.Progress] 63% building 443/474 modules 31 active F:\springboot32e20828n\springboot32e20828n\src\main\resources\admin\node_modules\zrender\lib\Handler.js
<s> [webpack.Progress] 63% building 443/475 modules 32 active F:\springboot32e20828n\springboot32e20828n\src\main\resources\admin\node_modules\cache-loader\dist\cjs.js?{"cacheDirectory":"node_modules/.cache/vue-loader","cacheIdentifier":"457e6f19-vue-loader-template"}!F:\springboot32e20828n\springboot32e20828n\src\main\resources\admin\node_modules\vue-loader\lib\loaders\templateLoader.js??vue-loader-options!F:\springboot32e20828n\springboot32e20828n\src\main\resources\admin\node_modules\cache-loader\dist\cjs.js??ref--0-0!F:\springboot32e20828n\springboot32e20828n\src\main\resources\admin\node_modules\vue-loader\lib\index.js??vue-loader-options!F:\springboot32e20828n\springboot32e20828n\src\main\resources\admin\src\views\modules\config\add-or-update.vue?vue&type=template&id=ec0c4148&scoped=true&
<s> [webpack.Progress] 63% building 443/476 modules 33 active F:\springboot32e20828n\springboot32e20828n\src\main\resources\admin\node_modules\vue-style-loader\index.js??ref--8-oneOf-1-0!F:\springboot32e20828n\springboot32e20828n\src\main\resources\admin\node_modules\css-loader\dist\cjs.js??ref--8-oneOf-1-1!F:\springboot32e20828n\springboot32e20828n\src\main\resources\admin\node_modules\vue-loader\lib\loaders\stylePostLoader.js!F:\springboot32e20828n\springboot32e20828n\src\main\resources\admin\node_modules\postcss-loader\src\index.js??ref--8-oneOf-1-2!F:\springboot32e20828n\springboot32e20828n\src\main\resources\admin\node_modules\sass-loader\dist\cjs.js??ref--8-oneOf-1-3!F:\springboot32e20828n\springboot32e20828n\src\main\resources\admin\node_modules\cache-loader\dist\cjs.js??ref--0-0!F:\springboot32e20828n\springboot32e20828n\src\main\resources\admin\node_modules\vue-loader\lib\index.js??vue-loader-options!F:\springboot32e20828n\springboot32e20828n\src\main\resources\admin\src\views\modules\config\add-or-update.vue?vue&type=style&index=0&id=ec0c4148&lang=scss&scoped=true&
<s> [webpack.Progress] 63% building 444/476 modules 32 active F:\springboot32e20828n\springboot32e20828n\src\main\resources\admin\node_modules\cache-loader\dist\cjs.js?{"cacheDirectory":"node_modules/.cache/vue-loader","cacheIdentifier":"457e6f19-vue-loader-template"}!F:\springboot32e20828n\springboot32e20828n\src\main\resources\admin\node_modules\vue-loader\lib\loaders\templateLoader.js??vue-loader-options!F:\springboot32e20828n\springboot32e20828n\src\main\resources\admin\node_modules\cache-loader\dist\cjs.js??ref--0-0!F:\springboot32e20828n\springboot32e20828n\src\main\resources\admin\node_modules\vue-loader\lib\index.js??vue-loader-options!F:\springboot32e20828n\springboot32e20828n\src\main\resources\admin\src\views\modules\config\add-or-update.vue?vue&type=template&id=ec0c4148&scoped=true&
<s> [webpack.Progress] 63% building 444/477 modules 33 active F:\springboot32e20828n\springboot32e20828n\src\main\resources\admin\node_modules\cache-loader\dist\cjs.js??ref--12-0!F:\springboot32e20828n\springboot32e20828n\src\main\resources\admin\node_modules\babel-loader\lib\index.js!F:\springboot32e20828n\springboot32e20828n\src\main\resources\admin\node_modules\cache-loader\dist\cjs.js??ref--0-0!F:\springboot32e20828n\springboot32e20828n\src\main\resources\admin\node_modules\vue-loader\lib\index.js??vue-loader-options!F:\springboot32e20828n\springboot32e20828n\src\main\resources\admin\src\views\modules\config\add-or-update.vue?vue&type=script&lang=js&
<s> [webpack.Progress] 63% building 444/478 modules 34 active F:\springboot32e20828n\springboot32e20828n\src\main\resources\admin\node_modules\css-loader\dist\cjs.js??ref--8-oneOf-1-1!F:\springboot32e20828n\springboot32e20828n\src\main\resources\admin\node_modules\vue-loader\lib\loaders\stylePostLoader.js!F:\springboot32e20828n\springboot32e20828n\src\main\resources\admin\node_modules\postcss-loader\src\index.js??ref--8-oneOf-1-2!F:\springboot32e20828n\springboot32e20828n\src\main\resources\admin\node_modules\sass-loader\dist\cjs.js??ref--8-oneOf-1-3!F:\springboot32e20828n\springboot32e20828n\src\main\resources\admin\node_modules\cache-loader\dist\cjs.js??ref--0-0!F:\springboot32e20828n\springboot32e20828n\src\main\resources\admin\node_modules\vue-loader\lib\index.js??vue-loader-options!F:\springboot32e20828n\springboot32e20828n\src\main\resources\admin\src\views\modules\config\add-or-update.vue?vue&type=style&index=0&id=ec0c4148&lang=scss&scoped=true&
<s> [webpack.Progress] 63% building 445/478 modules 33 active F:\springboot32e20828n\springboot32e20828n\src\main\resources\admin\node_modules\css-loader\dist\cjs.js??ref--8-oneOf-1-1!F:\springboot32e20828n\springboot32e20828n\src\main\resources\admin\node_modules\vue-loader\lib\loaders\stylePostLoader.js!F:\springboot32e20828n\springboot32e20828n\src\main\resources\admin\node_modules\postcss-loader\src\index.js??ref--8-oneOf-1-2!F:\springboot32e20828n\springboot32e20828n\src\main\resources\admin\node_modules\sass-loader\dist\cjs.js??ref--8-oneOf-1-3!F:\springboot32e20828n\springboot32e20828n\src\main\resources\admin\node_modules\cache-loader\dist\cjs.js??ref--0-0!F:\springboot32e20828n\springboot32e20828n\src\main\resources\admin\node_modules\vue-loader\lib\index.js??vue-loader-options!F:\springboot32e20828n\springboot32e20828n\src\main\resources\admin\src\views\modules\config\add-or-update.vue?vue&type=style&index=0&id=ec0c4148&lang=scss&scoped=true&
<s> [webpack.Progress] 63% building 445/479 modules 34 active F:\springboot32e20828n\springboot32e20828n\src\main\resources\admin\node_modules\echarts\lib\model\mixin\itemStyle.js
<s> [webpack.Progress] 63% building 445/480 modules 35 active F:\springboot32e20828n\springboot32e20828n\src\main\resources\admin\node_modules\echarts\lib\model\mixin\lineStyle.js
<s> [webpack.Progress] 63% building 445/481 modules 36 active F:\springboot32e20828n\springboot32e20828n\src\main\resources\admin\node_modules\vue-loader\lib\loaders\pitcher.js??ref--4!F:\springboot32e20828n\springboot32e20828n\src\main\resources\admin\node_modules\cache-loader\dist\cjs.js??ref--0-0!F:\springboot32e20828n\springboot32e20828n\src\main\resources\admin\node_modules\vue-loader\lib\index.js??vue-loader-options!F:\springboot32e20828n\springboot32e20828n\src\main\resources\admin\src\views\modules\qingjiashenqing\add-or-update.vue?vue&type=template&id=623822e6&scoped=true&
<s> [webpack.Progress] 63% building 446/481 modules 35 active F:\springboot32e20828n\springboot32e20828n\src\main\resources\admin\node_modules\echarts\lib\model\mixin\lineStyle.js
<s> [webpack.Progress] 63% building 446/482 modules 36 active F:\springboot32e20828n\springboot32e20828n\src\main\resources\admin\node_modules\vue-loader\lib\loaders\pitcher.js??ref--4!F:\springboot32e20828n\springboot32e20828n\src\main\resources\admin\node_modules\vue-style-loader\index.js??ref--8-oneOf-1-0!F:\springboot32e20828n\springboot32e20828n\src\main\resources\admin\node_modules\css-loader\dist\cjs.js??ref--8-oneOf-1-1!F:\springboot32e20828n\springboot32e20828n\src\main\resources\admin\node_modules\postcss-loader\src\index.js??ref--8-oneOf-1-2!F:\springboot32e20828n\springboot32e20828n\src\main\resources\admin\node_modules\sass-loader\dist\cjs.js??ref--8-oneOf-1-3!F:\springboot32e20828n\springboot32e20828n\src\main\resources\admin\node_modules\cache-loader\dist\cjs.js??ref--0-0!F:\springboot32e20828n\springboot32e20828n\src\main\resources\admin\node_modules\vue-loader\lib\index.js??vue-loader-options!F:\springboot32e20828n\springboot32e20828n\src\main\resources\admin\src\views\modules\qingjiashenqing\add-or-update.vue?vue&type=style&index=0&id=623822e6&lang=scss&scoped=true&
<s> [webpack.Progress] 63% building 447/482 modules 35 active F:\springboot32e20828n\springboot32e20828n\src\main\resources\admin\node_modules\echarts\lib\model\mixin\lineStyle.js
<s> [webpack.Progress] 63% building 447/483 modules 36 active F:\springboot32e20828n\springboot32e20828n\src\main\resources\admin\node_modules\vue-loader\lib\loaders\pitcher.js??ref--4!F:\springboot32e20828n\springboot32e20828n\src\main\resources\admin\node_modules\cache-loader\dist\cjs.js??ref--12-0!F:\springboot32e20828n\springboot32e20828n\src\main\resources\admin\node_modules\babel-loader\lib\index.js!F:\springboot32e20828n\springboot32e20828n\src\main\resources\admin\node_modules\cache-loader\dist\cjs.js??ref--0-0!F:\springboot32e20828n\springboot32e20828n\src\main\resources\admin\node_modules\vue-loader\lib\index.js??vue-loader-options!F:\springboot32e20828n\springboot32e20828n\src\main\resources\admin\src\views\modules\qingjiashenqing\add-or-update.vue?vue&type=script&lang=js&
<s> [webpack.Progress] 63% building 448/483 modules 35 active F:\springboot32e20828n\springboot32e20828n\src\main\resources\admin\node_modules\echarts\lib\model\mixin\lineStyle.js
<s> [webpack.Progress] 63% building 448/484 modules 36 active F:\springboot32e20828n\springboot32e20828n\src\main\resources\admin\node_modules\cache-loader\dist\cjs.js?{"cacheDirectory":"node_modules/.cache/vue-loader","cacheIdentifier":"457e6f19-vue-loader-template"}!F:\springboot32e20828n\springboot32e20828n\src\main\resources\admin\node_modules\vue-loader\lib\loaders\templateLoader.js??vue-loader-options!F:\springboot32e20828n\springboot32e20828n\src\main\resources\admin\node_modules\cache-loader\dist\cjs.js??ref--0-0!F:\springboot32e20828n\springboot32e20828n\src\main\resources\admin\node_modules\vue-loader\lib\index.js??vue-loader-options!F:\springboot32e20828n\springboot32e20828n\src\main\resources\admin\src\views\modules\qingjiashenqing\add-or-update.vue?vue&type=template&id=623822e6&scoped=true&
<s> [webpack.Progress] 63% building 448/485 modules 37 active F:\springboot32e20828n\springboot32e20828n\src\main\resources\admin\node_modules\vue-style-loader\index.js??ref--8-oneOf-1-0!F:\springboot32e20828n\springboot32e20828n\src\main\resources\admin\node_modules\css-loader\dist\cjs.js??ref--8-oneOf-1-1!F:\springboot32e20828n\springboot32e20828n\src\main\resources\admin\node_modules\vue-loader\lib\loaders\stylePostLoader.js!F:\springboot32e20828n\springboot32e20828n\src\main\resources\admin\node_modules\postcss-loader\src\index.js??ref--8-oneOf-1-2!F:\springboot32e20828n\springboot32e20828n\src\main\resources\admin\node_modules\sass-loader\dist\cjs.js??ref--8-oneOf-1-3!F:\springboot32e20828n\springboot32e20828n\src\main\resources\admin\node_modules\cache-loader\dist\cjs.js??ref--0-0!F:\springboot32e20828n\springboot32e20828n\src\main\resources\admin\node_modules\vue-loader\lib\index.js??vue-loader-options!F:\springboot32e20828n\springboot32e20828n\src\main\resources\admin\src\views\modules\qingjiashenqing\add-or-update.vue?vue&type=style&index=0&id=623822e6&lang=scss&scoped=true&
<s> [webpack.Progress] 63% building 449/485 modules 36 active F:\springboot32e20828n\springboot32e20828n\src\main\resources\admin\node_modules\cache-loader\dist\cjs.js?{"cacheDirectory":"node_modules/.cache/vue-loader","cacheIdentifier":"457e6f19-vue-loader-template"}!F:\springboot32e20828n\springboot32e20828n\src\main\resources\admin\node_modules\vue-loader\lib\loaders\templateLoader.js??vue-loader-options!F:\springboot32e20828n\springboot32e20828n\src\main\resources\admin\node_modules\cache-loader\dist\cjs.js??ref--0-0!F:\springboot32e20828n\springboot32e20828n\src\main\resources\admin\node_modules\vue-loader\lib\index.js??vue-loader-options!F:\springboot32e20828n\springboot32e20828n\src\main\resources\admin\src\views\modules\qingjiashenqing\add-or-update.vue?vue&type=template&id=623822e6&scoped=true&
<s> [webpack.Progress] 63% building 449/486 modules 37 active F:\springboot32e20828n\springboot32e20828n\src\main\resources\admin\node_modules\cache-loader\dist\cjs.js??ref--12-0!F:\springboot32e20828n\springboot32e20828n\src\main\resources\admin\node_modules\babel-loader\lib\index.js!F:\springboot32e20828n\springboot32e20828n\src\main\resources\admin\node_modules\cache-loader\dist\cjs.js??ref--0-0!F:\springboot32e20828n\springboot32e20828n\src\main\resources\admin\node_modules\vue-loader\lib\index.js??vue-loader-options!F:\springboot32e20828n\springboot32e20828n\src\main\resources\admin\src\views\modules\qingjiashenqing\add-or-update.vue?vue&type=script&lang=js&
<s> [webpack.Progress] 63% building 449/487 modules 38 active F:\springboot32e20828n\springboot32e20828n\src\main\resources\admin\node_modules\css-loader\dist\cjs.js??ref--8-oneOf-1-1!F:\springboot32e20828n\springboot32e20828n\src\main\resources\admin\node_modules\vue-loader\lib\loaders\stylePostLoader.js!F:\springboot32e20828n\springboot32e20828n\src\main\resources\admin\node_modules\postcss-loader\src\index.js??ref--8-oneOf-1-2!F:\springboot32e20828n\springboot32e20828n\src\main\resources\admin\node_modules\sass-loader\dist\cjs.js??ref--8-oneOf-1-3!F:\springboot32e20828n\springboot32e20828n\src\main\resources\admin\node_modules\cache-loader\dist\cjs.js??ref--0-0!F:\springboot32e20828n\springboot32e20828n\src\main\resources\admin\node_modules\vue-loader\lib\index.js??vue-loader-options!F:\springboot32e20828n\springboot32e20828n\src\main\resources\admin\src\views\modules\qingjiashenqing\add-or-update.vue?vue&type=style&index=0&id=623822e6&lang=scss&scoped=true&
<s> [webpack.Progress] 63% building 449/488 modules 39 active F:\springboot32e20828n\springboot32e20828n\src\main\resources\admin\node_modules\vue-loader\lib\loaders\pitcher.js??ref--4!F:\springboot32e20828n\springboot32e20828n\src\main\resources\admin\node_modules\cache-loader\dist\cjs.js??ref--0-0!F:\springboot32e20828n\springboot32e20828n\src\main\resources\admin\node_modules\vue-loader\lib\index.js??vue-loader-options!F:\springboot32e20828n\springboot32e20828n\src\main\resources\admin\src\views\modules\zhiweishensu\add-or-update.vue?vue&type=template&id=24f6903a&scoped=true&
<s> [webpack.Progress] 64% building 450/488 modules 38 active F:\springboot32e20828n\springboot32e20828n\src\main\resources\admin\node_modules\css-loader\dist\cjs.js??ref--8-oneOf-1-1!F:\springboot32e20828n\springboot32e20828n\src\main\resources\admin\node_modules\vue-loader\lib\loaders\stylePostLoader.js!F:\springboot32e20828n\springboot32e20828n\src\main\resources\admin\node_modules\postcss-loader\src\index.js??ref--8-oneOf-1-2!F:\springboot32e20828n\springboot32e20828n\src\main\resources\admin\node_modules\sass-loader\dist\cjs.js??ref--8-oneOf-1-3!F:\springboot32e20828n\springboot32e20828n\src\main\resources\admin\node_modules\cache-loader\dist\cjs.js??ref--0-0!F:\springboot32e20828n\springboot32e20828n\src\main\resources\admin\node_modules\vue-loader\lib\index.js??vue-loader-options!F:\springboot32e20828n\springboot32e20828n\src\main\resources\admin\src\views\modules\qingjiashenqing\add-or-update.vue?vue&type=style&index=0&id=623822e6&lang=scss&scoped=true&
<s> [webpack.Progress] 64% building 450/489 modules 39 active F:\springboot32e20828n\springboot32e20828n\src\main\resources\admin\node_modules\vue-loader\lib\loaders\pitcher.js??ref--4!F:\springboot32e20828n\springboot32e20828n\src\main\resources\admin\node_modules\vue-style-loader\index.js??ref--8-oneOf-1-0!F:\springboot32e20828n\springboot32e20828n\src\main\resources\admin\node_modules\css-loader\dist\cjs.js??ref--8-oneOf-1-1!F:\springboot32e20828n\springboot32e20828n\src\main\resources\admin\node_modules\postcss-loader\src\index.js??ref--8-oneOf-1-2!F:\springboot32e20828n\springboot32e20828n\src\main\resources\admin\node_modules\sass-loader\dist\cjs.js??ref--8-oneOf-1-3!F:\springboot32e20828n\springboot32e20828n\src\main\resources\admin\node_modules\cache-loader\dist\cjs.js??ref--0-0!F:\springboot32e20828n\springboot32e20828n\src\main\resources\admin\node_modules\vue-loader\lib\index.js??vue-loader-options!F:\springboot32e20828n\springboot32e20828n\src\main\resources\admin\src\views\modules\zhiweishensu\add-or-update.vue?vue&type=style&index=0&id=24f6903a&lang=scss&scoped=true&
<s> [webpack.Progress] 64% building 451/489 modules 38 active F:\springboot32e20828n\springboot32e20828n\src\main\resources\admin\node_modules\css-loader\dist\cjs.js??ref--8-oneOf-1-1!F:\springboot32e20828n\springboot32e20828n\src\main\resources\admin\node_modules\vue-loader\lib\loaders\stylePostLoader.js!F:\springboot32e20828n\springboot32e20828n\src\main\resources\admin\node_modules\postcss-loader\src\index.js??ref--8-oneOf-1-2!F:\springboot32e20828n\springboot32e20828n\src\main\resources\admin\node_modules\sass-loader\dist\cjs.js??ref--8-oneOf-1-3!F:\springboot32e20828n\springboot32e20828n\src\main\resources\admin\node_modules\cache-loader\dist\cjs.js??ref--0-0!F:\springboot32e20828n\springboot32e20828n\src\main\resources\admin\node_modules\vue-loader\lib\index.js??vue-loader-options!F:\springboot32e20828n\springboot32e20828n\src\main\resources\admin\src\views\modules\qingjiashenqing\add-or-update.vue?vue&type=style&index=0&id=623822e6&lang=scss&scoped=true&
<s> [webpack.Progress] 64% building 451/490 modules 39 active F:\springboot32e20828n\springboot32e20828n\src\main\resources\admin\node_modules\vue-loader\lib\loaders\pitcher.js??ref--4!F:\springboot32e20828n\springboot32e20828n\src\main\resources\admin\node_modules\cache-loader\dist\cjs.js??ref--12-0!F:\springboot32e20828n\springboot32e20828n\src\main\resources\admin\node_modules\babel-loader\lib\index.js!F:\springboot32e20828n\springboot32e20828n\src\main\resources\admin\node_modules\cache-loader\dist\cjs.js??ref--0-0!F:\springboot32e20828n\springboot32e20828n\src\main\resources\admin\node_modules\vue-loader\lib\index.js??vue-loader-options!F:\springboot32e20828n\springboot32e20828n\src\main\resources\admin\src\views\modules\zhiweishensu\add-or-update.vue?vue&type=script&lang=js&
<s> [webpack.Progress] 64% building 452/490 modules 38 active F:\springboot32e20828n\springboot32e20828n\src\main\resources\admin\node_modules\css-loader\dist\cjs.js??ref--8-oneOf-1-1!F:\springboot32e20828n\springboot32e20828n\src\main\resources\admin\node_modules\vue-loader\lib\loaders\stylePostLoader.js!F:\springboot32e20828n\springboot32e20828n\src\main\resources\admin\node_modules\postcss-loader\src\index.js??ref--8-oneOf-1-2!F:\springboot32e20828n\springboot32e20828n\src\main\resources\admin\node_modules\sass-loader\dist\cjs.js??ref--8-oneOf-1-3!F:\springboot32e20828n\springboot32e20828n\src\main\resources\admin\node_modules\cache-loader\dist\cjs.js??ref--0-0!F:\springboot32e20828n\springboot32e20828n\src\main\resources\admin\node_modules\vue-loader\lib\index.js??vue-loader-options!F:\springboot32e20828n\springboot32e20828n\src\main\resources\admin\src\views\modules\qingjiashenqing\add-or-update.vue?vue&type=style&index=0&id=623822e6&lang=scss&scoped=true&
<s> [webpack.Progress] 64% building 452/491 modules 39 active F:\springboot32e20828n\springboot32e20828n\src\main\resources\admin\node_modules\cache-loader\dist\cjs.js?{"cacheDirectory":"node_modules/.cache/vue-loader","cacheIdentifier":"457e6f19-vue-loader-template"}!F:\springboot32e20828n\springboot32e20828n\src\main\resources\admin\node_modules\vue-loader\lib\loaders\templateLoader.js??vue-loader-options!F:\springboot32e20828n\springboot32e20828n\src\main\resources\admin\node_modules\cache-loader\dist\cjs.js??ref--0-0!F:\springboot32e20828n\springboot32e20828n\src\main\resources\admin\node_modules\vue-loader\lib\index.js??vue-loader-options!F:\springboot32e20828n\springboot32e20828n\src\main\resources\admin\src\views\modules\zhiweishensu\add-or-update.vue?vue&type=template&id=24f6903a&scoped=true&
<s> [webpack.Progress] 64% building 452/492 modules 40 active F:\springboot32e20828n\springboot32e20828n\src\main\resources\admin\node_modules\vue-style-loader\index.js??ref--8-oneOf-1-0!F:\springboot32e20828n\springboot32e20828n\src\main\resources\admin\node_modules\css-loader\dist\cjs.js??ref--8-oneOf-1-1!F:\springboot32e20828n\springboot32e20828n\src\main\resources\admin\node_modules\vue-loader\lib\loaders\stylePostLoader.js!F:\springboot32e20828n\springboot32e20828n\src\main\resources\admin\node_modules\postcss-loader\src\index.js??ref--8-oneOf-1-2!F:\springboot32e20828n\springboot32e20828n\src\main\resources\admin\node_modules\sass-loader\dist\cjs.js??ref--8-oneOf-1-3!F:\springboot32e20828n\springboot32e20828n\src\main\resources\admin\node_modules\cache-loader\dist\cjs.js??ref--0-0!F:\springboot32e20828n\springboot32e20828n\src\main\resources\admin\node_modules\vue-loader\lib\index.js??vue-loader-options!F:\springboot32e20828n\springboot32e20828n\src\main\resources\admin\src\views\modules\zhiweishensu\add-or-update.vue?vue&type=style&index=0&id=24f6903a&lang=scss&scoped=true&
<s> [webpack.Progress] 64% building 453/492 modules 39 active F:\springboot32e20828n\springboot32e20828n\src\main\resources\admin\node_modules\cache-loader\dist\cjs.js?{"cacheDirectory":"node_modules/.cache/vue-loader","cacheIdentifier":"457e6f19-vue-loader-template"}!F:\springboot32e20828n\springboot32e20828n\src\main\resources\admin\node_modules\vue-loader\lib\loaders\templateLoader.js??vue-loader-options!F:\springboot32e20828n\springboot32e20828n\src\main\resources\admin\node_modules\cache-loader\dist\cjs.js??ref--0-0!F:\springboot32e20828n\springboot32e20828n\src\main\resources\admin\node_modules\vue-loader\lib\index.js??vue-loader-options!F:\springboot32e20828n\springboot32e20828n\src\main\resources\admin\src\views\modules\zhiweishensu\add-or-update.vue?vue&type=template&id=24f6903a&scoped=true&
<s> [webpack.Progress] 64% building 453/493 modules 40 active F:\springboot32e20828n\springboot32e20828n\src\main\resources\admin\node_modules\cache-loader\dist\cjs.js??ref--12-0!F:\springboot32e20828n\springboot32e20828n\src\main\resources\admin\node_modules\babel-loader\lib\index.js!F:\springboot32e20828n\springboot32e20828n\src\main\resources\admin\node_modules\cache-loader\dist\cjs.js??ref--0-0!F:\springboot32e20828n\springboot32e20828n\src\main\resources\admin\node_modules\vue-loader\lib\index.js??vue-loader-options!F:\springboot32e20828n\springboot32e20828n\src\main\resources\admin\src\views\modules\zhiweishensu\add-or-update.vue?vue&type=script&lang=js&
<s> [webpack.Progress] 64% building 453/494 modules 41 active F:\springboot32e20828n\springboot32e20828n\src\main\resources\admin\node_modules\css-loader\dist\cjs.js??ref--8-oneOf-1-1!F:\springboot32e20828n\springboot32e20828n\src\main\resources\admin\node_modules\vue-loader\lib\loaders\stylePostLoader.js!F:\springboot32e20828n\springboot32e20828n\src\main\resources\admin\node_modules\postcss-loader\src\index.js??ref--8-oneOf-1-2!F:\springboot32e20828n\springboot32e20828n\src\main\resources\admin\node_modules\sass-loader\dist\cjs.js??ref--8-oneOf-1-3!F:\springboot32e20828n\springboot32e20828n\src\main\resources\admin\node_modules\cache-loader\dist\cjs.js??ref--0-0!F:\springboot32e20828n\springboot32e20828n\src\main\resources\admin\node_modules\vue-loader\lib\index.js??vue-loader-options!F:\springboot32e20828n\springboot32e20828n\src\main\resources\admin\src\views\modules\zhiweishensu\add-or-update.vue?vue&type=style&index=0&id=24f6903a&lang=scss&scoped=true&
<s> [webpack.Progress] 64% building 453/495 modules 42 active F:\springboot32e20828n\springboot32e20828n\src\main\resources\admin\node_modules\echarts\lib\model\mixin\textStyle.js
<s> [webpack.Progress] 64% building 454/495 modules 41 active F:\springboot32e20828n\springboot32e20828n\src\main\resources\admin\node_modules\echarts\lib\model\mixin\textStyle.js
<s> [webpack.Progress] 64% building 454/496 modules 42 active F:\springboot32e20828n\springboot32e20828n\src\main\resources\admin\node_modules\echarts\lib\model\mixin\areaStyle.js
<s> [webpack.Progress] 64% building 455/496 modules 41 active F:\springboot32e20828n\springboot32e20828n\src\main\resources\admin\node_modules\echarts\lib\model\mixin\areaStyle.js
<s> [webpack.Progress] 64% building 455/497 modules 42 active F:\springboot32e20828n\springboot32e20828n\src\main\resources\admin\node_modules\echarts\node_modules\tslib\tslib.es6.js
<s> [webpack.Progress] 64% building 455/498 modules 43 active F:\springboot32e20828n\springboot32e20828n\src\main\resources\admin\node_modules\vue-loader\lib\loaders\pitcher.js??ref--4!F:\springboot32e20828n\springboot32e20828n\src\main\resources\admin\node_modules\cache-loader\dist\cjs.js??ref--12-0!F:\springboot32e20828n\springboot32e20828n\src\main\resources\admin\node_modules\babel-loader\lib\index.js!F:\springboot32e20828n\springboot32e20828n\src\main\resources\admin\node_modules\cache-loader\dist\cjs.js??ref--0-0!F:\springboot32e20828n\springboot32e20828n\src\main\resources\admin\node_modules\vue-loader\lib\index.js??vue-loader-options!F:\springboot32e20828n\springboot32e20828n\src\main\resources\admin\src\views\modules\menu\add-or-update.vue?vue&type=script&lang=js&
<s> [webpack.Progress] 64% building 456/498 modules 42 active F:\springboot32e20828n\springboot32e20828n\src\main\resources\admin\node_modules\echarts\node_modules\tslib\tslib.es6.js
<s> [webpack.Progress] 64% building 456/499 modules 43 active F:\springboot32e20828n\springboot32e20828n\src\main\resources\admin\node_modules\cache-loader\dist\cjs.js??ref--12-0!F:\springboot32e20828n\springboot32e20828n\src\main\resources\admin\node_modules\babel-loader\lib\index.js!F:\springboot32e20828n\springboot32e20828n\src\main\resources\admin\node_modules\cache-loader\dist\cjs.js??ref--0-0!F:\springboot32e20828n\springboot32e20828n\src\main\resources\admin\node_modules\vue-loader\lib\index.js??vue-loader-options!F:\springboot32e20828n\springboot32e20828n\src\main\resources\admin\src\views\modules\menu\add-or-update.vue?vue&type=script&lang=js&
<s> [webpack.Progress] 64% building 456/500 modules 44 active F:\springboot32e20828n\springboot32e20828n\src\main\resources\admin\node_modules\element-ui\lib\locale\index.js
<s> [webpack.Progress] 64% building 457/500 modules 43 active F:\springboot32e20828n\springboot32e20828n\src\main\resources\admin\node_modules\element-ui\lib\locale\index.js
<s> [webpack.Progress] 64% building 458/500 modules 42 active F:\springboot32e20828n\springboot32e20828n\src\main\resources\admin\node_modules\element-ui\lib\locale\index.js
<s> [webpack.Progress] 65% building 459/500 modules 41 active F:\springboot32e20828n\springboot32e20828n\src\main\resources\admin\node_modules\element-ui\lib\locale\index.js
<s> [webpack.Progress] 64% building 459/501 modules 42 active F:\springboot32e20828n\springboot32e20828n\src\main\resources\admin\node_modules\vue-loader\lib\loaders\pitcher.js??ref--4!F:\springboot32e20828n\springboot32e20828n\src\main\resources\admin\node_modules\cache-loader\dist\cjs.js??ref--0-0!F:\springboot32e20828n\springboot32e20828n\src\main\resources\admin\node_modules\vue-loader\lib\index.js??vue-loader-options!F:\springboot32e20828n\springboot32e20828n\src\main\resources\admin\src\views\modules\syslog\add-or-update.vue?vue&type=template&id=ebff939e&scoped=true&
<s> [webpack.Progress] 65% building 460/501 modules 41 active F:\springboot32e20828n\springboot32e20828n\src\main\resources\admin\node_modules\element-ui\lib\locale\index.js
<s> [webpack.Progress] 64% building 460/502 modules 42 active F:\springboot32e20828n\springboot32e20828n\src\main\resources\admin\node_modules\vue-loader\lib\loaders\pitcher.js??ref--4!F:\springboot32e20828n\springboot32e20828n\src\main\resources\admin\node_modules\vue-style-loader\index.js??ref--8-oneOf-1-0!F:\springboot32e20828n\springboot32e20828n\src\main\resources\admin\node_modules\css-loader\dist\cjs.js??ref--8-oneOf-1-1!F:\springboot32e20828n\springboot32e20828n\src\main\resources\admin\node_modules\postcss-loader\src\index.js??ref--8-oneOf-1-2!F:\springboot32e20828n\springboot32e20828n\src\main\resources\admin\node_modules\sass-loader\dist\cjs.js??ref--8-oneOf-1-3!F:\springboot32e20828n\springboot32e20828n\src\main\resources\admin\node_modules\cache-loader\dist\cjs.js??ref--0-0!F:\springboot32e20828n\springboot32e20828n\src\main\resources\admin\node_modules\vue-loader\lib\index.js??vue-loader-options!F:\springboot32e20828n\springboot32e20828n\src\main\resources\admin\src\views\modules\syslog\add-or-update.vue?vue&type=style&index=0&id=ebff939e&lang=scss&scoped=true&
<s> [webpack.Progress] 65% building 461/502 modules 41 active F:\springboot32e20828n\springboot32e20828n\src\main\resources\admin\node_modules\element-ui\lib\locale\index.js
<s> [webpack.Progress] 64% building 461/503 modules 42 active F:\springboot32e20828n\springboot32e20828n\src\main\resources\admin\node_modules\vue-loader\lib\loaders\pitcher.js??ref--4!F:\springboot32e20828n\springboot32e20828n\src\main\resources\admin\node_modules\cache-loader\dist\cjs.js??ref--12-0!F:\springboot32e20828n\springboot32e20828n\src\main\resources\admin\node_modules\babel-loader\lib\index.js!F:\springboot32e20828n\springboot32e20828n\src\main\resources\admin\node_modules\cache-loader\dist\cjs.js??ref--0-0!F:\springboot32e20828n\springboot32e20828n\src\main\resources\admin\node_modules\vue-loader\lib\index.js??vue-loader-options!F:\springboot32e20828n\springboot32e20828n\src\main\resources\admin\src\views\modules\syslog\add-or-update.vue?vue&type=script&lang=js&
<s> [webpack.Progress] 65% building 462/503 modules 41 active F:\springboot32e20828n\springboot32e20828n\src\main\resources\admin\node_modules\element-ui\lib\locale\index.js
<s> [webpack.Progress] 64% building 462/504 modules 42 active F:\springboot32e20828n\springboot32e20828n\src\main\resources\admin\node_modules\cache-loader\dist\cjs.js?{"cacheDirectory":"node_modules/.cache/vue-loader","cacheIdentifier":"457e6f19-vue-loader-template"}!F:\springboot32e20828n\springboot32e20828n\src\main\resources\admin\node_modules\vue-loader\lib\loaders\templateLoader.js??vue-loader-options!F:\springboot32e20828n\springboot32e20828n\src\main\resources\admin\node_modules\cache-loader\dist\cjs.js??ref--0-0!F:\springboot32e20828n\springboot32e20828n\src\main\resources\admin\node_modules\vue-loader\lib\index.js??vue-loader-options!F:\springboot32e20828n\springboot32e20828n\src\main\resources\admin\src\views\modules\syslog\add-or-update.vue?vue&type=template&id=ebff939e&scoped=true&
<s> [webpack.Progress] 64% building 462/505 modules 43 active F:\springboot32e20828n\springboot32e20828n\src\main\resources\admin\node_modules\vue-style-loader\index.js??ref--8-oneOf-1-0!F:\springboot32e20828n\springboot32e20828n\src\main\resources\admin\node_modules\css-loader\dist\cjs.js??ref--8-oneOf-1-1!F:\springboot32e20828n\springboot32e20828n\src\main\resources\admin\node_modules\vue-loader\lib\loaders\stylePostLoader.js!F:\springboot32e20828n\springboot32e20828n\src\main\resources\admin\node_modules\postcss-loader\src\index.js??ref--8-oneOf-1-2!F:\springboot32e20828n\springboot32e20828n\src\main\resources\admin\node_modules\sass-loader\dist\cjs.js??ref--8-oneOf-1-3!F:\springboot32e20828n\springboot32e20828n\src\main\resources\admin\node_modules\cache-loader\dist\cjs.js??ref--0-0!F:\springboot32e20828n\springboot32e20828n\src\main\resources\admin\node_modules\vue-loader\lib\index.js??vue-loader-options!F:\springboot32e20828n\springboot32e20828n\src\main\resources\admin\src\views\modules\syslog\add-or-update.vue?vue&type=style&index=0&id=ebff939e&lang=scss&scoped=true&
<s> [webpack.Progress] 65% building 463/505 modules 42 active F:\springboot32e20828n\springboot32e20828n\src\main\resources\admin\node_modules\cache-loader\dist\cjs.js?{"cacheDirectory":"node_modules/.cache/vue-loader","cacheIdentifier":"457e6f19-vue-loader-template"}!F:\springboot32e20828n\springboot32e20828n\src\main\resources\admin\node_modules\vue-loader\lib\loaders\templateLoader.js??vue-loader-options!F:\springboot32e20828n\springboot32e20828n\src\main\resources\admin\node_modules\cache-loader\dist\cjs.js??ref--0-0!F:\springboot32e20828n\springboot32e20828n\src\main\resources\admin\node_modules\vue-loader\lib\index.js??vue-loader-options!F:\springboot32e20828n\springboot32e20828n\src\main\resources\admin\src\views\modules\syslog\add-or-update.vue?vue&type=template&id=ebff939e&scoped=true&
<s> [webpack.Progress] 64% building 463/506 modules 43 active F:\springboot32e20828n\springboot32e20828n\src\main\resources\admin\node_modules\cache-loader\dist\cjs.js??ref--12-0!F:\springboot32e20828n\springboot32e20828n\src\main\resources\admin\node_modules\babel-loader\lib\index.js!F:\springboot32e20828n\springboot32e20828n\src\main\resources\admin\node_modules\cache-loader\dist\cjs.js??ref--0-0!F:\springboot32e20828n\springboot32e20828n\src\main\resources\admin\node_modules\vue-loader\lib\index.js??vue-loader-options!F:\springboot32e20828n\springboot32e20828n\src\main\resources\admin\src\views\modules\syslog\add-or-update.vue?vue&type=script&lang=js&
<s> [webpack.Progress] 64% building 463/507 modules 44 active F:\springboot32e20828n\springboot32e20828n\src\main\resources\admin\node_modules\css-loader\dist\cjs.js??ref--8-oneOf-1-1!F:\springboot32e20828n\springboot32e20828n\src\main\resources\admin\node_modules\vue-loader\lib\loaders\stylePostLoader.js!F:\springboot32e20828n\springboot32e20828n\src\main\resources\admin\node_modules\postcss-loader\src\index.js??ref--8-oneOf-1-2!F:\springboot32e20828n\springboot32e20828n\src\main\resources\admin\node_modules\sass-loader\dist\cjs.js??ref--8-oneOf-1-3!F:\springboot32e20828n\springboot32e20828n\src\main\resources\admin\node_modules\cache-loader\dist\cjs.js??ref--0-0!F:\springboot32e20828n\springboot32e20828n\src\main\resources\admin\node_modules\vue-loader\lib\index.js??vue-loader-options!F:\springboot32e20828n\springboot32e20828n\src\main\resources\admin\src\views\modules\syslog\add-or-update.vue?vue&type=style&index=0&id=ebff939e&lang=scss&scoped=true&
<s> [webpack.Progress] 64% building 463/508 modules 45 active F:\springboot32e20828n\springboot32e20828n\src\main\resources\admin\node_modules\core-js\internals\define-well-known-symbol.js
<s> [webpack.Progress] 64% building 464/508 modules 44 active F:\springboot32e20828n\springboot32e20828n\src\main\resources\admin\node_modules\core-js\internals\define-well-known-symbol.js
<s> [webpack.Progress] 64% building 465/508 modules 43 active F:\springboot32e20828n\springboot32e20828n\src\main\resources\admin\node_modules\core-js\internals\define-well-known-symbol.js
<s> [webpack.Progress] 64% building 465/509 modules 44 active F:\springboot32e20828n\springboot32e20828n\src\main\resources\admin\node_modules\core-js\internals\object-get-own-property-names-external.js
<s> [webpack.Progress] 64% building 465/510 modules 45 active F:\springboot32e20828n\springboot32e20828n\src\main\resources\admin\node_modules\core-js\internals\well-known-symbol-wrapped.js
<s> [webpack.Progress] 64% building 466/510 modules 44 active F:\springboot32e20828n\springboot32e20828n\src\main\resources\admin\node_modules\core-js\internals\well-known-symbol-wrapped.js
<s> [webpack.Progress] 64% building 467/510 modules 43 active F:\springboot32e20828n\springboot32e20828n\src\main\resources\admin\node_modules\core-js\internals\well-known-symbol-wrapped.js
<s> [webpack.Progress] 65% building 468/510 modules 42 active F:\springboot32e20828n\springboot32e20828n\src\main\resources\admin\node_modules\core-js\internals\well-known-symbol-wrapped.js
<s> [webpack.Progress] 65% building 469/510 modules 41 active F:\springboot32e20828n\springboot32e20828n\src\main\resources\admin\node_modules\core-js\internals\well-known-symbol-wrapped.js
<s> [webpack.Progress] 65% building 470/510 modules 40 active F:\springboot32e20828n\springboot32e20828n\src\main\resources\admin\node_modules\core-js\internals\well-known-symbol-wrapped.js
<s> [webpack.Progress] 65% building 471/510 modules 39 active F:\springboot32e20828n\springboot32e20828n\src\main\resources\admin\node_modules\core-js\internals\well-known-symbol-wrapped.js
<s> [webpack.Progress] 65% building 471/511 modules 40 active F:\springboot32e20828n\springboot32e20828n\src\main\resources\admin\node_modules\zrender\lib\core\Transformable.js
<s> [webpack.Progress] 65% building 472/511 modules 39 active F:\springboot32e20828n\springboot32e20828n\src\main\resources\admin\node_modules\zrender\lib\core\Transformable.js
<s> [webpack.Progress] 65% building 472/512 modules 40 active F:\springboot32e20828n\springboot32e20828n\src\main\resources\admin\node_modules\vue-loader\lib\loaders\pitcher.js??ref--4!F:\springboot32e20828n\springboot32e20828n\src\main\resources\admin\node_modules\cache-loader\dist\cjs.js??ref--0-0!F:\springboot32e20828n\springboot32e20828n\src\main\resources\admin\node_modules\vue-loader\lib\index.js??vue-loader-options!F:\springboot32e20828n\springboot32e20828n\src\main\resources\admin\src\views\modules\jixiaokaohe\add-or-update.vue?vue&type=template&id=7d81237e&scoped=true&
<s> [webpack.Progress] 65% building 473/512 modules 39 active F:\springboot32e20828n\springboot32e20828n\src\main\resources\admin\node_modules\zrender\lib\core\Transformable.js
<s> [webpack.Progress] 65% building 473/513 modules 40 active F:\springboot32e20828n\springboot32e20828n\src\main\resources\admin\node_modules\vue-loader\lib\loaders\pitcher.js??ref--4!F:\springboot32e20828n\springboot32e20828n\src\main\resources\admin\node_modules\vue-style-loader\index.js??ref--8-oneOf-1-0!F:\springboot32e20828n\springboot32e20828n\src\main\resources\admin\node_modules\css-loader\dist\cjs.js??ref--8-oneOf-1-1!F:\springboot32e20828n\springboot32e20828n\src\main\resources\admin\node_modules\postcss-loader\src\index.js??ref--8-oneOf-1-2!F:\springboot32e20828n\springboot32e20828n\src\main\resources\admin\node_modules\sass-loader\dist\cjs.js??ref--8-oneOf-1-3!F:\springboot32e20828n\springboot32e20828n\src\main\resources\admin\node_modules\cache-loader\dist\cjs.js??ref--0-0!F:\springboot32e20828n\springboot32e20828n\src\main\resources\admin\node_modules\vue-loader\lib\index.js??vue-loader-options!F:\springboot32e20828n\springboot32e20828n\src\main\resources\admin\src\views\modules\jixiaokaohe\add-or-update.vue?vue&type=style&index=0&id=7d81237e&lang=scss&scoped=true&
<s> [webpack.Progress] 65% building 474/513 modules 39 active F:\springboot32e20828n\springboot32e20828n\src\main\resources\admin\node_modules\zrender\lib\core\Transformable.js
<s> [webpack.Progress] 65% building 474/514 modules 40 active F:\springboot32e20828n\springboot32e20828n\src\main\resources\admin\node_modules\vue-loader\lib\loaders\pitcher.js??ref--4!F:\springboot32e20828n\springboot32e20828n\src\main\resources\admin\node_modules\cache-loader\dist\cjs.js??ref--12-0!F:\springboot32e20828n\springboot32e20828n\src\main\resources\admin\node_modules\babel-loader\lib\index.js!F:\springboot32e20828n\springboot32e20828n\src\main\resources\admin\node_modules\cache-loader\dist\cjs.js??ref--0-0!F:\springboot32e20828n\springboot32e20828n\src\main\resources\admin\node_modules\vue-loader\lib\index.js??vue-loader-options!F:\springboot32e20828n\springboot32e20828n\src\main\resources\admin\src\views\modules\jixiaokaohe\add-or-update.vue?vue&type=script&lang=js&
<s> [webpack.Progress] 65% building 475/514 modules 39 active F:\springboot32e20828n\springboot32e20828n\src\main\resources\admin\node_modules\zrender\lib\core\Transformable.js
<s> [webpack.Progress] 65% building 475/515 modules 40 active F:\springboot32e20828n\springboot32e20828n\src\main\resources\admin\node_modules\cache-loader\dist\cjs.js?{"cacheDirectory":"node_modules/.cache/vue-loader","cacheIdentifier":"457e6f19-vue-loader-template"}!F:\springboot32e20828n\springboot32e20828n\src\main\resources\admin\node_modules\vue-loader\lib\loaders\templateLoader.js??vue-loader-options!F:\springboot32e20828n\springboot32e20828n\src\main\resources\admin\node_modules\cache-loader\dist\cjs.js??ref--0-0!F:\springboot32e20828n\springboot32e20828n\src\main\resources\admin\node_modules\vue-loader\lib\index.js??vue-loader-options!F:\springboot32e20828n\springboot32e20828n\src\main\resources\admin\src\views\modules\jixiaokaohe\add-or-update.vue?vue&type=template&id=7d81237e&scoped=true&
<s> [webpack.Progress] 65% building 475/516 modules 41 active F:\springboot32e20828n\springboot32e20828n\src\main\resources\admin\node_modules\vue-style-loader\index.js??ref--8-oneOf-1-0!F:\springboot32e20828n\springboot32e20828n\src\main\resources\admin\node_modules\css-loader\dist\cjs.js??ref--8-oneOf-1-1!F:\springboot32e20828n\springboot32e20828n\src\main\resources\admin\node_modules\vue-loader\lib\loaders\stylePostLoader.js!F:\springboot32e20828n\springboot32e20828n\src\main\resources\admin\node_modules\postcss-loader\src\index.js??ref--8-oneOf-1-2!F:\springboot32e20828n\springboot32e20828n\src\main\resources\admin\node_modules\sass-loader\dist\cjs.js??ref--8-oneOf-1-3!F:\springboot32e20828n\springboot32e20828n\src\main\resources\admin\node_modules\cache-loader\dist\cjs.js??ref--0-0!F:\springboot32e20828n\springboot32e20828n\src\main\resources\admin\node_modules\vue-loader\lib\index.js??vue-loader-options!F:\springboot32e20828n\springboot32e20828n\src\main\resources\admin\src\views\modules\jixiaokaohe\add-or-update.vue?vue&type=style&index=0&id=7d81237e&lang=scss&scoped=true&
<s> [webpack.Progress] 65% building 476/516 modules 40 active F:\springboot32e20828n\springboot32e20828n\src\main\resources\admin\node_modules\cache-loader\dist\cjs.js?{"cacheDirectory":"node_modules/.cache/vue-loader","cacheIdentifier":"457e6f19-vue-loader-template"}!F:\springboot32e20828n\springboot32e20828n\src\main\resources\admin\node_modules\vue-loader\lib\loaders\templateLoader.js??vue-loader-options!F:\springboot32e20828n\springboot32e20828n\src\main\resources\admin\node_modules\cache-loader\dist\cjs.js??ref--0-0!F:\springboot32e20828n\springboot32e20828n\src\main\resources\admin\node_modules\vue-loader\lib\index.js??vue-loader-options!F:\springboot32e20828n\springboot32e20828n\src\main\resources\admin\src\views\modules\jixiaokaohe\add-or-update.vue?vue&type=template&id=7d81237e&scoped=true&
<s> [webpack.Progress] 65% building 476/517 modules 41 active F:\springboot32e20828n\springboot32e20828n\src\main\resources\admin\node_modules\cache-loader\dist\cjs.js??ref--12-0!F:\springboot32e20828n\springboot32e20828n\src\main\resources\admin\node_modules\babel-loader\lib\index.js!F:\springboot32e20828n\springboot32e20828n\src\main\resources\admin\node_modules\cache-loader\dist\cjs.js??ref--0-0!F:\springboot32e20828n\springboot32e20828n\src\main\resources\admin\node_modules\vue-loader\lib\index.js??vue-loader-options!F:\springboot32e20828n\springboot32e20828n\src\main\resources\admin\src\views\modules\jixiaokaohe\add-or-update.vue?vue&type=script&lang=js&
<s> [webpack.Progress] 65% building 476/518 modules 42 active F:\springboot32e20828n\springboot32e20828n\src\main\resources\admin\node_modules\css-loader\dist\cjs.js??ref--8-oneOf-1-1!F:\springboot32e20828n\springboot32e20828n\src\main\resources\admin\node_modules\vue-loader\lib\loaders\stylePostLoader.js!F:\springboot32e20828n\springboot32e20828n\src\main\resources\admin\node_modules\postcss-loader\src\index.js??ref--8-oneOf-1-2!F:\springboot32e20828n\springboot32e20828n\src\main\resources\admin\node_modules\sass-loader\dist\cjs.js??ref--8-oneOf-1-3!F:\springboot32e20828n\springboot32e20828n\src\main\resources\admin\node_modules\cache-loader\dist\cjs.js??ref--0-0!F:\springboot32e20828n\springboot32e20828n\src\main\resources\admin\node_modules\vue-loader\lib\index.js??vue-loader-options!F:\springboot32e20828n\springboot32e20828n\src\main\resources\admin\src\views\modules\jixiaokaohe\add-or-update.vue?vue&type=style&index=0&id=7d81237e&lang=scss&scoped=true&
<s> [webpack.Progress] 65% building 477/518 modules 41 active F:\springboot32e20828n\springboot32e20828n\src\main\resources\admin\node_modules\css-loader\dist\cjs.js??ref--8-oneOf-1-1!F:\springboot32e20828n\springboot32e20828n\src\main\resources\admin\node_modules\vue-loader\lib\loaders\stylePostLoader.js!F:\springboot32e20828n\springboot32e20828n\src\main\resources\admin\node_modules\postcss-loader\src\index.js??ref--8-oneOf-1-2!F:\springboot32e20828n\springboot32e20828n\src\main\resources\admin\node_modules\sass-loader\dist\cjs.js??ref--8-oneOf-1-3!F:\springboot32e20828n\springboot32e20828n\src\main\resources\admin\node_modules\cache-loader\dist\cjs.js??ref--0-0!F:\springboot32e20828n\springboot32e20828n\src\main\resources\admin\node_modules\vue-loader\lib\index.js??vue-loader-options!F:\springboot32e20828n\springboot32e20828n\src\main\resources\admin\src\views\modules\jixiaokaohe\add-or-update.vue?vue&type=style&index=0&id=7d81237e&lang=scss&scoped=true&
<s> [webpack.Progress] 65% building 478/518 modules 40 active F:\springboot32e20828n\springboot32e20828n\src\main\resources\admin\node_modules\css-loader\dist\cjs.js??ref--8-oneOf-1-1!F:\springboot32e20828n\springboot32e20828n\src\main\resources\admin\node_modules\vue-loader\lib\loaders\stylePostLoader.js!F:\springboot32e20828n\springboot32e20828n\src\main\resources\admin\node_modules\postcss-loader\src\index.js??ref--8-oneOf-1-2!F:\springboot32e20828n\springboot32e20828n\src\main\resources\admin\node_modules\sass-loader\dist\cjs.js??ref--8-oneOf-1-3!F:\springboot32e20828n\springboot32e20828n\src\main\resources\admin\node_modules\cache-loader\dist\cjs.js??ref--0-0!F:\springboot32e20828n\springboot32e20828n\src\main\resources\admin\node_modules\vue-loader\lib\index.js??vue-loader-options!F:\springboot32e20828n\springboot32e20828n\src\main\resources\admin\src\views\modules\jixiaokaohe\add-or-update.vue?vue&type=style&index=0&id=7d81237e&lang=scss&scoped=true&
<s> [webpack.Progress] 65% building 478/519 modules 41 active F:\springboot32e20828n\springboot32e20828n\src\main\resources\admin\node_modules\core-js\internals\same-value.js
<s> [webpack.Progress] 65% building 478/520 modules 42 active F:\springboot32e20828n\springboot32e20828n\src\main\resources\admin\node_modules\echarts\lib\view\Component.js
<s> [webpack.Progress] 65% building 478/521 modules 43 active F:\springboot32e20828n\springboot32e20828n\src\main\resources\admin\node_modules\zrender\lib\animation\Animation.js
<s> [webpack.Progress] 64% building 478/522 modules 44 active F:\springboot32e20828n\springboot32e20828n\src\main\resources\admin\node_modules\echarts\lib\data\DataStore.js
<s> [webpack.Progress] 64% building 478/523 modules 45 active F:\springboot32e20828n\springboot32e20828n\src\main\resources\admin\node_modules\echarts\lib\data\helper\transform.js
<s> [webpack.Progress] 64% building 478/524 modules 46 active F:\springboot32e20828n\springboot32e20828n\src\main\resources\admin\node_modules\core-js\internals\number-parse-float.js
<s> [webpack.Progress] 64% building 479/524 modules 45 active F:\springboot32e20828n\springboot32e20828n\src\main\resources\admin\node_modules\core-js\internals\number-parse-float.js
<s> [webpack.Progress] 64% building 480/524 modules 44 active F:\springboot32e20828n\springboot32e20828n\src\main\resources\admin\node_modules\core-js\internals\number-parse-float.js
<s> [webpack.Progress] 64% building 480/525 modules 45 active F:\springboot32e20828n\springboot32e20828n\src\main\resources\admin\node_modules\zrender\lib\contain\util.js
<s> [webpack.Progress] 64% building 480/526 modules 46 active F:\springboot32e20828n\springboot32e20828n\src\main\resources\admin\node_modules\zrender\lib\graphic\constants.js
<s> [webpack.Progress] 64% building 480/527 modules 47 active F:\springboot32e20828n\springboot32e20828n\src\main\resources\admin\node_modules\echarts\lib\util\decal.js
<s> [webpack.Progress] 64% building 480/528 modules 48 active F:\springboot32e20828n\springboot32e20828n\src\main\resources\admin\node_modules\zrender\lib\Element.js
<s> [webpack.Progress] 64% building 481/528 modules 47 active F:\springboot32e20828n\springboot32e20828n\src\main\resources\admin\node_modules\zrender\lib\Element.js
<s> [webpack.Progress] 64% building 481/529 modules 48 active F:\springboot32e20828n\springboot32e20828n\src\main\resources\admin\node_modules\echarts\lib\data\Source.js
<s> [webpack.Progress] 64% building 481/530 modules 49 active F:\springboot32e20828n\springboot32e20828n\src\main\resources\admin\node_modules\echarts\lib\data\helper\sourceHelper.js
<s> [webpack.Progress] 64% building 482/530 modules 48 active F:\springboot32e20828n\springboot32e20828n\src\main\resources\admin\node_modules\echarts\lib\data\helper\sourceHelper.js
<s> [webpack.Progress] 64% building 483/530 modules 47 active F:\springboot32e20828n\springboot32e20828n\src\main\resources\admin\node_modules\echarts\lib\data\helper\sourceHelper.js
<s> [webpack.Progress] 64% building 484/530 modules 46 active F:\springboot32e20828n\springboot32e20828n\src\main\resources\admin\node_modules\echarts\lib\data\helper\sourceHelper.js
<s> [webpack.Progress] 64% building 485/530 modules 45 active F:\springboot32e20828n\springboot32e20828n\src\main\resources\admin\node_modules\echarts\lib\data\helper\sourceHelper.js
<s> [webpack.Progress] 64% building 485/531 modules 46 active F:\springboot32e20828n\springboot32e20828n\src\main\resources\admin\node_modules\vue-loader\lib\loaders\pitcher.js??ref--4!F:\springboot32e20828n\springboot32e20828n\src\main\resources\admin\node_modules\cache-loader\dist\cjs.js??ref--0-0!F:\springboot32e20828n\springboot32e20828n\src\main\resources\admin\node_modules\vue-loader\lib\index.js??vue-loader-options!F:\springboot32e20828n\springboot32e20828n\src\main\resources\admin\src\views\modules\zhiweixinxi\add-or-update.vue?vue&type=template&id=b52d37d8&scoped=true&
<s> [webpack.Progress] 64% building 486/531 modules 45 active F:\springboot32e20828n\springboot32e20828n\src\main\resources\admin\node_modules\echarts\lib\data\helper\sourceHelper.js
<s> [webpack.Progress] 64% building 486/532 modules 46 active F:\springboot32e20828n\springboot32e20828n\src\main\resources\admin\node_modules\vue-loader\lib\loaders\pitcher.js??ref--4!F:\springboot32e20828n\springboot32e20828n\src\main\resources\admin\node_modules\vue-style-loader\index.js??ref--8-oneOf-1-0!F:\springboot32e20828n\springboot32e20828n\src\main\resources\admin\node_modules\css-loader\dist\cjs.js??ref--8-oneOf-1-1!F:\springboot32e20828n\springboot32e20828n\src\main\resources\admin\node_modules\postcss-loader\src\index.js??ref--8-oneOf-1-2!F:\springboot32e20828n\springboot32e20828n\src\main\resources\admin\node_modules\sass-loader\dist\cjs.js??ref--8-oneOf-1-3!F:\springboot32e20828n\springboot32e20828n\src\main\resources\admin\node_modules\cache-loader\dist\cjs.js??ref--0-0!F:\springboot32e20828n\springboot32e20828n\src\main\resources\admin\node_modules\vue-loader\lib\index.js??vue-loader-options!F:\springboot32e20828n\springboot32e20828n\src\main\resources\admin\src\views\modules\zhiweixinxi\add-or-update.vue?vue&type=style&index=0&id=b52d37d8&lang=scss&scoped=true&
<s> [webpack.Progress] 64% building 487/532 modules 45 active F:\springboot32e20828n\springboot32e20828n\src\main\resources\admin\node_modules\echarts\lib\data\helper\sourceHelper.js
<s> [webpack.Progress] 64% building 487/533 modules 46 active F:\springboot32e20828n\springboot32e20828n\src\main\resources\admin\node_modules\vue-loader\lib\loaders\pitcher.js??ref--4!F:\springboot32e20828n\springboot32e20828n\src\main\resources\admin\node_modules\cache-loader\dist\cjs.js??ref--12-0!F:\springboot32e20828n\springboot32e20828n\src\main\resources\admin\node_modules\babel-loader\lib\index.js!F:\springboot32e20828n\springboot32e20828n\src\main\resources\admin\node_modules\cache-loader\dist\cjs.js??ref--0-0!F:\springboot32e20828n\springboot32e20828n\src\main\resources\admin\node_modules\vue-loader\lib\index.js??vue-loader-options!F:\springboot32e20828n\springboot32e20828n\src\main\resources\admin\src\views\modules\zhiweixinxi\add-or-update.vue?vue&type=script&lang=js&
<s> [webpack.Progress] 64% building 488/533 modules 45 active F:\springboot32e20828n\springboot32e20828n\src\main\resources\admin\node_modules\echarts\lib\data\helper\sourceHelper.js
<s> [webpack.Progress] 64% building 488/534 modules 46 active F:\springboot32e20828n\springboot32e20828n\src\main\resources\admin\node_modules\cache-loader\dist\cjs.js?{"cacheDirectory":"node_modules/.cache/vue-loader","cacheIdentifier":"457e6f19-vue-loader-template"}!F:\springboot32e20828n\springboot32e20828n\src\main\resources\admin\node_modules\vue-loader\lib\loaders\templateLoader.js??vue-loader-options!F:\springboot32e20828n\springboot32e20828n\src\main\resources\admin\node_modules\cache-loader\dist\cjs.js??ref--0-0!F:\springboot32e20828n\springboot32e20828n\src\main\resources\admin\node_modules\vue-loader\lib\index.js??vue-loader-options!F:\springboot32e20828n\springboot32e20828n\src\main\resources\admin\src\views\modules\zhiweixinxi\add-or-update.vue?vue&type=template&id=b52d37d8&scoped=true&
<s> [webpack.Progress] 64% building 488/535 modules 47 active F:\springboot32e20828n\springboot32e20828n\src\main\resources\admin\node_modules\vue-style-loader\index.js??ref--8-oneOf-1-0!F:\springboot32e20828n\springboot32e20828n\src\main\resources\admin\node_modules\css-loader\dist\cjs.js??ref--8-oneOf-1-1!F:\springboot32e20828n\springboot32e20828n\src\main\resources\admin\node_modules\vue-loader\lib\loaders\stylePostLoader.js!F:\springboot32e20828n\springboot32e20828n\src\main\resources\admin\node_modules\postcss-loader\src\index.js??ref--8-oneOf-1-2!F:\springboot32e20828n\springboot32e20828n\src\main\resources\admin\node_modules\sass-loader\dist\cjs.js??ref--8-oneOf-1-3!F:\springboot32e20828n\springboot32e20828n\src\main\resources\admin\node_modules\cache-loader\dist\cjs.js??ref--0-0!F:\springboot32e20828n\springboot32e20828n\src\main\resources\admin\node_modules\vue-loader\lib\index.js??vue-loader-options!F:\springboot32e20828n\springboot32e20828n\src\main\resources\admin\src\views\modules\zhiweixinxi\add-or-update.vue?vue&type=style&index=0&id=b52d37d8&lang=scss&scoped=true&
<s> [webpack.Progress] 64% building 489/535 modules 46 active F:\springboot32e20828n\springboot32e20828n\src\main\resources\admin\node_modules\cache-loader\dist\cjs.js?{"cacheDirectory":"node_modules/.cache/vue-loader","cacheIdentifier":"457e6f19-vue-loader-template"}!F:\springboot32e20828n\springboot32e20828n\src\main\resources\admin\node_modules\vue-loader\lib\loaders\templateLoader.js??vue-loader-options!F:\springboot32e20828n\springboot32e20828n\src\main\resources\admin\node_modules\cache-loader\dist\cjs.js??ref--0-0!F:\springboot32e20828n\springboot32e20828n\src\main\resources\admin\node_modules\vue-loader\lib\index.js??vue-loader-options!F:\springboot32e20828n\springboot32e20828n\src\main\resources\admin\src\views\modules\zhiweixinxi\add-or-update.vue?vue&type=template&id=b52d37d8&scoped=true&
<s> [webpack.Progress] 64% building 489/536 modules 47 active F:\springboot32e20828n\springboot32e20828n\src\main\resources\admin\node_modules\cache-loader\dist\cjs.js??ref--12-0!F:\springboot32e20828n\springboot32e20828n\src\main\resources\admin\node_modules\babel-loader\lib\index.js!F:\springboot32e20828n\springboot32e20828n\src\main\resources\admin\node_modules\cache-loader\dist\cjs.js??ref--0-0!F:\springboot32e20828n\springboot32e20828n\src\main\resources\admin\node_modules\vue-loader\lib\index.js??vue-loader-options!F:\springboot32e20828n\springboot32e20828n\src\main\resources\admin\src\views\modules\zhiweixinxi\add-or-update.vue?vue&type=script&lang=js&
<s> [webpack.Progress] 64% building 489/537 modules 48 active F:\springboot32e20828n\springboot32e20828n\src\main\resources\admin\node_modules\css-loader\dist\cjs.js??ref--8-oneOf-1-1!F:\springboot32e20828n\springboot32e20828n\src\main\resources\admin\node_modules\vue-loader\lib\loaders\stylePostLoader.js!F:\springboot32e20828n\springboot32e20828n\src\main\resources\admin\node_modules\postcss-loader\src\index.js??ref--8-oneOf-1-2!F:\springboot32e20828n\springboot32e20828n\src\main\resources\admin\node_modules\sass-loader\dist\cjs.js??ref--8-oneOf-1-3!F:\springboot32e20828n\springboot32e20828n\src\main\resources\admin\node_modules\cache-loader\dist\cjs.js??ref--0-0!F:\springboot32e20828n\springboot32e20828n\src\main\resources\admin\node_modules\vue-loader\lib\index.js??vue-loader-options!F:\springboot32e20828n\springboot32e20828n\src\main\resources\admin\src\views\modules\zhiweixinxi\add-or-update.vue?vue&type=style&index=0&id=b52d37d8&lang=scss&scoped=true&
<s> [webpack.Progress] 64% building 490/537 modules 47 active F:\springboot32e20828n\springboot32e20828n\src\main\resources\admin\node_modules\css-loader\dist\cjs.js??ref--8-oneOf-1-1!F:\springboot32e20828n\springboot32e20828n\src\main\resources\admin\node_modules\vue-loader\lib\loaders\stylePostLoader.js!F:\springboot32e20828n\springboot32e20828n\src\main\resources\admin\node_modules\postcss-loader\src\index.js??ref--8-oneOf-1-2!F:\springboot32e20828n\springboot32e20828n\src\main\resources\admin\node_modules\sass-loader\dist\cjs.js??ref--8-oneOf-1-3!F:\springboot32e20828n\springboot32e20828n\src\main\resources\admin\node_modules\cache-loader\dist\cjs.js??ref--0-0!F:\springboot32e20828n\springboot32e20828n\src\main\resources\admin\node_modules\vue-loader\lib\index.js??vue-loader-options!F:\springboot32e20828n\springboot32e20828n\src\main\resources\admin\src\views\modules\zhiweixinxi\add-or-update.vue?vue&type=style&index=0&id=b52d37d8&lang=scss&scoped=true&
<s> [webpack.Progress] 64% building 490/538 modules 48 active F:\springboot32e20828n\springboot32e20828n\src\main\resources\admin\node_modules\zrender\lib\core\matrix.js
<s> [webpack.Progress] 64% building 491/538 modules 47 active F:\springboot32e20828n\springboot32e20828n\src\main\resources\admin\node_modules\zrender\lib\core\matrix.js
<s> [webpack.Progress] 64% building 492/538 modules 46 active F:\springboot32e20828n\springboot32e20828n\src\main\resources\admin\node_modules\zrender\lib\core\matrix.js
<s> [webpack.Progress] 64% building 493/538 modules 45 active F:\springboot32e20828n\springboot32e20828n\src\main\resources\admin\node_modules\zrender\lib\core\matrix.js
<s> [webpack.Progress] 65% building 494/538 modules 44 active F:\springboot32e20828n\springboot32e20828n\src\main\resources\admin\node_modules\zrender\lib\core\matrix.js
<s> [webpack.Progress] 65% building 495/538 modules 43 active F:\springboot32e20828n\springboot32e20828n\src\main\resources\admin\node_modules\zrender\lib\core\matrix.js
<s> [webpack.Progress] 65% building 496/538 modules 42 active F:\springboot32e20828n\springboot32e20828n\src\main\resources\admin\node_modules\zrender\lib\core\matrix.js
<s> [webpack.Progress] 65% building 497/538 modules 41 active F:\springboot32e20828n\springboot32e20828n\src\main\resources\admin\node_modules\zrender\lib\core\matrix.js
<s> [webpack.Progress] 65% building 497/539 modules 42 active F:\springboot32e20828n\springboot32e20828n\src\main\resources\admin\node_modules\vue-loader\lib\loaders\pitcher.js??ref--4!F:\springboot32e20828n\springboot32e20828n\src\main\resources\admin\node_modules\cache-loader\dist\cjs.js??ref--0-0!F:\springboot32e20828n\springboot32e20828n\src\main\resources\admin\node_modules\vue-loader\lib\index.js??vue-loader-options!F:\springboot32e20828n\springboot32e20828n\src\main\resources\admin\src\views\modules\users\add-or-update.vue?vue&type=template&id=4af10b4e&scoped=true&
<s> [webpack.Progress] 65% building 498/539 modules 41 active F:\springboot32e20828n\springboot32e20828n\src\main\resources\admin\node_modules\zrender\lib\core\matrix.js
<s> [webpack.Progress] 65% building 498/540 modules 42 active F:\springboot32e20828n\springboot32e20828n\src\main\resources\admin\node_modules\cache-loader\dist\cjs.js?{"cacheDirectory":"node_modules/.cache/vue-loader","cacheIdentifier":"457e6f19-vue-loader-template"}!F:\springboot32e20828n\springboot32e20828n\src\main\resources\admin\node_modules\vue-loader\lib\loaders\templateLoader.js??vue-loader-options!F:\springboot32e20828n\springboot32e20828n\src\main\resources\admin\node_modules\cache-loader\dist\cjs.js??ref--0-0!F:\springboot32e20828n\springboot32e20828n\src\main\resources\admin\node_modules\vue-loader\lib\index.js??vue-loader-options!F:\springboot32e20828n\springboot32e20828n\src\main\resources\admin\src\views\modules\users\add-or-update.vue?vue&type=template&id=4af10b4e&scoped=true&
<s> [webpack.Progress] 65% building 499/540 modules 41 active F:\springboot32e20828n\springboot32e20828n\src\main\resources\admin\node_modules\cache-loader\dist\cjs.js?{"cacheDirectory":"node_modules/.cache/vue-loader","cacheIdentifier":"457e6f19-vue-loader-template"}!F:\springboot32e20828n\springboot32e20828n\src\main\resources\admin\node_modules\vue-loader\lib\loaders\templateLoader.js??vue-loader-options!F:\springboot32e20828n\springboot32e20828n\src\main\resources\admin\node_modules\cache-loader\dist\cjs.js??ref--0-0!F:\springboot32e20828n\springboot32e20828n\src\main\resources\admin\node_modules\vue-loader\lib\index.js??vue-loader-options!F:\springboot32e20828n\springboot32e20828n\src\main\resources\admin\src\views\modules\users\add-or-update.vue?vue&type=template&id=4af10b4e&scoped=true&
<s> [webpack.Progress] 65% building 500/540 modules 40 active F:\springboot32e20828n\springboot32e20828n\src\main\resources\admin\node_modules\cache-loader\dist\cjs.js?{"cacheDirectory":"node_modules/.cache/vue-loader","cacheIdentifier":"457e6f19-vue-loader-template"}!F:\springboot32e20828n\springboot32e20828n\src\main\resources\admin\node_modules\vue-loader\lib\loaders\templateLoader.js??vue-loader-options!F:\springboot32e20828n\springboot32e20828n\src\main\resources\admin\node_modules\cache-loader\dist\cjs.js??ref--0-0!F:\springboot32e20828n\springboot32e20828n\src\main\resources\admin\node_modules\vue-loader\lib\index.js??vue-loader-options!F:\springboot32e20828n\springboot32e20828n\src\main\resources\admin\src\views\modules\users\add-or-update.vue?vue&type=template&id=4af10b4e&scoped=true&
<s> [webpack.Progress] 65% building 500/541 modules 41 active F:\springboot32e20828n\springboot32e20828n\src\main\resources\admin\node_modules\cache-loader\dist\cjs.js??ref--12-0!F:\springboot32e20828n\springboot32e20828n\src\main\resources\admin\node_modules\babel-loader\lib\index.js!F:\springboot32e20828n\springboot32e20828n\src\main\resources\admin\node_modules\@babel\runtime\helpers\esm\arrayWithoutHoles.js
<s> [webpack.Progress] 65% building 500/542 modules 42 active F:\springboot32e20828n\springboot32e20828n\src\main\resources\admin\node_modules\cache-loader\dist\cjs.js??ref--12-0!F:\springboot32e20828n\springboot32e20828n\src\main\resources\admin\node_modules\babel-loader\lib\index.js!F:\springboot32e20828n\springboot32e20828n\src\main\resources\admin\node_modules\@babel\runtime\helpers\esm\arrayWithHoles.js
<s> [webpack.Progress] 65% building 501/542 modules 41 active F:\springboot32e20828n\springboot32e20828n\src\main\resources\admin\node_modules\cache-loader\dist\cjs.js??ref--12-0!F:\springboot32e20828n\springboot32e20828n\src\main\resources\admin\node_modules\babel-loader\lib\index.js!F:\springboot32e20828n\springboot32e20828n\src\main\resources\admin\node_modules\@babel\runtime\helpers\esm\arrayWithHoles.js
<s> [webpack.Progress] 65% building 501/543 modules 42 active F:\springboot32e20828n\springboot32e20828n\src\main\resources\admin\node_modules\cache-loader\dist\cjs.js??ref--12-0!F:\springboot32e20828n\springboot32e20828n\src\main\resources\admin\node_modules\babel-loader\lib\index.js!F:\springboot32e20828n\springboot32e20828n\src\main\resources\admin\node_modules\@babel\runtime\helpers\esm\nonIterableRest.js
<s> [webpack.Progress] 65% building 502/543 modules 41 active F:\springboot32e20828n\springboot32e20828n\src\main\resources\admin\node_modules\cache-loader\dist\cjs.js??ref--12-0!F:\springboot32e20828n\springboot32e20828n\src\main\resources\admin\node_modules\babel-loader\lib\index.js!F:\springboot32e20828n\springboot32e20828n\src\main\resources\admin\node_modules\@babel\runtime\helpers\esm\nonIterableRest.js
<s> [webpack.Progress] 65% building 503/543 modules 40 active F:\springboot32e20828n\springboot32e20828n\src\main\resources\admin\node_modules\cache-loader\dist\cjs.js??ref--12-0!F:\springboot32e20828n\springboot32e20828n\src\main\resources\admin\node_modules\babel-loader\lib\index.js!F:\springboot32e20828n\springboot32e20828n\src\main\resources\admin\node_modules\@babel\runtime\helpers\esm\nonIterableRest.js
<s> [webpack.Progress] 65% building 504/543 modules 39 active F:\springboot32e20828n\springboot32e20828n\src\main\resources\admin\node_modules\cache-loader\dist\cjs.js??ref--12-0!F:\springboot32e20828n\springboot32e20828n\src\main\resources\admin\node_modules\babel-loader\lib\index.js!F:\springboot32e20828n\springboot32e20828n\src\main\resources\admin\node_modules\@babel\runtime\helpers\esm\nonIterableRest.js
<s> [webpack.Progress] 65% building 504/544 modules 40 active F:\springboot32e20828n\springboot32e20828n\src\main\resources\admin\node_modules\zrender\lib\core\LRU.js
<s> [webpack.Progress] 65% building 505/544 modules 39 active F:\springboot32e20828n\springboot32e20828n\src\main\resources\admin\node_modules\zrender\lib\core\LRU.js
<s> [webpack.Progress] 65% building 505/545 modules 40 active F:\springboot32e20828n\springboot32e20828n\src\main\resources\admin\node_modules\zrender\lib\core\Eventful.js
<s> [webpack.Progress] 65% building 506/545 modules 39 active F:\springboot32e20828n\springboot32e20828n\src\main\resources\admin\node_modules\zrender\lib\core\Eventful.js
<s> [webpack.Progress] 65% building 506/546 modules 40 active F:\springboot32e20828n\springboot32e20828n\src\main\resources\admin\node_modules\zrender\lib\core\vector.js
<s> [webpack.Progress] 65% building 506/547 modules 41 active F:\springboot32e20828n\springboot32e20828n\src\main\resources\admin\node_modules\zrender\lib\graphic\Path.js
<s> [webpack.Progress] 65% building 507/547 modules 40 active F:\springboot32e20828n\springboot32e20828n\src\main\resources\admin\node_modules\zrender\lib\graphic\Path.js
<s> [webpack.Progress] 65% building 507/548 modules 41 active F:\springboot32e20828n\springboot32e20828n\src\main\resources\admin\node_modules\vue-loader\lib\loaders\pitcher.js??ref--4!F:\springboot32e20828n\springboot32e20828n\src\main\resources\admin\node_modules\vue-style-loader\index.js??ref--8-oneOf-1-0!F:\springboot32e20828n\springboot32e20828n\src\main\resources\admin\node_modules\css-loader\dist\cjs.js??ref--8-oneOf-1-1!F:\springboot32e20828n\springboot32e20828n\src\main\resources\admin\node_modules\postcss-loader\src\index.js??ref--8-oneOf-1-2!F:\springboot32e20828n\springboot32e20828n\src\main\resources\admin\node_modules\sass-loader\dist\cjs.js??ref--8-oneOf-1-3!F:\springboot32e20828n\springboot32e20828n\src\main\resources\admin\node_modules\cache-loader\dist\cjs.js??ref--0-0!F:\springboot32e20828n\springboot32e20828n\src\main\resources\admin\node_modules\vue-loader\lib\index.js??vue-loader-options!F:\springboot32e20828n\springboot32e20828n\src\main\resources\admin\src\views\modules\users\add-or-update.vue?vue&type=style&index=0&id=4af10b4e&lang=scss&scoped=true&
<s> [webpack.Progress] 65% building 508/548 modules 40 active F:\springboot32e20828n\springboot32e20828n\src\main\resources\admin\node_modules\zrender\lib\graphic\Path.js
<s> [webpack.Progress] 65% building 508/549 modules 41 active F:\springboot32e20828n\springboot32e20828n\src\main\resources\admin\node_modules\vue-style-loader\index.js??ref--8-oneOf-1-0!F:\springboot32e20828n\springboot32e20828n\src\main\resources\admin\node_modules\css-loader\dist\cjs.js??ref--8-oneOf-1-1!F:\springboot32e20828n\springboot32e20828n\src\main\resources\admin\node_modules\vue-loader\lib\loaders\stylePostLoader.js!F:\springboot32e20828n\springboot32e20828n\src\main\resources\admin\node_modules\postcss-loader\src\index.js??ref--8-oneOf-1-2!F:\springboot32e20828n\springboot32e20828n\src\main\resources\admin\node_modules\sass-loader\dist\cjs.js??ref--8-oneOf-1-3!F:\springboot32e20828n\springboot32e20828n\src\main\resources\admin\node_modules\cache-loader\dist\cjs.js??ref--0-0!F:\springboot32e20828n\springboot32e20828n\src\main\resources\admin\node_modules\vue-loader\lib\index.js??vue-loader-options!F:\springboot32e20828n\springboot32e20828n\src\main\resources\admin\src\views\modules\users\add-or-update.vue?vue&type=style&index=0&id=4af10b4e&lang=scss&scoped=true&
<s> [webpack.Progress] 65% building 509/549 modules 40 active F:\springboot32e20828n\springboot32e20828n\src\main\resources\admin\node_modules\zrender\lib\graphic\Path.js
<s> [webpack.Progress] 65% building 509/550 modules 41 active F:\springboot32e20828n\springboot32e20828n\src\main\resources\admin\node_modules\css-loader\dist\cjs.js??ref--8-oneOf-1-1!F:\springboot32e20828n\springboot32e20828n\src\main\resources\admin\node_modules\vue-loader\lib\loaders\stylePostLoader.js!F:\springboot32e20828n\springboot32e20828n\src\main\resources\admin\node_modules\postcss-loader\src\index.js??ref--8-oneOf-1-2!F:\springboot32e20828n\springboot32e20828n\src\main\resources\admin\node_modules\sass-loader\dist\cjs.js??ref--8-oneOf-1-3!F:\springboot32e20828n\springboot32e20828n\src\main\resources\admin\node_modules\cache-loader\dist\cjs.js??ref--0-0!F:\springboot32e20828n\springboot32e20828n\src\main\resources\admin\node_modules\vue-loader\lib\index.js??vue-loader-options!F:\springboot32e20828n\springboot32e20828n\src\main\resources\admin\src\views\modules\users\add-or-update.vue?vue&type=style&index=0&id=4af10b4e&lang=scss&scoped=true&
<s> [webpack.Progress] 65% building 509/551 modules 42 active F:\springboot32e20828n\springboot32e20828n\src\main\resources\admin\node_modules\vue-loader\lib\loaders\pitcher.js??ref--4!F:\springboot32e20828n\springboot32e20828n\src\main\resources\admin\node_modules\cache-loader\dist\cjs.js??ref--12-0!F:\springboot32e20828n\springboot32e20828n\src\main\resources\admin\node_modules\babel-loader\lib\index.js!F:\springboot32e20828n\springboot32e20828n\src\main\resources\admin\node_modules\cache-loader\dist\cjs.js??ref--0-0!F:\springboot32e20828n\springboot32e20828n\src\main\resources\admin\node_modules\vue-loader\lib\index.js??vue-loader-options!F:\springboot32e20828n\springboot32e20828n\src\main\resources\admin\src\views\modules\users\add-or-update.vue?vue&type=script&lang=js&
<s> [webpack.Progress] 65% building 510/551 modules 41 active F:\springboot32e20828n\springboot32e20828n\src\main\resources\admin\node_modules\css-loader\dist\cjs.js??ref--8-oneOf-1-1!F:\springboot32e20828n\springboot32e20828n\src\main\resources\admin\node_modules\vue-loader\lib\loaders\stylePostLoader.js!F:\springboot32e20828n\springboot32e20828n\src\main\resources\admin\node_modules\postcss-loader\src\index.js??ref--8-oneOf-1-2!F:\springboot32e20828n\springboot32e20828n\src\main\resources\admin\node_modules\sass-loader\dist\cjs.js??ref--8-oneOf-1-3!F:\springboot32e20828n\springboot32e20828n\src\main\resources\admin\node_modules\cache-loader\dist\cjs.js??ref--0-0!F:\springboot32e20828n\springboot32e20828n\src\main\resources\admin\node_modules\vue-loader\lib\index.js??vue-loader-options!F:\springboot32e20828n\springboot32e20828n\src\main\resources\admin\src\views\modules\users\add-or-update.vue?vue&type=style&index=0&id=4af10b4e&lang=scss&scoped=true&
<s> [webpack.Progress] 65% building 510/552 modules 42 active F:\springboot32e20828n\springboot32e20828n\src\main\resources\admin\node_modules\cache-loader\dist\cjs.js??ref--12-0!F:\springboot32e20828n\springboot32e20828n\src\main\resources\admin\node_modules\babel-loader\lib\index.js!F:\springboot32e20828n\springboot32e20828n\src\main\resources\admin\node_modules\cache-loader\dist\cjs.js??ref--0-0!F:\springboot32e20828n\springboot32e20828n\src\main\resources\admin\node_modules\vue-loader\lib\index.js??vue-loader-options!F:\springboot32e20828n\springboot32e20828n\src\main\resources\admin\src\views\modules\users\add-or-update.vue?vue&type=script&lang=js&
<s> [webpack.Progress] 65% building 511/552 modules 41 active F:\springboot32e20828n\springboot32e20828n\src\main\resources\admin\node_modules\cache-loader\dist\cjs.js??ref--12-0!F:\springboot32e20828n\springboot32e20828n\src\main\resources\admin\node_modules\babel-loader\lib\index.js!F:\springboot32e20828n\springboot32e20828n\src\main\resources\admin\node_modules\cache-loader\dist\cjs.js??ref--0-0!F:\springboot32e20828n\springboot32e20828n\src\main\resources\admin\node_modules\vue-loader\lib\index.js??vue-loader-options!F:\springboot32e20828n\springboot32e20828n\src\main\resources\admin\src\views\modules\users\add-or-update.vue?vue&type=script&lang=js&
<s> [webpack.Progress] 65% building 512/552 modules 40 active F:\springboot32e20828n\springboot32e20828n\src\main\resources\admin\node_modules\cache-loader\dist\cjs.js??ref--12-0!F:\springboot32e20828n\springboot32e20828n\src\main\resources\admin\node_modules\babel-loader\lib\index.js!F:\springboot32e20828n\springboot32e20828n\src\main\resources\admin\node_modules\cache-loader\dist\cjs.js??ref--0-0!F:\springboot32e20828n\springboot32e20828n\src\main\resources\admin\node_modules\vue-loader\lib\index.js??vue-loader-options!F:\springboot32e20828n\springboot32e20828n\src\main\resources\admin\src\views\modules\users\add-or-update.vue?vue&type=script&lang=js&
<s> [webpack.Progress] 65% building 512/553 modules 41 active F:\springboot32e20828n\springboot32e20828n\src\main\resources\admin\node_modules\zrender\lib\core\Point.js
<s> [webpack.Progress] 65% building 513/553 modules 40 active F:\springboot32e20828n\springboot32e20828n\src\main\resources\admin\node_modules\zrender\lib\core\Point.js
<s> [webpack.Progress] 65% building 514/553 modules 39 active F:\springboot32e20828n\springboot32e20828n\src\main\resources\admin\node_modules\zrender\lib\core\Point.js
<s> [webpack.Progress] 65% building 515/553 modules 38 active F:\springboot32e20828n\springboot32e20828n\src\main\resources\admin\node_modules\zrender\lib\core\Point.js
<s> [webpack.Progress] 65% building 515/554 modules 39 active F:\springboot32e20828n\springboot32e20828n\src\main\resources\admin\node_modules\echarts\lib\data\helper\dataValueHelper.js
<s> [webpack.Progress] 65% building 516/554 modules 38 active F:\springboot32e20828n\springboot32e20828n\src\main\resources\admin\node_modules\echarts\lib\data\helper\dataValueHelper.js
<s> [webpack.Progress] 65% building 517/554 modules 37 active F:\springboot32e20828n\springboot32e20828n\src\main\resources\admin\node_modules\echarts\lib\data\helper\dataValueHelper.js
<s> [webpack.Progress] 66% building 518/554 modules 36 active F:\springboot32e20828n\springboot32e20828n\src\main\resources\admin\node_modules\echarts\lib\data\helper\dataValueHelper.js
<s> [webpack.Progress] 66% building 519/554 modules 35 active F:\springboot32e20828n\springboot32e20828n\src\main\resources\admin\node_modules\echarts\lib\data\helper\dataValueHelper.js
<s> [webpack.Progress] 66% building 520/554 modules 34 active F:\springboot32e20828n\springboot32e20828n\src\main\resources\admin\node_modules\echarts\lib\data\helper\dataValueHelper.js
<s> [webpack.Progress] 66% building 521/554 modules 33 active F:\springboot32e20828n\springboot32e20828n\src\main\resources\admin\node_modules\echarts\lib\data\helper\dataValueHelper.js
<s> [webpack.Progress] 66% building 521/555 modules 34 active F:\springboot32e20828n\springboot32e20828n\src\main\resources\admin\node_modules\zrender\lib\core\timsort.js
<s> [webpack.Progress] 66% building 522/555 modules 33 active F:\springboot32e20828n\springboot32e20828n\src\main\resources\admin\node_modules\zrender\lib\core\timsort.js
<s> [webpack.Progress] 66% building 523/555 modules 32 active F:\springboot32e20828n\springboot32e20828n\src\main\resources\admin\node_modules\zrender\lib\core\timsort.js
<s> [webpack.Progress] 66% building 524/555 modules 31 active F:\springboot32e20828n\springboot32e20828n\src\main\resources\admin\node_modules\zrender\lib\core\timsort.js
<s> [webpack.Progress] 66% building 524/556 modules 32 active F:\springboot32e20828n\springboot32e20828n\src\main\resources\admin\node_modules\echarts\lib\model\mixin\makeStyleMapper.js
<s> [webpack.Progress] 66% building 525/556 modules 31 active F:\springboot32e20828n\springboot32e20828n\src\main\resources\admin\node_modules\echarts\lib\model\mixin\makeStyleMapper.js
<s> [webpack.Progress] 66% building 526/556 modules 30 active F:\springboot32e20828n\springboot32e20828n\src\main\resources\admin\node_modules\echarts\lib\model\mixin\makeStyleMapper.js
<s> [webpack.Progress] 66% building 527/556 modules 29 active F:\springboot32e20828n\springboot32e20828n\src\main\resources\admin\node_modules\echarts\lib\model\mixin\makeStyleMapper.js
<s> [webpack.Progress] 66% building 527/557 modules 30 active F:\springboot32e20828n\springboot32e20828n\src\main\resources\admin\node_modules\zrender\lib\core\GestureMgr.js
<s> [webpack.Progress] 66% building 527/558 modules 31 active F:\springboot32e20828n\springboot32e20828n\src\main\resources\admin\node_modules\zrender\lib\core\event.js
<s> [webpack.Progress] 66% building 527/559 modules 32 active F:\springboot32e20828n\springboot32e20828n\src\main\resources\admin\node_modules\zrender\lib\graphic\Text.js
<s> [webpack.Progress] 66% building 527/560 modules 33 active F:\springboot32e20828n\springboot32e20828n\src\main\resources\admin\node_modules\axios\lib\helpers\normalizeHeaderName.js
<s> [webpack.Progress] 66% building 527/561 modules 34 active F:\springboot32e20828n\springboot32e20828n\src\main\resources\admin\node_modules\async-validator\es\messages.js
<s> [webpack.Progress] 66% building 528/561 modules 33 active F:\springboot32e20828n\springboot32e20828n\src\main\resources\admin\node_modules\async-validator\es\messages.js
<s> [webpack.Progress] 66% building 529/561 modules 32 active F:\springboot32e20828n\springboot32e20828n\src\main\resources\admin\node_modules\async-validator\es\messages.js
<s> [webpack.Progress] 66% building 529/562 modules 33 active F:\springboot32e20828n\springboot32e20828n\src\main\resources\admin\node_modules\async-validator\es\util.js
<s> [webpack.Progress] 66% building 529/563 modules 34 active F:\springboot32e20828n\springboot32e20828n\src\main\resources\admin\node_modules\axios\lib\adapters\xhr.js
<s> [webpack.Progress] 66% building 529/564 modules 35 active F:\springboot32e20828n\springboot32e20828n\src\main\resources\admin\node_modules\echarts\lib\legacy\getTextRect.js
<s> [webpack.Progress] 66% building 529/565 modules 36 active F:\springboot32e20828n\springboot32e20828n\src\main\resources\admin\node_modules\zrender\lib\tool\path.js
<s> [webpack.Progress] 66% building 529/566 modules 37 active F:\springboot32e20828n\springboot32e20828n\src\main\resources\admin\node_modules\normalize-wheel\src\UserAgent_DEPRECATED.js
<s> [webpack.Progress] 66% building 530/566 modules 36 active F:\springboot32e20828n\springboot32e20828n\src\main\resources\admin\node_modules\normalize-wheel\src\UserAgent_DEPRECATED.js
<s> [webpack.Progress] 66% building 531/566 modules 35 active F:\springboot32e20828n\springboot32e20828n\src\main\resources\admin\node_modules\normalize-wheel\src\UserAgent_DEPRECATED.js
<s> [webpack.Progress] 66% building 532/566 modules 34 active F:\springboot32e20828n\springboot32e20828n\src\main\resources\admin\node_modules\normalize-wheel\src\UserAgent_DEPRECATED.js
<s> [webpack.Progress] 66% building 532/567 modules 35 active F:\springboot32e20828n\springboot32e20828n\src\main\resources\admin\node_modules\normalize-wheel\src\isEventSupported.js
<s> [webpack.Progress] 66% building 532/568 modules 36 active F:\springboot32e20828n\springboot32e20828n\src\main\resources\admin\node_modules\cache-loader\dist\cjs.js??ref--12-0!F:\springboot32e20828n\springboot32e20828n\src\main\resources\admin\node_modules\babel-loader\lib\index.js!F:\springboot32e20828n\springboot32e20828n\src\main\resources\admin\node_modules\@babel\runtime\helpers\esm\iterableToArrayLimit.js
<s> [webpack.Progress] 66% building 532/569 modules 37 active F:\springboot32e20828n\springboot32e20828n\src\main\resources\admin\node_modules\axios\lib\core\dispatchRequest.js
<s> [webpack.Progress] 65% building 532/570 modules 38 active F:\springboot32e20828n\springboot32e20828n\src\main\resources\admin\node_modules\axios\lib\core\InterceptorManager.js
<s> [webpack.Progress] 65% building 532/571 modules 39 active F:\springboot32e20828n\springboot32e20828n\src\main\resources\admin\node_modules\cache-loader\dist\cjs.js??ref--12-0!F:\springboot32e20828n\springboot32e20828n\src\main\resources\admin\node_modules\babel-loader\lib\index.js!F:\springboot32e20828n\springboot32e20828n\src\main\resources\admin\node_modules\@babel\runtime\helpers\esm\nonIterableSpread.js
<s> [webpack.Progress] 65% building 532/572 modules 40 active F:\springboot32e20828n\springboot32e20828n\src\main\resources\admin\node_modules\axios\lib\helpers\buildURL.js
<s> [webpack.Progress] 65% building 533/572 modules 39 active F:\springboot32e20828n\springboot32e20828n\src\main\resources\admin\node_modules\axios\lib\helpers\buildURL.js
<s> [webpack.Progress] 65% building 533/573 modules 40 active F:\springboot32e20828n\springboot32e20828n\src\main\resources\admin\node_modules\cache-loader\dist\cjs.js??ref--12-0!F:\springboot32e20828n\springboot32e20828n\src\main\resources\admin\node_modules\babel-loader\lib\index.js!F:\springboot32e20828n\springboot32e20828n\src\main\resources\admin\node_modules\@babel\runtime\helpers\esm\iterableToArray.js
<s> [webpack.Progress] 65% building 534/573 modules 39 active F:\springboot32e20828n\springboot32e20828n\src\main\resources\admin\node_modules\cache-loader\dist\cjs.js??ref--12-0!F:\springboot32e20828n\springboot32e20828n\src\main\resources\admin\node_modules\babel-loader\lib\index.js!F:\springboot32e20828n\springboot32e20828n\src\main\resources\admin\node_modules\@babel\runtime\helpers\esm\iterableToArray.js
<s> [webpack.Progress] 65% building 534/574 modules 40 active F:\springboot32e20828n\springboot32e20828n\src\main\resources\admin\node_modules\zrender\lib\animation\Animator.js
<s> [webpack.Progress] 65% building 535/574 modules 39 active F:\springboot32e20828n\springboot32e20828n\src\main\resources\admin\node_modules\zrender\lib\animation\Animator.js
<s> [webpack.Progress] 65% building 535/575 modules 40 active F:\springboot32e20828n\springboot32e20828n\src\main\resources\admin\node_modules\zrender\lib\core\curve.js
<s> [webpack.Progress] 65% building 535/576 modules 41 active F:\springboot32e20828n\springboot32e20828n\src\main\resources\admin\node_modules\zrender\lib\animation\requestAnimationFrame.js
<s> [webpack.Progress] 65% building 535/577 modules 42 active F:\springboot32e20828n\springboot32e20828n\src\main\resources\admin\node_modules\zrender\lib\core\PathProxy.js
<s> [webpack.Progress] 65% building 535/578 modules 43 active F:\springboot32e20828n\springboot32e20828n\src\main\resources\admin\node_modules\echarts\lib\util\time.js
<s> [webpack.Progress] 65% building 536/578 modules 42 active F:\springboot32e20828n\springboot32e20828n\src\main\resources\admin\node_modules\echarts\lib\util\time.js
<s> [webpack.Progress] 65% building 537/578 modules 41 active F:\springboot32e20828n\springboot32e20828n\src\main\resources\admin\node_modules\echarts\lib\util\time.js
<s> [webpack.Progress] 65% building 537/579 modules 42 active F:\springboot32e20828n\springboot32e20828n\src\main\resources\admin\node_modules\zrender\lib\graphic\helper\subPixelOptimize.js
<s> [webpack.Progress] 65% building 538/579 modules 41 active F:\springboot32e20828n\springboot32e20828n\src\main\resources\admin\node_modules\zrender\lib\graphic\helper\subPixelOptimize.js
<s> [webpack.Progress] 65% building 539/579 modules 40 active F:\springboot32e20828n\springboot32e20828n\src\main\resources\admin\node_modules\zrender\lib\graphic\helper\subPixelOptimize.js
<s> [webpack.Progress] 65% building 540/579 modules 39 active F:\springboot32e20828n\springboot32e20828n\src\main\resources\admin\node_modules\zrender\lib\graphic\helper\subPixelOptimize.js
<s> [webpack.Progress] 66% building 541/579 modules 38 active F:\springboot32e20828n\springboot32e20828n\src\main\resources\admin\node_modules\zrender\lib\graphic\helper\subPixelOptimize.js
<s> [webpack.Progress] 66% building 542/579 modules 37 active F:\springboot32e20828n\springboot32e20828n\src\main\resources\admin\node_modules\zrender\lib\graphic\helper\subPixelOptimize.js
<s> [webpack.Progress] 66% building 543/579 modules 36 active F:\springboot32e20828n\springboot32e20828n\src\main\resources\admin\node_modules\zrender\lib\graphic\helper\subPixelOptimize.js
<s> [webpack.Progress] 66% building 543/580 modules 37 active F:\springboot32e20828n\springboot32e20828n\src\main\resources\admin\node_modules\zrender\lib\contain\text.js
<s> [webpack.Progress] 66% building 544/580 modules 36 active F:\springboot32e20828n\springboot32e20828n\src\main\resources\admin\node_modules\zrender\lib\contain\text.js
<s> [webpack.Progress] 66% building 544/581 modules 37 active F:\springboot32e20828n\springboot32e20828n\src\main\resources\admin\node_modules\echarts\lib\util\symbol.js
<s> [webpack.Progress] 66% building 545/581 modules 36 active F:\springboot32e20828n\springboot32e20828n\src\main\resources\admin\node_modules\echarts\lib\util\symbol.js
<s> [webpack.Progress] 66% building 545/582 modules 37 active F:\springboot32e20828n\springboot32e20828n\src\main\resources\admin\node_modules\zrender\lib\mixin\Draggable.js
<s> [webpack.Progress] 66% building 546/582 modules 36 active F:\springboot32e20828n\springboot32e20828n\src\main\resources\admin\node_modules\zrender\lib\mixin\Draggable.js
<s> [webpack.Progress] 66% building 547/582 modules 35 active F:\springboot32e20828n\springboot32e20828n\src\main\resources\admin\node_modules\zrender\lib\mixin\Draggable.js
<s> [webpack.Progress] 66% building 547/583 modules 36 active F:\springboot32e20828n\springboot32e20828n\src\main\resources\admin\node_modules\zrender\lib\canvas\Painter.js
<s> [webpack.Progress] 66% building 548/583 modules 35 active F:\springboot32e20828n\springboot32e20828n\src\main\resources\admin\node_modules\zrender\lib\canvas\Painter.js
<s> [webpack.Progress] 66% building 548/584 modules 36 active F:\springboot32e20828n\springboot32e20828n\src\main\resources\admin\node_modules\async-validator\es\validator\index.js
<s> [webpack.Progress] 66% building 549/584 modules 35 active F:\springboot32e20828n\springboot32e20828n\src\main\resources\admin\node_modules\async-validator\es\validator\index.js
<s> [webpack.Progress] 66% building 550/584 modules 34 active F:\springboot32e20828n\springboot32e20828n\src\main\resources\admin\node_modules\async-validator\es\validator\index.js
<s> [webpack.Progress] 66% building 550/585 modules 35 active F:\springboot32e20828n\springboot32e20828n\src\main\resources\admin\node_modules\element-ui\lib\utils\popup\index.js
<s> [webpack.Progress] 66% building 551/585 modules 34 active F:\springboot32e20828n\springboot32e20828n\src\main\resources\admin\node_modules\element-ui\lib\utils\popup\index.js
<s> [webpack.Progress] 66% building 552/585 modules 33 active F:\springboot32e20828n\springboot32e20828n\src\main\resources\admin\node_modules\element-ui\lib\utils\popup\index.js
<s> [webpack.Progress] 66% building 552/586 modules 34 active F:\springboot32e20828n\springboot32e20828n\src\main\resources\admin\node_modules\zrender\lib\core\dom.js
<s> [webpack.Progress] 66% building 553/586 modules 33 active F:\springboot32e20828n\springboot32e20828n\src\main\resources\admin\node_modules\zrender\lib\core\dom.js
<s> [webpack.Progress] 66% building 553/587 modules 34 active F:\springboot32e20828n\springboot32e20828n\src\main\resources\admin\node_modules\zrender\lib\graphic\IncrementalDisplayable.js
<s> [webpack.Progress] 66% building 554/587 modules 33 active F:\springboot32e20828n\springboot32e20828n\src\main\resources\admin\node_modules\zrender\lib\graphic\IncrementalDisplayable.js
<s> [webpack.Progress] 66% building 554/588 modules 34 active F:\springboot32e20828n\springboot32e20828n\src\main\resources\admin\node_modules\zrender\lib\graphic\Image.js
<s> [webpack.Progress] 66% building 555/588 modules 33 active F:\springboot32e20828n\springboot32e20828n\src\main\resources\admin\node_modules\zrender\lib\graphic\Image.js
<s> [webpack.Progress] 66% building 555/589 modules 34 active F:\springboot32e20828n\springboot32e20828n\src\main\resources\admin\node_modules\element-ui\lib\locale\format.js
<s> [webpack.Progress] 66% building 556/589 modules 33 active F:\springboot32e20828n\springboot32e20828n\src\main\resources\admin\node_modules\element-ui\lib\locale\format.js
<s> [webpack.Progress] 66% building 556/590 modules 34 active F:\springboot32e20828n\springboot32e20828n\src\main\resources\admin\node_modules\babel-runtime\helpers\typeof.js
<s> [webpack.Progress] 66% building 556/591 modules 35 active F:\springboot32e20828n\springboot32e20828n\src\main\resources\admin\node_modules\babel-runtime\helpers\extends.js
<s> [webpack.Progress] 66% building 556/592 modules 36 active F:\springboot32e20828n\springboot32e20828n\src\main\resources\admin\node_modules\zrender\lib\graphic\helper\parseText.js
<s> [webpack.Progress] 66% building 557/592 modules 35 active F:\springboot32e20828n\springboot32e20828n\src\main\resources\admin\node_modules\zrender\lib\graphic\helper\parseText.js
<s> [webpack.Progress] 66% building 558/592 modules 34 active F:\springboot32e20828n\springboot32e20828n\src\main\resources\admin\node_modules\zrender\lib\graphic\helper\parseText.js
<s> [webpack.Progress] 66% building 558/593 modules 35 active F:\springboot32e20828n\springboot32e20828n\src\main\resources\admin\node_modules\echarts\lib\core\locale.js
<s> [webpack.Progress] 66% building 559/593 modules 34 active F:\springboot32e20828n\springboot32e20828n\src\main\resources\admin\node_modules\echarts\lib\core\locale.js
<s> [webpack.Progress] 66% building 560/593 modules 33 active F:\springboot32e20828n\springboot32e20828n\src\main\resources\admin\node_modules\echarts\lib\core\locale.js
<s> [webpack.Progress] 66% building 561/593 modules 32 active F:\springboot32e20828n\springboot32e20828n\src\main\resources\admin\node_modules\echarts\lib\core\locale.js
<s> [webpack.Progress] 66% building 562/593 modules 31 active F:\springboot32e20828n\springboot32e20828n\src\main\resources\admin\node_modules\echarts\lib\core\locale.js
<s> [webpack.Progress] 66% building 562/594 modules 32 active F:\springboot32e20828n\springboot32e20828n\src\main\resources\admin\node_modules\echarts\lib\legacy\dataSelectAction.js
<s> [webpack.Progress] 66% building 563/594 modules 31 active F:\springboot32e20828n\springboot32e20828n\src\main\resources\admin\node_modules\echarts\lib\legacy\dataSelectAction.js
<s> [webpack.Progress] 66% building 564/594 modules 30 active F:\springboot32e20828n\springboot32e20828n\src\main\resources\admin\node_modules\echarts\lib\legacy\dataSelectAction.js
<s> [webpack.Progress] 66% building 564/595 modules 31 active F:\springboot32e20828n\springboot32e20828n\src\main\resources\admin\node_modules\zrender\lib\core\OrientedBoundingRect.js
<s> [webpack.Progress] 66% building 564/596 modules 32 active F:\springboot32e20828n\springboot32e20828n\src\main\resources\admin\node_modules\zrender\lib\contain\path.js
<s> [webpack.Progress] 66% building 564/597 modules 33 active F:\springboot32e20828n\springboot32e20828n\src\main\resources\admin\node_modules\zrender\lib\tool\morphPath.js
<s> [webpack.Progress] 66% building 565/597 modules 32 active F:\springboot32e20828n\springboot32e20828n\src\main\resources\admin\node_modules\zrender\lib\tool\morphPath.js
<s> [webpack.Progress] 66% building 566/597 modules 31 active F:\springboot32e20828n\springboot32e20828n\src\main\resources\admin\node_modules\zrender\lib\tool\morphPath.js
<s> [webpack.Progress] 66% building 566/598 modules 32 active F:\springboot32e20828n\springboot32e20828n\src\main\resources\admin\node_modules\zrender\lib\graphic\shape\Rect.js
<s> [webpack.Progress] 66% building 567/598 modules 31 active F:\springboot32e20828n\springboot32e20828n\src\main\resources\admin\node_modules\zrender\lib\graphic\shape\Rect.js
<s> [webpack.Progress] 66% building 568/598 modules 30 active F:\springboot32e20828n\springboot32e20828n\src\main\resources\admin\node_modules\zrender\lib\graphic\shape\Rect.js
<s> [webpack.Progress] 67% building 569/598 modules 29 active F:\springboot32e20828n\springboot32e20828n\src\main\resources\admin\node_modules\zrender\lib\graphic\shape\Rect.js
<s> [webpack.Progress] 67% building 570/598 modules 28 active F:\springboot32e20828n\springboot32e20828n\src\main\resources\admin\node_modules\zrender\lib\graphic\shape\Rect.js
<s> [webpack.Progress] 67% building 571/598 modules 27 active F:\springboot32e20828n\springboot32e20828n\src\main\resources\admin\node_modules\zrender\lib\graphic\shape\Rect.js
<s> [webpack.Progress] 67% building 572/598 modules 26 active F:\springboot32e20828n\springboot32e20828n\src\main\resources\admin\node_modules\zrender\lib\graphic\shape\Rect.js
<s> [webpack.Progress] 67% building 573/598 modules 25 active F:\springboot32e20828n\springboot32e20828n\src\main\resources\admin\node_modules\zrender\lib\graphic\shape\Rect.js
<s> [webpack.Progress] 67% building 574/598 modules 24 active F:\springboot32e20828n\springboot32e20828n\src\main\resources\admin\node_modules\zrender\lib\graphic\shape\Rect.js
<s> [webpack.Progress] 67% building 575/598 modules 23 active F:\springboot32e20828n\springboot32e20828n\src\main\resources\admin\node_modules\zrender\lib\graphic\shape\Rect.js
<s> [webpack.Progress] 67% building 576/598 modules 22 active F:\springboot32e20828n\springboot32e20828n\src\main\resources\admin\node_modules\zrender\lib\graphic\shape\Rect.js
<s> [webpack.Progress] 67% building 576/599 modules 23 active F:\springboot32e20828n\springboot32e20828n\src\main\resources\admin\node_modules\echarts\lib\visual\helper.js
<s> [webpack.Progress] 67% building 577/599 modules 22 active F:\springboot32e20828n\springboot32e20828n\src\main\resources\admin\node_modules\echarts\lib\visual\helper.js
<s> [webpack.Progress] 67% building 577/600 modules 23 active F:\springboot32e20828n\springboot32e20828n\src\main\resources\admin\node_modules\element-ui\lib\locale\lang\zh-CN.js
<s> [webpack.Progress] 67% building 577/601 modules 24 active F:\springboot32e20828n\springboot32e20828n\src\main\resources\admin\node_modules\echarts\lib\visual\symbol.js
<s> [webpack.Progress] 67% building 577/602 modules 25 active F:\springboot32e20828n\springboot32e20828n\src\main\resources\admin\node_modules\echarts\lib\util\ECEventProcessor.js
<s> [webpack.Progress] 67% building 578/602 modules 24 active F:\springboot32e20828n\springboot32e20828n\src\main\resources\admin\node_modules\echarts\lib\util\ECEventProcessor.js
<s> [webpack.Progress] 67% building 579/602 modules 23 active F:\springboot32e20828n\springboot32e20828n\src\main\resources\admin\node_modules\echarts\lib\util\ECEventProcessor.js
<s> [webpack.Progress] 67% building 580/602 modules 22 active F:\springboot32e20828n\springboot32e20828n\src\main\resources\admin\node_modules\echarts\lib\util\ECEventProcessor.js
<s> [webpack.Progress] 67% building 580/603 modules 23 active F:\springboot32e20828n\springboot32e20828n\src\main\resources\admin\node_modules\zrender\lib\graphic\TSpan.js
<s> [webpack.Progress] 67% building 580/604 modules 24 active F:\springboot32e20828n\springboot32e20828n\src\main\resources\admin\node_modules\zrender\lib\tool\transformPath.js
<s> [webpack.Progress] 67% building 580/605 modules 25 active F:\springboot32e20828n\springboot32e20828n\src\main\resources\admin\node_modules\core-js\modules\es.regexp.to-string.js
<s> [webpack.Progress] 67% building 580/606 modules 26 active F:\springboot32e20828n\springboot32e20828n\src\main\resources\admin\node_modules\core-js\modules\es.regexp.constructor.js
<s> [webpack.Progress] 67% building 580/607 modules 27 active F:\springboot32e20828n\springboot32e20828n\src\main\resources\admin\node_modules\zrender\lib\canvas\graphic.js
<s> [webpack.Progress] 67% building 581/607 modules 26 active F:\springboot32e20828n\springboot32e20828n\src\main\resources\admin\node_modules\zrender\lib\canvas\graphic.js
<s> [webpack.Progress] 67% building 582/607 modules 25 active F:\springboot32e20828n\springboot32e20828n\src\main\resources\admin\node_modules\zrender\lib\canvas\graphic.js
<s> [webpack.Progress] 67% building 583/607 modules 24 active F:\springboot32e20828n\springboot32e20828n\src\main\resources\admin\node_modules\zrender\lib\canvas\graphic.js
<s> [webpack.Progress] 67% building 583/608 modules 25 active F:\springboot32e20828n\springboot32e20828n\src\main\resources\admin\node_modules\echarts\lib\core\Scheduler.js
<s> [webpack.Progress] 67% building 583/609 modules 26 active F:\springboot32e20828n\springboot32e20828n\src\main\resources\admin\node_modules\zrender\lib\animation\Clip.js
<s> [webpack.Progress] 67% building 584/609 modules 25 active F:\springboot32e20828n\springboot32e20828n\src\main\resources\admin\node_modules\zrender\lib\animation\Clip.js
<s> [webpack.Progress] 67% building 584/610 modules 26 active F:\springboot32e20828n\springboot32e20828n\src\main\resources\admin\node_modules\zrender\lib\animation\cubicEasing.js
<s> [webpack.Progress] 67% building 584/611 modules 27 active F:\springboot32e20828n\springboot32e20828n\src\main\resources\admin\node_modules\zrender\lib\animation\easing.js
<s> [webpack.Progress] 67% building 584/612 modules 28 active F:\springboot32e20828n\springboot32e20828n\src\main\resources\admin\node_modules\zrender\lib\core\bbox.js
<s> [webpack.Progress] 67% building 585/612 modules 27 active F:\springboot32e20828n\springboot32e20828n\src\main\resources\admin\node_modules\zrender\lib\core\bbox.js
<s> [webpack.Progress] 67% building 585/613 modules 28 active F:\springboot32e20828n\springboot32e20828n\src\main\resources\admin\node_modules\echarts\lib\visual\style.js
<s> [webpack.Progress] 67% building 585/614 modules 29 active F:\springboot32e20828n\springboot32e20828n\src\main\resources\admin\node_modules\echarts\lib\view\Chart.js
<s> [webpack.Progress] 67% building 586/614 modules 28 active F:\springboot32e20828n\springboot32e20828n\src\main\resources\admin\node_modules\echarts\lib\view\Chart.js
<s> [webpack.Progress] 67% building 587/614 modules 27 active F:\springboot32e20828n\springboot32e20828n\src\main\resources\admin\node_modules\echarts\lib\view\Chart.js
<s> [webpack.Progress] 67% building 587/615 modules 28 active F:\springboot32e20828n\springboot32e20828n\src\main\resources\admin\node_modules\echarts\lib\util\throttle.js
<s> [webpack.Progress] 67% building 588/615 modules 27 active F:\springboot32e20828n\springboot32e20828n\src\main\resources\admin\node_modules\echarts\lib\util\throttle.js
<s> [webpack.Progress] 67% building 589/615 modules 26 active F:\springboot32e20828n\springboot32e20828n\src\main\resources\admin\node_modules\echarts\lib\util\throttle.js
<s> [webpack.Progress] 67% building 589/616 modules 27 active F:\springboot32e20828n\springboot32e20828n\src\main\resources\admin\node_modules\echarts\lib\theme\light.js
<s> [webpack.Progress] 67% building 589/617 modules 28 active F:\springboot32e20828n\springboot32e20828n\src\main\resources\admin\node_modules\echarts\lib\theme\dark.js
<s> [webpack.Progress] 67% building 590/617 modules 27 active F:\springboot32e20828n\springboot32e20828n\src\main\resources\admin\node_modules\echarts\lib\theme\dark.js
<s> [webpack.Progress] 67% building 591/617 modules 26 active F:\springboot32e20828n\springboot32e20828n\src\main\resources\admin\node_modules\echarts\lib\theme\dark.js
<s> [webpack.Progress] 67% building 592/617 modules 25 active F:\springboot32e20828n\springboot32e20828n\src\main\resources\admin\node_modules\echarts\lib\theme\dark.js
<s> [webpack.Progress] 67% building 593/617 modules 24 active F:\springboot32e20828n\springboot32e20828n\src\main\resources\admin\node_modules\echarts\lib\theme\dark.js
<s> [webpack.Progress] 67% building 594/617 modules 23 active F:\springboot32e20828n\springboot32e20828n\src\main\resources\admin\node_modules\echarts\lib\theme\dark.js
<s> [webpack.Progress] 67% building 595/617 modules 22 active F:\springboot32e20828n\springboot32e20828n\src\main\resources\admin\node_modules\echarts\lib\theme\dark.js
<s> [webpack.Progress] 67% building 596/617 modules 21 active F:\springboot32e20828n\springboot32e20828n\src\main\resources\admin\node_modules\echarts\lib\theme\dark.js
<s> [webpack.Progress] 67% building 596/618 modules 22 active F:\springboot32e20828n\springboot32e20828n\src\main\resources\admin\node_modules\echarts\lib\model\OptionManager.js
<s> [webpack.Progress] 67% building 597/618 modules 21 active F:\springboot32e20828n\springboot32e20828n\src\main\resources\admin\node_modules\echarts\lib\model\OptionManager.js
<s> [webpack.Progress] 67% building 597/619 modules 22 active F:\springboot32e20828n\springboot32e20828n\src\main\resources\admin\node_modules\zrender\lib\graphic\LinearGradient.js
<s> [webpack.Progress] 67% building 597/620 modules 23 active F:\springboot32e20828n\springboot32e20828n\src\main\resources\admin\node_modules\zrender\lib\graphic\RadialGradient.js
<s> [webpack.Progress] 67% building 598/620 modules 22 active F:\springboot32e20828n\springboot32e20828n\src\main\resources\admin\node_modules\zrender\lib\graphic\RadialGradient.js
<s> [webpack.Progress] 67% building 598/621 modules 23 active F:\springboot32e20828n\springboot32e20828n\src\main\resources\admin\node_modules\core-js\modules\es.number.to-fixed.js
<s> [webpack.Progress] 67% building 598/622 modules 24 active F:\springboot32e20828n\springboot32e20828n\src\main\resources\admin\node_modules\zrender\lib\graphic\CompoundPath.js
<s> [webpack.Progress] 67% building 598/623 modules 25 active F:\springboot32e20828n\springboot32e20828n\src\main\resources\admin\node_modules\zrender\lib\canvas\helper.js
<s> [webpack.Progress] 67% building 599/623 modules 24 active F:\springboot32e20828n\springboot32e20828n\src\main\resources\admin\node_modules\zrender\lib\canvas\helper.js
<s> [webpack.Progress] 67% building 599/624 modules 25 active F:\springboot32e20828n\springboot32e20828n\src\main\resources\admin\node_modules\zrender\lib\svg\helper.js
<s> [webpack.Progress] 67% building 600/624 modules 24 active F:\springboot32e20828n\springboot32e20828n\src\main\resources\admin\node_modules\zrender\lib\svg\helper.js
<s> [webpack.Progress] 67% building 600/625 modules 25 active F:\springboot32e20828n\springboot32e20828n\src\main\resources\admin\node_modules\echarts\lib\loading\default.js
<s> [webpack.Progress] 67% building 600/626 modules 26 active F:\springboot32e20828n\springboot32e20828n\src\main\resources\admin\node_modules\echarts\lib\processor\dataStack.js
<s> [webpack.Progress] 67% building 600/627 modules 27 active F:\springboot32e20828n\springboot32e20828n\src\main\resources\admin\node_modules\echarts\lib\preprocessor\backwardCompat.js
<s> [webpack.Progress] 67% building 601/627 modules 26 active F:\springboot32e20828n\springboot32e20828n\src\main\resources\admin\node_modules\echarts\lib\preprocessor\backwardCompat.js
<s> [webpack.Progress] 67% building 601/628 modules 27 active F:\springboot32e20828n\springboot32e20828n\src\main\resources\admin\node_modules\zrender\lib\core\fourPointsTransform.js
<s> [webpack.Progress] 67% building 602/628 modules 26 active F:\springboot32e20828n\springboot32e20828n\src\main\resources\admin\node_modules\zrender\lib\core\fourPointsTransform.js
<s> [webpack.Progress] 67% building 602/629 modules 27 active F:\springboot32e20828n\springboot32e20828n\src\main\resources\admin\node_modules\zrender\lib\graphic\helper\image.js
<s> [webpack.Progress] 67% building 602/630 modules 28 active F:\springboot32e20828n\springboot32e20828n\src\main\resources\admin\node_modules\zrender\lib\graphic\shape\Arc.js
<s> [webpack.Progress] 67% building 603/630 modules 27 active F:\springboot32e20828n\springboot32e20828n\src\main\resources\admin\node_modules\zrender\lib\graphic\shape\Arc.js
<s> [webpack.Progress] 67% building 604/630 modules 26 active F:\springboot32e20828n\springboot32e20828n\src\main\resources\admin\node_modules\zrender\lib\graphic\shape\Arc.js
<s> [webpack.Progress] 67% building 604/631 modules 27 active F:\springboot32e20828n\springboot32e20828n\src\main\resources\admin\node_modules\axios\lib\core\createError.js
<s> [webpack.Progress] 67% building 604/632 modules 28 active F:\springboot32e20828n\springboot32e20828n\src\main\resources\admin\node_modules\axios\lib\helpers\cookies.js
<s> [webpack.Progress] 67% building 605/632 modules 27 active F:\springboot32e20828n\springboot32e20828n\src\main\resources\admin\node_modules\axios\lib\helpers\cookies.js
<s> [webpack.Progress] 67% building 606/632 modules 26 active F:\springboot32e20828n\springboot32e20828n\src\main\resources\admin\node_modules\axios\lib\helpers\cookies.js
<s> [webpack.Progress] 67% building 606/633 modules 27 active F:\springboot32e20828n\springboot32e20828n\src\main\resources\admin\node_modules\normalize-wheel\src\ExecutionEnvironment.js
<s> [webpack.Progress] 67% building 606/634 modules 28 active F:\springboot32e20828n\springboot32e20828n\src\main\resources\admin\node_modules\axios\lib\core\transformData.js
<s> [webpack.Progress] 67% building 606/635 modules 29 active F:\springboot32e20828n\springboot32e20828n\src\main\resources\admin\node_modules\axios\lib\helpers\isURLSameOrigin.js
<s> [webpack.Progress] 67% building 606/636 modules 30 active F:\springboot32e20828n\springboot32e20828n\src\main\resources\admin\node_modules\axios\lib\helpers\parseHeaders.js
<s> [webpack.Progress] 67% building 606/637 modules 31 active F:\springboot32e20828n\springboot32e20828n\src\main\resources\admin\node_modules\zrender\lib\canvas\Layer.js
<s> [webpack.Progress] 66% building 606/638 modules 32 active F:\springboot32e20828n\springboot32e20828n\src\main\resources\admin\node_modules\echarts\lib\core\CoordinateSystem.js
<s> [webpack.Progress] 66% building 606/639 modules 33 active F:\springboot32e20828n\springboot32e20828n\src\main\resources\admin\node_modules\axios\lib\core\buildFullPath.js
<s> [webpack.Progress] 66% building 606/640 modules 34 active F:\springboot32e20828n\springboot32e20828n\src\main\resources\admin\node_modules\zrender\lib\tool\convertPath.js
<s> [webpack.Progress] 66% building 606/641 modules 35 active F:\springboot32e20828n\springboot32e20828n\src\main\resources\admin\node_modules\zrender\lib\contain\windingLine.js
<s> [webpack.Progress] 66% building 606/642 modules 36 active F:\springboot32e20828n\springboot32e20828n\src\main\resources\admin\node_modules\zrender\lib\contain\arc.js
<s> [webpack.Progress] 66% building 606/643 modules 37 active F:\springboot32e20828n\springboot32e20828n\src\main\resources\admin\node_modules\axios\lib\core\settle.js
<s> [webpack.Progress] 66% building 607/643 modules 36 active F:\springboot32e20828n\springboot32e20828n\src\main\resources\admin\node_modules\axios\lib\core\settle.js
<s> [webpack.Progress] 66% building 608/643 modules 35 active F:\springboot32e20828n\springboot32e20828n\src\main\resources\admin\node_modules\axios\lib\core\settle.js
<s> [webpack.Progress] 66% building 609/643 modules 34 active F:\springboot32e20828n\springboot32e20828n\src\main\resources\admin\node_modules\axios\lib\core\settle.js
<s> [webpack.Progress] 66% building 610/643 modules 33 active F:\springboot32e20828n\springboot32e20828n\src\main\resources\admin\node_modules\axios\lib\core\settle.js
<s> [webpack.Progress] 67% building 611/643 modules 32 active F:\springboot32e20828n\springboot32e20828n\src\main\resources\admin\node_modules\axios\lib\core\settle.js
<s> [webpack.Progress] 67% building 612/643 modules 31 active F:\springboot32e20828n\springboot32e20828n\src\main\resources\admin\node_modules\axios\lib\core\settle.js
<s> [webpack.Progress] 67% building 613/643 modules 30 active F:\springboot32e20828n\springboot32e20828n\src\main\resources\admin\node_modules\axios\lib\core\settle.js
<s> [webpack.Progress] 67% building 614/643 modules 29 active F:\springboot32e20828n\springboot32e20828n\src\main\resources\admin\node_modules\axios\lib\core\settle.js
<s> [webpack.Progress] 67% building 615/643 modules 28 active F:\springboot32e20828n\springboot32e20828n\src\main\resources\admin\node_modules\axios\lib\core\settle.js
<s> [webpack.Progress] 67% building 616/643 modules 27 active F:\springboot32e20828n\springboot32e20828n\src\main\resources\admin\node_modules\axios\lib\core\settle.js
<s> [webpack.Progress] 67% building 616/644 modules 28 active F:\springboot32e20828n\springboot32e20828n\src\main\resources\admin\node_modules\zrender\lib\graphic\helper\roundRect.js
<s> [webpack.Progress] 67% building 617/644 modules 27 active F:\springboot32e20828n\springboot32e20828n\src\main\resources\admin\node_modules\zrender\lib\graphic\helper\roundRect.js
<s> [webpack.Progress] 67% building 617/645 modules 28 active F:\springboot32e20828n\springboot32e20828n\src\main\resources\admin\node_modules\zrender\lib\contain\quadratic.js
<s> [webpack.Progress] 67% building 618/645 modules 27 active F:\springboot32e20828n\springboot32e20828n\src\main\resources\admin\node_modules\zrender\lib\contain\quadratic.js
<s> [webpack.Progress] 67% building 619/645 modules 26 active F:\springboot32e20828n\springboot32e20828n\src\main\resources\admin\node_modules\zrender\lib\contain\quadratic.js
<s> [webpack.Progress] 67% building 619/646 modules 27 active F:\springboot32e20828n\springboot32e20828n\src\main\resources\admin\node_modules\throttle-debounce\index.js
<s> [webpack.Progress] 67% building 619/647 modules 28 active F:\springboot32e20828n\springboot32e20828n\src\main\resources\admin\node_modules\zrender\lib\contain\cubic.js
<s> [webpack.Progress] 67% building 619/648 modules 29 active F:\springboot32e20828n\springboot32e20828n\src\main\resources\admin\node_modules\echarts\lib\i18n\langZH.js
<s> [webpack.Progress] 67% building 619/649 modules 30 active F:\springboot32e20828n\springboot32e20828n\src\main\resources\admin\node_modules\echarts\lib\i18n\langEN.js
<s> [webpack.Progress] 67% building 619/650 modules 31 active F:\springboot32e20828n\springboot32e20828n\src\main\resources\admin\node_modules\zrender\lib\contain\line.js
<s> [webpack.Progress] 67% building 619/651 modules 32 active F:\springboot32e20828n\springboot32e20828n\src\main\resources\admin\node_modules\zrender\lib\graphic\shape\BezierCurve.js
<s> [webpack.Progress] 66% building 619/652 modules 33 active F:\springboot32e20828n\springboot32e20828n\src\main\resources\admin\node_modules\zrender\lib\core\WeakMap.js
<s> [webpack.Progress] 67% building 620/652 modules 32 active F:\springboot32e20828n\springboot32e20828n\src\main\resources\admin\node_modules\zrender\lib\core\WeakMap.js
<s> [webpack.Progress] 67% building 621/652 modules 31 active F:\springboot32e20828n\springboot32e20828n\src\main\resources\admin\node_modules\zrender\lib\core\WeakMap.js
<s> [webpack.Progress] 67% building 622/652 modules 30 active F:\springboot32e20828n\springboot32e20828n\src\main\resources\admin\node_modules\zrender\lib\core\WeakMap.js
<s> [webpack.Progress] 67% building 623/652 modules 29 active F:\springboot32e20828n\springboot32e20828n\src\main\resources\admin\node_modules\zrender\lib\core\WeakMap.js
<s> [webpack.Progress] 67% building 623/653 modules 30 active F:\springboot32e20828n\springboot32e20828n\src\main\resources\admin\node_modules\async-validator\es\validator\string.js
<s> [webpack.Progress] 67% building 623/654 modules 31 active F:\springboot32e20828n\springboot32e20828n\src\main\resources\admin\node_modules\zrender\lib\graphic\shape\Line.js
<s> [webpack.Progress] 67% building 624/654 modules 30 active F:\springboot32e20828n\springboot32e20828n\src\main\resources\admin\node_modules\zrender\lib\graphic\shape\Line.js
<s> [webpack.Progress] 67% building 624/655 modules 31 active F:\springboot32e20828n\springboot32e20828n\src\main\resources\admin\node_modules\zrender\lib\tool\dividePath.js
<s> [webpack.Progress] 67% building 625/655 modules 30 active F:\springboot32e20828n\springboot32e20828n\src\main\resources\admin\node_modules\zrender\lib\tool\dividePath.js
<s> [webpack.Progress] 67% building 625/656 modules 31 active F:\springboot32e20828n\springboot32e20828n\src\main\resources\admin\node_modules\echarts\lib\core\ExtensionAPI.js
<s> [webpack.Progress] 67% building 625/657 modules 32 active F:\springboot32e20828n\springboot32e20828n\src\main\resources\admin\node_modules\echarts\lib\model\Global.js
<s> [webpack.Progress] 66% building 625/658 modules 33 active F:\springboot32e20828n\springboot32e20828n\src\main\resources\admin\node_modules\async-validator\es\validator\date.js
<s> [webpack.Progress] 66% building 625/659 modules 34 active F:\springboot32e20828n\springboot32e20828n\src\main\resources\admin\node_modules\async-validator\es\validator\type.js
<s> [webpack.Progress] 66% building 625/660 modules 35 active F:\springboot32e20828n\springboot32e20828n\src\main\resources\admin\node_modules\async-validator\es\validator\required.js
<s> [webpack.Progress] 66% building 625/661 modules 36 active F:\springboot32e20828n\springboot32e20828n\src\main\resources\admin\node_modules\async-validator\es\validator\object.js
<s> [webpack.Progress] 66% building 625/662 modules 37 active F:\springboot32e20828n\springboot32e20828n\src\main\resources\admin\node_modules\async-validator\es\validator\enum.js
<s> [webpack.Progress] 66% building 625/663 modules 38 active F:\springboot32e20828n\springboot32e20828n\src\main\resources\admin\node_modules\async-validator\es\validator\pattern.js
<s> [webpack.Progress] 66% building 625/664 modules 39 active F:\springboot32e20828n\springboot32e20828n\src\main\resources\admin\node_modules\async-validator\es\validator\float.js
<s> [webpack.Progress] 66% building 626/664 modules 38 active F:\springboot32e20828n\springboot32e20828n\src\main\resources\admin\node_modules\async-validator\es\validator\float.js
<s> [webpack.Progress] 66% building 626/665 modules 39 active F:\springboot32e20828n\springboot32e20828n\src\main\resources\admin\node_modules\async-validator\es\validator\array.js
<s> [webpack.Progress] 66% building 626/666 modules 40 active F:\springboot32e20828n\springboot32e20828n\src\main\resources\admin\node_modules\async-validator\es\validator\integer.js
<s> [webpack.Progress] 66% building 626/667 modules 41 active F:\springboot32e20828n\springboot32e20828n\src\main\resources\admin\node_modules\async-validator\es\validator\regexp.js
<s> [webpack.Progress] 66% building 626/668 modules 42 active F:\springboot32e20828n\springboot32e20828n\src\main\resources\admin\node_modules\async-validator\es\validator\boolean.js
<s> [webpack.Progress] 66% building 626/669 modules 43 active F:\springboot32e20828n\springboot32e20828n\src\main\resources\admin\node_modules\zrender\lib\canvas\dashStyle.js
<s> [webpack.Progress] 66% building 626/670 modules 44 active F:\springboot32e20828n\springboot32e20828n\src\main\resources\admin\node_modules\async-validator\es\validator\number.js
<s> [webpack.Progress] 65% building 626/671 modules 45 active F:\springboot32e20828n\springboot32e20828n\src\main\resources\admin\node_modules\async-validator\es\validator\method.js
<s> [webpack.Progress] 65% building 626/672 modules 46 active F:\springboot32e20828n\springboot32e20828n\src\main\resources\admin\node_modules\zrender\lib\graphic\shape\Polyline.js
<s> [webpack.Progress] 65% building 627/672 modules 45 active F:\springboot32e20828n\springboot32e20828n\src\main\resources\admin\node_modules\zrender\lib\graphic\shape\Polyline.js
<s> [webpack.Progress] 65% building 627/673 modules 46 active F:\springboot32e20828n\springboot32e20828n\src\main\resources\admin\node_modules\vue-loader\lib\loaders\pitcher.js??ref--4!F:\springboot32e20828n\springboot32e20828n\src\main\resources\admin\node_modules\cache-loader\dist\cjs.js??ref--12-0!F:\springboot32e20828n\springboot32e20828n\src\main\resources\admin\node_modules\babel-loader\lib\index.js!F:\springboot32e20828n\springboot32e20828n\src\main\resources\admin\node_modules\cache-loader\dist\cjs.js??ref--0-0!F:\springboot32e20828n\springboot32e20828n\src\main\resources\admin\node_modules\vue-loader\lib\index.js??vue-loader-options!F:\springboot32e20828n\springboot32e20828n\src\main\resources\admin\src\views\modules\zhiweidiaodong\list.vue?vue&type=script&lang=js&
<s> [webpack.Progress] 65% building 628/673 modules 45 active F:\springboot32e20828n\springboot32e20828n\src\main\resources\admin\node_modules\zrender\lib\graphic\shape\Polyline.js
<s> [webpack.Progress] 65% building 628/674 modules 46 active F:\springboot32e20828n\springboot32e20828n\src\main\resources\admin\node_modules\cache-loader\dist\cjs.js??ref--12-0!F:\springboot32e20828n\springboot32e20828n\src\main\resources\admin\node_modules\babel-loader\lib\index.js!F:\springboot32e20828n\springboot32e20828n\src\main\resources\admin\node_modules\cache-loader\dist\cjs.js??ref--0-0!F:\springboot32e20828n\springboot32e20828n\src\main\resources\admin\node_modules\vue-loader\lib\index.js??vue-loader-options!F:\springboot32e20828n\springboot32e20828n\src\main\resources\admin\src\views\modules\zhiweidiaodong\list.vue?vue&type=script&lang=js&
<s> [webpack.Progress] 65% building 628/675 modules 47 active F:\springboot32e20828n\springboot32e20828n\src\main\resources\admin\node_modules\zrender\lib\graphic\shape\Polygon.js
<s> [webpack.Progress] 65% building 628/676 modules 48 active F:\springboot32e20828n\springboot32e20828n\src\main\resources\admin\node_modules\zrender\lib\graphic\shape\Ring.js
<s> [webpack.Progress] 65% building 628/677 modules 49 active F:\springboot32e20828n\springboot32e20828n\src\main\resources\admin\node_modules\zrender\lib\graphic\shape\Sector.js
<s> [webpack.Progress] 65% building 628/678 modules 50 active F:\springboot32e20828n\springboot32e20828n\src\main\resources\admin\node_modules\element-ui\lib\utils\popup\popup-manager.js
<s> [webpack.Progress] 65% building 628/679 modules 51 active F:\springboot32e20828n\springboot32e20828n\src\main\resources\admin\node_modules\resize-observer-polyfill\dist\ResizeObserver.es.js
<s> [webpack.Progress] 65% building 628/680 modules 52 active F:\springboot32e20828n\springboot32e20828n\src\main\resources\admin\node_modules\url-loader\dist\cjs.js??ref--1-0!F:\springboot32e20828n\springboot32e20828n\src\main\resources\admin\src\assets\img\test\jianshe.png
<s> [webpack.Progress] 65% building 628/681 modules 53 active F:\springboot32e20828n\springboot32e20828n\src\main\resources\admin\node_modules\url-loader\dist\cjs.js??ref--1-0!F:\springboot32e20828n\springboot32e20828n\src\main\resources\admin\src\assets\img\test\zhifubao.png
<s> [webpack.Progress] 65% building 628/682 modules 54 active F:\springboot32e20828n\springboot32e20828n\src\main\resources\admin\node_modules\zrender\lib\graphic\shape\Ellipse.js
<s> [webpack.Progress] 65% building 628/683 modules 55 active F:\springboot32e20828n\springboot32e20828n\src\main\resources\admin\node_modules\vue-loader\lib\loaders\pitcher.js??ref--4!F:\springboot32e20828n\springboot32e20828n\src\main\resources\admin\node_modules\vue-style-loader\index.js??ref--8-oneOf-1-0!F:\springboot32e20828n\springboot32e20828n\src\main\resources\admin\node_modules\css-loader\dist\cjs.js??ref--8-oneOf-1-1!F:\springboot32e20828n\springboot32e20828n\src\main\resources\admin\node_modules\postcss-loader\src\index.js??ref--8-oneOf-1-2!F:\springboot32e20828n\springboot32e20828n\src\main\resources\admin\node_modules\sass-loader\dist\cjs.js??ref--8-oneOf-1-3!F:\springboot32e20828n\springboot32e20828n\src\main\resources\admin\node_modules\cache-loader\dist\cjs.js??ref--0-0!F:\springboot32e20828n\springboot32e20828n\src\main\resources\admin\node_modules\vue-loader\lib\index.js??vue-loader-options!F:\springboot32e20828n\springboot32e20828n\src\main\resources\admin\src\views\modules\tongyixinxi\list.vue?vue&type=style&index=0&id=5679b936&lang=scss&scoped=true&
<s> [webpack.Progress] 65% building 629/683 modules 54 active F:\springboot32e20828n\springboot32e20828n\src\main\resources\admin\node_modules\zrender\lib\graphic\shape\Ellipse.js
<s> [webpack.Progress] 65% building 629/684 modules 55 active F:\springboot32e20828n\springboot32e20828n\src\main\resources\admin\node_modules\vue-style-loader\index.js??ref--8-oneOf-1-0!F:\springboot32e20828n\springboot32e20828n\src\main\resources\admin\node_modules\css-loader\dist\cjs.js??ref--8-oneOf-1-1!F:\springboot32e20828n\springboot32e20828n\src\main\resources\admin\node_modules\vue-loader\lib\loaders\stylePostLoader.js!F:\springboot32e20828n\springboot32e20828n\src\main\resources\admin\node_modules\postcss-loader\src\index.js??ref--8-oneOf-1-2!F:\springboot32e20828n\springboot32e20828n\src\main\resources\admin\node_modules\sass-loader\dist\cjs.js??ref--8-oneOf-1-3!F:\springboot32e20828n\springboot32e20828n\src\main\resources\admin\node_modules\cache-loader\dist\cjs.js??ref--0-0!F:\springboot32e20828n\springboot32e20828n\src\main\resources\admin\node_modules\vue-loader\lib\index.js??vue-loader-options!F:\springboot32e20828n\springboot32e20828n\src\main\resources\admin\src\views\modules\tongyixinxi\list.vue?vue&type=style&index=0&id=5679b936&lang=scss&scoped=true&
<s> [webpack.Progress] 65% building 630/684 modules 54 active F:\springboot32e20828n\springboot32e20828n\src\main\resources\admin\node_modules\zrender\lib\graphic\shape\Ellipse.js
<s> [webpack.Progress] 65% building 630/685 modules 55 active F:\springboot32e20828n\springboot32e20828n\src\main\resources\admin\node_modules\css-loader\dist\cjs.js??ref--8-oneOf-1-1!F:\springboot32e20828n\springboot32e20828n\src\main\resources\admin\node_modules\vue-loader\lib\loaders\stylePostLoader.js!F:\springboot32e20828n\springboot32e20828n\src\main\resources\admin\node_modules\postcss-loader\src\index.js??ref--8-oneOf-1-2!F:\springboot32e20828n\springboot32e20828n\src\main\resources\admin\node_modules\sass-loader\dist\cjs.js??ref--8-oneOf-1-3!F:\springboot32e20828n\springboot32e20828n\src\main\resources\admin\node_modules\cache-loader\dist\cjs.js??ref--0-0!F:\springboot32e20828n\springboot32e20828n\src\main\resources\admin\node_modules\vue-loader\lib\index.js??vue-loader-options!F:\springboot32e20828n\springboot32e20828n\src\main\resources\admin\src\views\modules\tongyixinxi\list.vue?vue&type=style&index=0&id=5679b936&lang=scss&scoped=true&
<s> [webpack.Progress] 65% building 631/685 modules 54 active F:\springboot32e20828n\springboot32e20828n\src\main\resources\admin\node_modules\css-loader\dist\cjs.js??ref--8-oneOf-1-1!F:\springboot32e20828n\springboot32e20828n\src\main\resources\admin\node_modules\vue-loader\lib\loaders\stylePostLoader.js!F:\springboot32e20828n\springboot32e20828n\src\main\resources\admin\node_modules\postcss-loader\src\index.js??ref--8-oneOf-1-2!F:\springboot32e20828n\springboot32e20828n\src\main\resources\admin\node_modules\sass-loader\dist\cjs.js??ref--8-oneOf-1-3!F:\springboot32e20828n\springboot32e20828n\src\main\resources\admin\node_modules\cache-loader\dist\cjs.js??ref--0-0!F:\springboot32e20828n\springboot32e20828n\src\main\resources\admin\node_modules\vue-loader\lib\index.js??vue-loader-options!F:\springboot32e20828n\springboot32e20828n\src\main\resources\admin\src\views\modules\tongyixinxi\list.vue?vue&type=style&index=0&id=5679b936&lang=scss&scoped=true&
<s> [webpack.Progress] 65% building 631/686 modules 55 active F:\springboot32e20828n\springboot32e20828n\src\main\resources\admin\node_modules\vue-loader\lib\loaders\pitcher.js??ref--4!F:\springboot32e20828n\springboot32e20828n\src\main\resources\admin\node_modules\cache-loader\dist\cjs.js??ref--12-0!F:\springboot32e20828n\springboot32e20828n\src\main\resources\admin\node_modules\babel-loader\lib\index.js!F:\springboot32e20828n\springboot32e20828n\src\main\resources\admin\node_modules\cache-loader\dist\cjs.js??ref--0-0!F:\springboot32e20828n\springboot32e20828n\src\main\resources\admin\node_modules\vue-loader\lib\index.js??vue-loader-options!F:\springboot32e20828n\springboot32e20828n\src\main\resources\admin\src\views\modules\tongyixinxi\list.vue?vue&type=script&lang=js&
<s> [webpack.Progress] 65% building 632/686 modules 54 active F:\springboot32e20828n\springboot32e20828n\src\main\resources\admin\node_modules\css-loader\dist\cjs.js??ref--8-oneOf-1-1!F:\springboot32e20828n\springboot32e20828n\src\main\resources\admin\node_modules\vue-loader\lib\loaders\stylePostLoader.js!F:\springboot32e20828n\springboot32e20828n\src\main\resources\admin\node_modules\postcss-loader\src\index.js??ref--8-oneOf-1-2!F:\springboot32e20828n\springboot32e20828n\src\main\resources\admin\node_modules\sass-loader\dist\cjs.js??ref--8-oneOf-1-3!F:\springboot32e20828n\springboot32e20828n\src\main\resources\admin\node_modules\cache-loader\dist\cjs.js??ref--0-0!F:\springboot32e20828n\springboot32e20828n\src\main\resources\admin\node_modules\vue-loader\lib\index.js??vue-loader-options!F:\springboot32e20828n\springboot32e20828n\src\main\resources\admin\src\views\modules\tongyixinxi\list.vue?vue&type=style&index=0&id=5679b936&lang=scss&scoped=true&
<s> [webpack.Progress] 65% building 632/687 modules 55 active F:\springboot32e20828n\springboot32e20828n\src\main\resources\admin\node_modules\cache-loader\dist\cjs.js??ref--12-0!F:\springboot32e20828n\springboot32e20828n\src\main\resources\admin\node_modules\babel-loader\lib\index.js!F:\springboot32e20828n\springboot32e20828n\src\main\resources\admin\node_modules\cache-loader\dist\cjs.js??ref--0-0!F:\springboot32e20828n\springboot32e20828n\src\main\resources\admin\node_modules\vue-loader\lib\index.js??vue-loader-options!F:\springboot32e20828n\springboot32e20828n\src\main\resources\admin\src\views\modules\tongyixinxi\list.vue?vue&type=script&lang=js&
<s> [webpack.Progress] 65% building 633/687 modules 54 active F:\springboot32e20828n\springboot32e20828n\src\main\resources\admin\node_modules\cache-loader\dist\cjs.js??ref--12-0!F:\springboot32e20828n\springboot32e20828n\src\main\resources\admin\node_modules\babel-loader\lib\index.js!F:\springboot32e20828n\springboot32e20828n\src\main\resources\admin\node_modules\cache-loader\dist\cjs.js??ref--0-0!F:\springboot32e20828n\springboot32e20828n\src\main\resources\admin\node_modules\vue-loader\lib\index.js??vue-loader-options!F:\springboot32e20828n\springboot32e20828n\src\main\resources\admin\src\views\modules\tongyixinxi\list.vue?vue&type=script&lang=js&
<s> [webpack.Progress] 65% building 634/687 modules 53 active F:\springboot32e20828n\springboot32e20828n\src\main\resources\admin\node_modules\cache-loader\dist\cjs.js??ref--12-0!F:\springboot32e20828n\springboot32e20828n\src\main\resources\admin\node_modules\babel-loader\lib\index.js!F:\springboot32e20828n\springboot32e20828n\src\main\resources\admin\node_modules\cache-loader\dist\cjs.js??ref--0-0!F:\springboot32e20828n\springboot32e20828n\src\main\resources\admin\node_modules\vue-loader\lib\index.js??vue-loader-options!F:\springboot32e20828n\springboot32e20828n\src\main\resources\admin\src\views\modules\tongyixinxi\list.vue?vue&type=script&lang=js&
<s> [webpack.Progress] 65% building 635/687 modules 52 active F:\springboot32e20828n\springboot32e20828n\src\main\resources\admin\node_modules\cache-loader\dist\cjs.js??ref--12-0!F:\springboot32e20828n\springboot32e20828n\src\main\resources\admin\node_modules\babel-loader\lib\index.js!F:\springboot32e20828n\springboot32e20828n\src\main\resources\admin\node_modules\cache-loader\dist\cjs.js??ref--0-0!F:\springboot32e20828n\springboot32e20828n\src\main\resources\admin\node_modules\vue-loader\lib\index.js??vue-loader-options!F:\springboot32e20828n\springboot32e20828n\src\main\resources\admin\src\views\modules\tongyixinxi\list.vue?vue&type=script&lang=js&
<s> [webpack.Progress] 65% building 635/688 modules 53 active F:\springboot32e20828n\springboot32e20828n\src\main\resources\admin\node_modules\zrender\lib\graphic\shape\Circle.js
<s> [webpack.Progress] 65% building 635/689 modules 54 active F:\springboot32e20828n\springboot32e20828n\src\main\resources\admin\node_modules\vue-loader\lib\loaders\pitcher.js??ref--4!F:\springboot32e20828n\springboot32e20828n\src\main\resources\admin\node_modules\vue-style-loader\index.js??ref--8-oneOf-1-0!F:\springboot32e20828n\springboot32e20828n\src\main\resources\admin\node_modules\css-loader\dist\cjs.js??ref--8-oneOf-1-1!F:\springboot32e20828n\springboot32e20828n\src\main\resources\admin\node_modules\postcss-loader\src\index.js??ref--8-oneOf-1-2!F:\springboot32e20828n\springboot32e20828n\src\main\resources\admin\node_modules\sass-loader\dist\cjs.js??ref--8-oneOf-1-3!F:\springboot32e20828n\springboot32e20828n\src\main\resources\admin\node_modules\cache-loader\dist\cjs.js??ref--0-0!F:\springboot32e20828n\springboot32e20828n\src\main\resources\admin\node_modules\vue-loader\lib\index.js??vue-loader-options!F:\springboot32e20828n\springboot32e20828n\src\main\resources\admin\src\views\modules\yuangongxinzi\list.vue?vue&type=style&index=0&id=ebf01e66&lang=scss&scoped=true&
<s> [webpack.Progress] 65% building 636/689 modules 53 active F:\springboot32e20828n\springboot32e20828n\src\main\resources\admin\node_modules\zrender\lib\graphic\shape\Circle.js
<s> [webpack.Progress] 65% building 636/690 modules 54 active F:\springboot32e20828n\springboot32e20828n\src\main\resources\admin\node_modules\vue-style-loader\index.js??ref--8-oneOf-1-0!F:\springboot32e20828n\springboot32e20828n\src\main\resources\admin\node_modules\css-loader\dist\cjs.js??ref--8-oneOf-1-1!F:\springboot32e20828n\springboot32e20828n\src\main\resources\admin\node_modules\vue-loader\lib\loaders\stylePostLoader.js!F:\springboot32e20828n\springboot32e20828n\src\main\resources\admin\node_modules\postcss-loader\src\index.js??ref--8-oneOf-1-2!F:\springboot32e20828n\springboot32e20828n\src\main\resources\admin\node_modules\sass-loader\dist\cjs.js??ref--8-oneOf-1-3!F:\springboot32e20828n\springboot32e20828n\src\main\resources\admin\node_modules\cache-loader\dist\cjs.js??ref--0-0!F:\springboot32e20828n\springboot32e20828n\src\main\resources\admin\node_modules\vue-loader\lib\index.js??vue-loader-options!F:\springboot32e20828n\springboot32e20828n\src\main\resources\admin\src\views\modules\yuangongxinzi\list.vue?vue&type=style&index=0&id=ebf01e66&lang=scss&scoped=true&
<s> [webpack.Progress] 65% building 637/690 modules 53 active F:\springboot32e20828n\springboot32e20828n\src\main\resources\admin\node_modules\zrender\lib\graphic\shape\Circle.js
<s> [webpack.Progress] 65% building 637/691 modules 54 active F:\springboot32e20828n\springboot32e20828n\src\main\resources\admin\node_modules\css-loader\dist\cjs.js??ref--8-oneOf-1-1!F:\springboot32e20828n\springboot32e20828n\src\main\resources\admin\node_modules\vue-loader\lib\loaders\stylePostLoader.js!F:\springboot32e20828n\springboot32e20828n\src\main\resources\admin\node_modules\postcss-loader\src\index.js??ref--8-oneOf-1-2!F:\springboot32e20828n\springboot32e20828n\src\main\resources\admin\node_modules\sass-loader\dist\cjs.js??ref--8-oneOf-1-3!F:\springboot32e20828n\springboot32e20828n\src\main\resources\admin\node_modules\cache-loader\dist\cjs.js??ref--0-0!F:\springboot32e20828n\springboot32e20828n\src\main\resources\admin\node_modules\vue-loader\lib\index.js??vue-loader-options!F:\springboot32e20828n\springboot32e20828n\src\main\resources\admin\src\views\modules\yuangongxinzi\list.vue?vue&type=style&index=0&id=ebf01e66&lang=scss&scoped=true&
<s> [webpack.Progress] 65% building 638/691 modules 53 active F:\springboot32e20828n\springboot32e20828n\src\main\resources\admin\node_modules\css-loader\dist\cjs.js??ref--8-oneOf-1-1!F:\springboot32e20828n\springboot32e20828n\src\main\resources\admin\node_modules\vue-loader\lib\loaders\stylePostLoader.js!F:\springboot32e20828n\springboot32e20828n\src\main\resources\admin\node_modules\postcss-loader\src\index.js??ref--8-oneOf-1-2!F:\springboot32e20828n\springboot32e20828n\src\main\resources\admin\node_modules\sass-loader\dist\cjs.js??ref--8-oneOf-1-3!F:\springboot32e20828n\springboot32e20828n\src\main\resources\admin\node_modules\cache-loader\dist\cjs.js??ref--0-0!F:\springboot32e20828n\springboot32e20828n\src\main\resources\admin\node_modules\vue-loader\lib\index.js??vue-loader-options!F:\springboot32e20828n\springboot32e20828n\src\main\resources\admin\src\views\modules\yuangongxinzi\list.vue?vue&type=style&index=0&id=ebf01e66&lang=scss&scoped=true&
<s> [webpack.Progress] 65% building 638/692 modules 54 active F:\springboot32e20828n\springboot32e20828n\src\main\resources\admin\node_modules\vue-loader\lib\loaders\pitcher.js??ref--4!F:\springboot32e20828n\springboot32e20828n\src\main\resources\admin\node_modules\cache-loader\dist\cjs.js??ref--12-0!F:\springboot32e20828n\springboot32e20828n\src\main\resources\admin\node_modules\babel-loader\lib\index.js!F:\springboot32e20828n\springboot32e20828n\src\main\resources\admin\node_modules\cache-loader\dist\cjs.js??ref--0-0!F:\springboot32e20828n\springboot32e20828n\src\main\resources\admin\node_modules\vue-loader\lib\index.js??vue-loader-options!F:\springboot32e20828n\springboot32e20828n\src\main\resources\admin\src\views\modules\yuangongxinzi\list.vue?vue&type=script&lang=js&
<s> [webpack.Progress] 65% building 639/692 modules 53 active F:\springboot32e20828n\springboot32e20828n\src\main\resources\admin\node_modules\css-loader\dist\cjs.js??ref--8-oneOf-1-1!F:\springboot32e20828n\springboot32e20828n\src\main\resources\admin\node_modules\vue-loader\lib\loaders\stylePostLoader.js!F:\springboot32e20828n\springboot32e20828n\src\main\resources\admin\node_modules\postcss-loader\src\index.js??ref--8-oneOf-1-2!F:\springboot32e20828n\springboot32e20828n\src\main\resources\admin\node_modules\sass-loader\dist\cjs.js??ref--8-oneOf-1-3!F:\springboot32e20828n\springboot32e20828n\src\main\resources\admin\node_modules\cache-loader\dist\cjs.js??ref--0-0!F:\springboot32e20828n\springboot32e20828n\src\main\resources\admin\node_modules\vue-loader\lib\index.js??vue-loader-options!F:\springboot32e20828n\springboot32e20828n\src\main\resources\admin\src\views\modules\yuangongxinzi\list.vue?vue&type=style&index=0&id=ebf01e66&lang=scss&scoped=true&
<s> [webpack.Progress] 65% building 639/693 modules 54 active F:\springboot32e20828n\springboot32e20828n\src\main\resources\admin\node_modules\cache-loader\dist\cjs.js??ref--12-0!F:\springboot32e20828n\springboot32e20828n\src\main\resources\admin\node_modules\babel-loader\lib\index.js!F:\springboot32e20828n\springboot32e20828n\src\main\resources\admin\node_modules\cache-loader\dist\cjs.js??ref--0-0!F:\springboot32e20828n\springboot32e20828n\src\main\resources\admin\node_modules\vue-loader\lib\index.js??vue-loader-options!F:\springboot32e20828n\springboot32e20828n\src\main\resources\admin\src\views\modules\yuangongxinzi\list.vue?vue&type=script&lang=js&
<s> [webpack.Progress] 65% building 640/693 modules 53 active F:\springboot32e20828n\springboot32e20828n\src\main\resources\admin\node_modules\cache-loader\dist\cjs.js??ref--12-0!F:\springboot32e20828n\springboot32e20828n\src\main\resources\admin\node_modules\babel-loader\lib\index.js!F:\springboot32e20828n\springboot32e20828n\src\main\resources\admin\node_modules\cache-loader\dist\cjs.js??ref--0-0!F:\springboot32e20828n\springboot32e20828n\src\main\resources\admin\node_modules\vue-loader\lib\index.js??vue-loader-options!F:\springboot32e20828n\springboot32e20828n\src\main\resources\admin\src\views\modules\yuangongxinzi\list.vue?vue&type=script&lang=js&
<s> [webpack.Progress] 65% building 641/693 modules 52 active F:\springboot32e20828n\springboot32e20828n\src\main\resources\admin\node_modules\cache-loader\dist\cjs.js??ref--12-0!F:\springboot32e20828n\springboot32e20828n\src\main\resources\admin\node_modules\babel-loader\lib\index.js!F:\springboot32e20828n\springboot32e20828n\src\main\resources\admin\node_modules\cache-loader\dist\cjs.js??ref--0-0!F:\springboot32e20828n\springboot32e20828n\src\main\resources\admin\node_modules\vue-loader\lib\index.js??vue-loader-options!F:\springboot32e20828n\springboot32e20828n\src\main\resources\admin\src\views\modules\yuangongxinzi\list.vue?vue&type=script&lang=js&
<s> [webpack.Progress] 65% building 641/694 modules 53 active F:\springboot32e20828n\springboot32e20828n\src\main\resources\admin\node_modules\vue-loader\lib\loaders\pitcher.js??ref--4!F:\springboot32e20828n\springboot32e20828n\src\main\resources\admin\node_modules\vue-style-loader\index.js??ref--8-oneOf-1-0!F:\springboot32e20828n\springboot32e20828n\src\main\resources\admin\node_modules\css-loader\dist\cjs.js??ref--8-oneOf-1-1!F:\springboot32e20828n\springboot32e20828n\src\main\resources\admin\node_modules\postcss-loader\src\index.js??ref--8-oneOf-1-2!F:\springboot32e20828n\springboot32e20828n\src\main\resources\admin\node_modules\sass-loader\dist\cjs.js??ref--8-oneOf-1-3!F:\springboot32e20828n\springboot32e20828n\src\main\resources\admin\node_modules\cache-loader\dist\cjs.js??ref--0-0!F:\springboot32e20828n\springboot32e20828n\src\main\resources\admin\node_modules\vue-loader\lib\index.js??vue-loader-options!F:\springboot32e20828n\springboot32e20828n\src\main\resources\admin\src\views\modules\yuangongqiandao\list.vue?vue&type=style&index=0&id=3b24b168&lang=scss&scoped=true&
<s> [webpack.Progress] 65% building 642/694 modules 52 active F:\springboot32e20828n\springboot32e20828n\src\main\resources\admin\node_modules\cache-loader\dist\cjs.js??ref--12-0!F:\springboot32e20828n\springboot32e20828n\src\main\resources\admin\node_modules\babel-loader\lib\index.js!F:\springboot32e20828n\springboot32e20828n\src\main\resources\admin\node_modules\cache-loader\dist\cjs.js??ref--0-0!F:\springboot32e20828n\springboot32e20828n\src\main\resources\admin\node_modules\vue-loader\lib\index.js??vue-loader-options!F:\springboot32e20828n\springboot32e20828n\src\main\resources\admin\src\views\modules\yuangongxinzi\list.vue?vue&type=script&lang=js&
<s> [webpack.Progress] 65% building 642/695 modules 53 active F:\springboot32e20828n\springboot32e20828n\src\main\resources\admin\node_modules\vue-style-loader\index.js??ref--8-oneOf-1-0!F:\springboot32e20828n\springboot32e20828n\src\main\resources\admin\node_modules\css-loader\dist\cjs.js??ref--8-oneOf-1-1!F:\springboot32e20828n\springboot32e20828n\src\main\resources\admin\node_modules\vue-loader\lib\loaders\stylePostLoader.js!F:\springboot32e20828n\springboot32e20828n\src\main\resources\admin\node_modules\postcss-loader\src\index.js??ref--8-oneOf-1-2!F:\springboot32e20828n\springboot32e20828n\src\main\resources\admin\node_modules\sass-loader\dist\cjs.js??ref--8-oneOf-1-3!F:\springboot32e20828n\springboot32e20828n\src\main\resources\admin\node_modules\cache-loader\dist\cjs.js??ref--0-0!F:\springboot32e20828n\springboot32e20828n\src\main\resources\admin\node_modules\vue-loader\lib\index.js??vue-loader-options!F:\springboot32e20828n\springboot32e20828n\src\main\resources\admin\src\views\modules\yuangongqiandao\list.vue?vue&type=style&index=0&id=3b24b168&lang=scss&scoped=true&
<s> [webpack.Progress] 65% building 643/695 modules 52 active F:\springboot32e20828n\springboot32e20828n\src\main\resources\admin\node_modules\cache-loader\dist\cjs.js??ref--12-0!F:\springboot32e20828n\springboot32e20828n\src\main\resources\admin\node_modules\babel-loader\lib\index.js!F:\springboot32e20828n\springboot32e20828n\src\main\resources\admin\node_modules\cache-loader\dist\cjs.js??ref--0-0!F:\springboot32e20828n\springboot32e20828n\src\main\resources\admin\node_modules\vue-loader\lib\index.js??vue-loader-options!F:\springboot32e20828n\springboot32e20828n\src\main\resources\admin\src\views\modules\yuangongxinzi\list.vue?vue&type=script&lang=js&
<s> [webpack.Progress] 65% building 643/696 modules 53 active F:\springboot32e20828n\springboot32e20828n\src\main\resources\admin\node_modules\css-loader\dist\cjs.js??ref--8-oneOf-1-1!F:\springboot32e20828n\springboot32e20828n\src\main\resources\admin\node_modules\vue-loader\lib\loaders\stylePostLoader.js!F:\springboot32e20828n\springboot32e20828n\src\main\resources\admin\node_modules\postcss-loader\src\index.js??ref--8-oneOf-1-2!F:\springboot32e20828n\springboot32e20828n\src\main\resources\admin\node_modules\sass-loader\dist\cjs.js??ref--8-oneOf-1-3!F:\springboot32e20828n\springboot32e20828n\src\main\resources\admin\node_modules\cache-loader\dist\cjs.js??ref--0-0!F:\springboot32e20828n\springboot32e20828n\src\main\resources\admin\node_modules\vue-loader\lib\index.js??vue-loader-options!F:\springboot32e20828n\springboot32e20828n\src\main\resources\admin\src\views\modules\yuangongqiandao\list.vue?vue&type=style&index=0&id=3b24b168&lang=scss&scoped=true&
<s> [webpack.Progress] 65% building 644/696 modules 52 active F:\springboot32e20828n\springboot32e20828n\src\main\resources\admin\node_modules\css-loader\dist\cjs.js??ref--8-oneOf-1-1!F:\springboot32e20828n\springboot32e20828n\src\main\resources\admin\node_modules\vue-loader\lib\loaders\stylePostLoader.js!F:\springboot32e20828n\springboot32e20828n\src\main\resources\admin\node_modules\postcss-loader\src\index.js??ref--8-oneOf-1-2!F:\springboot32e20828n\springboot32e20828n\src\main\resources\admin\node_modules\sass-loader\dist\cjs.js??ref--8-oneOf-1-3!F:\springboot32e20828n\springboot32e20828n\src\main\resources\admin\node_modules\cache-loader\dist\cjs.js??ref--0-0!F:\springboot32e20828n\springboot32e20828n\src\main\resources\admin\node_modules\vue-loader\lib\index.js??vue-loader-options!F:\springboot32e20828n\springboot32e20828n\src\main\resources\admin\src\views\modules\yuangongqiandao\list.vue?vue&type=style&index=0&id=3b24b168&lang=scss&scoped=true&
<s> [webpack.Progress] 65% building 645/696 modules 51 active F:\springboot32e20828n\springboot32e20828n\src\main\resources\admin\node_modules\css-loader\dist\cjs.js??ref--8-oneOf-1-1!F:\springboot32e20828n\springboot32e20828n\src\main\resources\admin\node_modules\vue-loader\lib\loaders\stylePostLoader.js!F:\springboot32e20828n\springboot32e20828n\src\main\resources\admin\node_modules\postcss-loader\src\index.js??ref--8-oneOf-1-2!F:\springboot32e20828n\springboot32e20828n\src\main\resources\admin\node_modules\sass-loader\dist\cjs.js??ref--8-oneOf-1-3!F:\springboot32e20828n\springboot32e20828n\src\main\resources\admin\node_modules\cache-loader\dist\cjs.js??ref--0-0!F:\springboot32e20828n\springboot32e20828n\src\main\resources\admin\node_modules\vue-loader\lib\index.js??vue-loader-options!F:\springboot32e20828n\springboot32e20828n\src\main\resources\admin\src\views\modules\yuangongqiandao\list.vue?vue&type=style&index=0&id=3b24b168&lang=scss&scoped=true&
<s> [webpack.Progress] 65% building 645/697 modules 52 active F:\springboot32e20828n\springboot32e20828n\src\main\resources\admin\node_modules\vue-loader\lib\loaders\pitcher.js??ref--4!F:\springboot32e20828n\springboot32e20828n\src\main\resources\admin\node_modules\cache-loader\dist\cjs.js??ref--12-0!F:\springboot32e20828n\springboot32e20828n\src\main\resources\admin\node_modules\babel-loader\lib\index.js!F:\springboot32e20828n\springboot32e20828n\src\main\resources\admin\node_modules\cache-loader\dist\cjs.js??ref--0-0!F:\springboot32e20828n\springboot32e20828n\src\main\resources\admin\node_modules\vue-loader\lib\index.js??vue-loader-options!F:\springboot32e20828n\springboot32e20828n\src\main\resources\admin\src\views\modules\yuangongqiandao\list.vue?vue&type=script&lang=js&
<s> [webpack.Progress] 65% building 646/697 modules 51 active F:\springboot32e20828n\springboot32e20828n\src\main\resources\admin\node_modules\css-loader\dist\cjs.js??ref--8-oneOf-1-1!F:\springboot32e20828n\springboot32e20828n\src\main\resources\admin\node_modules\vue-loader\lib\loaders\stylePostLoader.js!F:\springboot32e20828n\springboot32e20828n\src\main\resources\admin\node_modules\postcss-loader\src\index.js??ref--8-oneOf-1-2!F:\springboot32e20828n\springboot32e20828n\src\main\resources\admin\node_modules\sass-loader\dist\cjs.js??ref--8-oneOf-1-3!F:\springboot32e20828n\springboot32e20828n\src\main\resources\admin\node_modules\cache-loader\dist\cjs.js??ref--0-0!F:\springboot32e20828n\springboot32e20828n\src\main\resources\admin\node_modules\vue-loader\lib\index.js??vue-loader-options!F:\springboot32e20828n\springboot32e20828n\src\main\resources\admin\src\views\modules\yuangongqiandao\list.vue?vue&type=style&index=0&id=3b24b168&lang=scss&scoped=true&
<s> [webpack.Progress] 65% building 646/698 modules 52 active F:\springboot32e20828n\springboot32e20828n\src\main\resources\admin\node_modules\cache-loader\dist\cjs.js??ref--12-0!F:\springboot32e20828n\springboot32e20828n\src\main\resources\admin\node_modules\babel-loader\lib\index.js!F:\springboot32e20828n\springboot32e20828n\src\main\resources\admin\node_modules\cache-loader\dist\cjs.js??ref--0-0!F:\springboot32e20828n\springboot32e20828n\src\main\resources\admin\node_modules\vue-loader\lib\index.js??vue-loader-options!F:\springboot32e20828n\springboot32e20828n\src\main\resources\admin\src\views\modules\yuangongqiandao\list.vue?vue&type=script&lang=js&
<s> [webpack.Progress] 65% building 647/698 modules 51 active F:\springboot32e20828n\springboot32e20828n\src\main\resources\admin\node_modules\cache-loader\dist\cjs.js??ref--12-0!F:\springboot32e20828n\springboot32e20828n\src\main\resources\admin\node_modules\babel-loader\lib\index.js!F:\springboot32e20828n\springboot32e20828n\src\main\resources\admin\node_modules\cache-loader\dist\cjs.js??ref--0-0!F:\springboot32e20828n\springboot32e20828n\src\main\resources\admin\node_modules\vue-loader\lib\index.js??vue-loader-options!F:\springboot32e20828n\springboot32e20828n\src\main\resources\admin\src\views\modules\yuangongqiandao\list.vue?vue&type=script&lang=js&
<s> [webpack.Progress] 65% building 648/698 modules 50 active F:\springboot32e20828n\springboot32e20828n\src\main\resources\admin\node_modules\cache-loader\dist\cjs.js??ref--12-0!F:\springboot32e20828n\springboot32e20828n\src\main\resources\admin\node_modules\babel-loader\lib\index.js!F:\springboot32e20828n\springboot32e20828n\src\main\resources\admin\node_modules\cache-loader\dist\cjs.js??ref--0-0!F:\springboot32e20828n\springboot32e20828n\src\main\resources\admin\node_modules\vue-loader\lib\index.js??vue-loader-options!F:\springboot32e20828n\springboot32e20828n\src\main\resources\admin\src\views\modules\yuangongqiandao\list.vue?vue&type=script&lang=js&
<s> [webpack.Progress] 65% building 649/698 modules 49 active F:\springboot32e20828n\springboot32e20828n\src\main\resources\admin\node_modules\cache-loader\dist\cjs.js??ref--12-0!F:\springboot32e20828n\springboot32e20828n\src\main\resources\admin\node_modules\babel-loader\lib\index.js!F:\springboot32e20828n\springboot32e20828n\src\main\resources\admin\node_modules\cache-loader\dist\cjs.js??ref--0-0!F:\springboot32e20828n\springboot32e20828n\src\main\resources\admin\node_modules\vue-loader\lib\index.js??vue-loader-options!F:\springboot32e20828n\springboot32e20828n\src\main\resources\admin\src\views\modules\yuangongqiandao\list.vue?vue&type=script&lang=js&
<s> [webpack.Progress] 65% building 650/698 modules 48 active F:\springboot32e20828n\springboot32e20828n\src\main\resources\admin\node_modules\cache-loader\dist\cjs.js??ref--12-0!F:\springboot32e20828n\springboot32e20828n\src\main\resources\admin\node_modules\babel-loader\lib\index.js!F:\springboot32e20828n\springboot32e20828n\src\main\resources\admin\node_modules\cache-loader\dist\cjs.js??ref--0-0!F:\springboot32e20828n\springboot32e20828n\src\main\resources\admin\node_modules\vue-loader\lib\index.js??vue-loader-options!F:\springboot32e20828n\springboot32e20828n\src\main\resources\admin\src\views\modules\yuangongqiandao\list.vue?vue&type=script&lang=js&
<s> [webpack.Progress] 65% building 650/699 modules 49 active F:\springboot32e20828n\springboot32e20828n\src\main\resources\admin\node_modules\vue-loader\lib\loaders\pitcher.js??ref--4!F:\springboot32e20828n\springboot32e20828n\src\main\resources\admin\node_modules\vue-style-loader\index.js??ref--8-oneOf-1-0!F:\springboot32e20828n\springboot32e20828n\src\main\resources\admin\node_modules\css-loader\dist\cjs.js??ref--8-oneOf-1-1!F:\springboot32e20828n\springboot32e20828n\src\main\resources\admin\node_modules\postcss-loader\src\index.js??ref--8-oneOf-1-2!F:\springboot32e20828n\springboot32e20828n\src\main\resources\admin\node_modules\sass-loader\dist\cjs.js??ref--8-oneOf-1-3!F:\springboot32e20828n\springboot32e20828n\src\main\resources\admin\node_modules\cache-loader\dist\cjs.js??ref--0-0!F:\springboot32e20828n\springboot32e20828n\src\main\resources\admin\node_modules\vue-loader\lib\index.js??vue-loader-options!F:\springboot32e20828n\springboot32e20828n\src\main\resources\admin\src\views\modules\renshiguanliyuan\list.vue?vue&type=style&index=0&id=0a02f77e&lang=scss&scoped=true&
<s> [webpack.Progress] 65% building 651/699 modules 48 active F:\springboot32e20828n\springboot32e20828n\src\main\resources\admin\node_modules\cache-loader\dist\cjs.js??ref--12-0!F:\springboot32e20828n\springboot32e20828n\src\main\resources\admin\node_modules\babel-loader\lib\index.js!F:\springboot32e20828n\springboot32e20828n\src\main\resources\admin\node_modules\cache-loader\dist\cjs.js??ref--0-0!F:\springboot32e20828n\springboot32e20828n\src\main\resources\admin\node_modules\vue-loader\lib\index.js??vue-loader-options!F:\springboot32e20828n\springboot32e20828n\src\main\resources\admin\src\views\modules\yuangongqiandao\list.vue?vue&type=script&lang=js&
<s> [webpack.Progress] 65% building 651/700 modules 49 active F:\springboot32e20828n\springboot32e20828n\src\main\resources\admin\node_modules\vue-style-loader\index.js??ref--8-oneOf-1-0!F:\springboot32e20828n\springboot32e20828n\src\main\resources\admin\node_modules\css-loader\dist\cjs.js??ref--8-oneOf-1-1!F:\springboot32e20828n\springboot32e20828n\src\main\resources\admin\node_modules\vue-loader\lib\loaders\stylePostLoader.js!F:\springboot32e20828n\springboot32e20828n\src\main\resources\admin\node_modules\postcss-loader\src\index.js??ref--8-oneOf-1-2!F:\springboot32e20828n\springboot32e20828n\src\main\resources\admin\node_modules\sass-loader\dist\cjs.js??ref--8-oneOf-1-3!F:\springboot32e20828n\springboot32e20828n\src\main\resources\admin\node_modules\cache-loader\dist\cjs.js??ref--0-0!F:\springboot32e20828n\springboot32e20828n\src\main\resources\admin\node_modules\vue-loader\lib\index.js??vue-loader-options!F:\springboot32e20828n\springboot32e20828n\src\main\resources\admin\src\views\modules\renshiguanliyuan\list.vue?vue&type=style&index=0&id=0a02f77e&lang=scss&scoped=true&
<s> [webpack.Progress] 65% building 652/700 modules 48 active F:\springboot32e20828n\springboot32e20828n\src\main\resources\admin\node_modules\cache-loader\dist\cjs.js??ref--12-0!F:\springboot32e20828n\springboot32e20828n\src\main\resources\admin\node_modules\babel-loader\lib\index.js!F:\springboot32e20828n\springboot32e20828n\src\main\resources\admin\node_modules\cache-loader\dist\cjs.js??ref--0-0!F:\springboot32e20828n\springboot32e20828n\src\main\resources\admin\node_modules\vue-loader\lib\index.js??vue-loader-options!F:\springboot32e20828n\springboot32e20828n\src\main\resources\admin\src\views\modules\yuangongqiandao\list.vue?vue&type=script&lang=js&
<s> [webpack.Progress] 65% building 652/701 modules 49 active F:\springboot32e20828n\springboot32e20828n\src\main\resources\admin\node_modules\css-loader\dist\cjs.js??ref--8-oneOf-1-1!F:\springboot32e20828n\springboot32e20828n\src\main\resources\admin\node_modules\vue-loader\lib\loaders\stylePostLoader.js!F:\springboot32e20828n\springboot32e20828n\src\main\resources\admin\node_modules\postcss-loader\src\index.js??ref--8-oneOf-1-2!F:\springboot32e20828n\springboot32e20828n\src\main\resources\admin\node_modules\sass-loader\dist\cjs.js??ref--8-oneOf-1-3!F:\springboot32e20828n\springboot32e20828n\src\main\resources\admin\node_modules\cache-loader\dist\cjs.js??ref--0-0!F:\springboot32e20828n\springboot32e20828n\src\main\resources\admin\node_modules\vue-loader\lib\index.js??vue-loader-options!F:\springboot32e20828n\springboot32e20828n\src\main\resources\admin\src\views\modules\renshiguanliyuan\list.vue?vue&type=style&index=0&id=0a02f77e&lang=scss&scoped=true&
<s> [webpack.Progress] 65% building 653/701 modules 48 active F:\springboot32e20828n\springboot32e20828n\src\main\resources\admin\node_modules\css-loader\dist\cjs.js??ref--8-oneOf-1-1!F:\springboot32e20828n\springboot32e20828n\src\main\resources\admin\node_modules\vue-loader\lib\loaders\stylePostLoader.js!F:\springboot32e20828n\springboot32e20828n\src\main\resources\admin\node_modules\postcss-loader\src\index.js??ref--8-oneOf-1-2!F:\springboot32e20828n\springboot32e20828n\src\main\resources\admin\node_modules\sass-loader\dist\cjs.js??ref--8-oneOf-1-3!F:\springboot32e20828n\springboot32e20828n\src\main\resources\admin\node_modules\cache-loader\dist\cjs.js??ref--0-0!F:\springboot32e20828n\springboot32e20828n\src\main\resources\admin\node_modules\vue-loader\lib\index.js??vue-loader-options!F:\springboot32e20828n\springboot32e20828n\src\main\resources\admin\src\views\modules\renshiguanliyuan\list.vue?vue&type=style&index=0&id=0a02f77e&lang=scss&scoped=true&
<s> [webpack.Progress] 65% building 653/702 modules 49 active F:\springboot32e20828n\springboot32e20828n\src\main\resources\admin\node_modules\vue-loader\lib\loaders\pitcher.js??ref--4!F:\springboot32e20828n\springboot32e20828n\src\main\resources\admin\node_modules\cache-loader\dist\cjs.js??ref--12-0!F:\springboot32e20828n\springboot32e20828n\src\main\resources\admin\node_modules\babel-loader\lib\index.js!F:\springboot32e20828n\springboot32e20828n\src\main\resources\admin\node_modules\cache-loader\dist\cjs.js??ref--0-0!F:\springboot32e20828n\springboot32e20828n\src\main\resources\admin\node_modules\vue-loader\lib\index.js??vue-loader-options!F:\springboot32e20828n\springboot32e20828n\src\main\resources\admin\src\views\modules\renshiguanliyuan\list.vue?vue&type=script&lang=js&
<s> [webpack.Progress] 65% building 654/702 modules 48 active F:\springboot32e20828n\springboot32e20828n\src\main\resources\admin\node_modules\css-loader\dist\cjs.js??ref--8-oneOf-1-1!F:\springboot32e20828n\springboot32e20828n\src\main\resources\admin\node_modules\vue-loader\lib\loaders\stylePostLoader.js!F:\springboot32e20828n\springboot32e20828n\src\main\resources\admin\node_modules\postcss-loader\src\index.js??ref--8-oneOf-1-2!F:\springboot32e20828n\springboot32e20828n\src\main\resources\admin\node_modules\sass-loader\dist\cjs.js??ref--8-oneOf-1-3!F:\springboot32e20828n\springboot32e20828n\src\main\resources\admin\node_modules\cache-loader\dist\cjs.js??ref--0-0!F:\springboot32e20828n\springboot32e20828n\src\main\resources\admin\node_modules\vue-loader\lib\index.js??vue-loader-options!F:\springboot32e20828n\springboot32e20828n\src\main\resources\admin\src\views\modules\renshiguanliyuan\list.vue?vue&type=style&index=0&id=0a02f77e&lang=scss&scoped=true&
<s> [webpack.Progress] 65% building 654/703 modules 49 active F:\springboot32e20828n\springboot32e20828n\src\main\resources\admin\node_modules\cache-loader\dist\cjs.js??ref--12-0!F:\springboot32e20828n\springboot32e20828n\src\main\resources\admin\node_modules\babel-loader\lib\index.js!F:\springboot32e20828n\springboot32e20828n\src\main\resources\admin\node_modules\cache-loader\dist\cjs.js??ref--0-0!F:\springboot32e20828n\springboot32e20828n\src\main\resources\admin\node_modules\vue-loader\lib\index.js??vue-loader-options!F:\springboot32e20828n\springboot32e20828n\src\main\resources\admin\src\views\modules\renshiguanliyuan\list.vue?vue&type=script&lang=js&
<s> [webpack.Progress] 65% building 654/704 modules 50 active F:\springboot32e20828n\springboot32e20828n\src\main\resources\admin\node_modules\core-js\modules\es.array.from.js
<s> [webpack.Progress] 65% building 655/704 modules 49 active F:\springboot32e20828n\springboot32e20828n\src\main\resources\admin\node_modules\core-js\modules\es.array.from.js
<s> [webpack.Progress] 65% building 655/705 modules 50 active F:\springboot32e20828n\springboot32e20828n\src\main\resources\admin\node_modules\vue-loader\lib\loaders\pitcher.js??ref--4!F:\springboot32e20828n\springboot32e20828n\src\main\resources\admin\node_modules\vue-style-loader\index.js??ref--8-oneOf-1-0!F:\springboot32e20828n\springboot32e20828n\src\main\resources\admin\node_modules\css-loader\dist\cjs.js??ref--8-oneOf-1-1!F:\springboot32e20828n\springboot32e20828n\src\main\resources\admin\node_modules\postcss-loader\src\index.js??ref--8-oneOf-1-2!F:\springboot32e20828n\springboot32e20828n\src\main\resources\admin\node_modules\sass-loader\dist\cjs.js??ref--8-oneOf-1-3!F:\springboot32e20828n\springboot32e20828n\src\main\resources\admin\node_modules\cache-loader\dist\cjs.js??ref--0-0!F:\springboot32e20828n\springboot32e20828n\src\main\resources\admin\node_modules\vue-loader\lib\index.js??vue-loader-options!F:\springboot32e20828n\springboot32e20828n\src\main\resources\admin\src\views\update-password.vue?vue&type=style&index=0&id=467fc075&lang=scss&scoped=true&
<s> [webpack.Progress] 65% building 656/705 modules 49 active F:\springboot32e20828n\springboot32e20828n\src\main\resources\admin\node_modules\core-js\modules\es.array.from.js
<s> [webpack.Progress] 65% building 656/706 modules 50 active F:\springboot32e20828n\springboot32e20828n\src\main\resources\admin\node_modules\vue-style-loader\index.js??ref--8-oneOf-1-0!F:\springboot32e20828n\springboot32e20828n\src\main\resources\admin\node_modules\css-loader\dist\cjs.js??ref--8-oneOf-1-1!F:\springboot32e20828n\springboot32e20828n\src\main\resources\admin\node_modules\vue-loader\lib\loaders\stylePostLoader.js!F:\springboot32e20828n\springboot32e20828n\src\main\resources\admin\node_modules\postcss-loader\src\index.js??ref--8-oneOf-1-2!F:\springboot32e20828n\springboot32e20828n\src\main\resources\admin\node_modules\sass-loader\dist\cjs.js??ref--8-oneOf-1-3!F:\springboot32e20828n\springboot32e20828n\src\main\resources\admin\node_modules\cache-loader\dist\cjs.js??ref--0-0!F:\springboot32e20828n\springboot32e20828n\src\main\resources\admin\node_modules\vue-loader\lib\index.js??vue-loader-options!F:\springboot32e20828n\springboot32e20828n\src\main\resources\admin\src\views\update-password.vue?vue&type=style&index=0&id=467fc075&lang=scss&scoped=true&
<s> [webpack.Progress] 65% building 657/706 modules 49 active F:\springboot32e20828n\springboot32e20828n\src\main\resources\admin\node_modules\core-js\modules\es.array.from.js
<s> [webpack.Progress] 65% building 657/707 modules 50 active F:\springboot32e20828n\springboot32e20828n\src\main\resources\admin\node_modules\css-loader\dist\cjs.js??ref--8-oneOf-1-1!F:\springboot32e20828n\springboot32e20828n\src\main\resources\admin\node_modules\vue-loader\lib\loaders\stylePostLoader.js!F:\springboot32e20828n\springboot32e20828n\src\main\resources\admin\node_modules\postcss-loader\src\index.js??ref--8-oneOf-1-2!F:\springboot32e20828n\springboot32e20828n\src\main\resources\admin\node_modules\sass-loader\dist\cjs.js??ref--8-oneOf-1-3!F:\springboot32e20828n\springboot32e20828n\src\main\resources\admin\node_modules\cache-loader\dist\cjs.js??ref--0-0!F:\springboot32e20828n\springboot32e20828n\src\main\resources\admin\node_modules\vue-loader\lib\index.js??vue-loader-options!F:\springboot32e20828n\springboot32e20828n\src\main\resources\admin\src\views\update-password.vue?vue&type=style&index=0&id=467fc075&lang=scss&scoped=true&
<s> [webpack.Progress] 65% building 657/708 modules 51 active F:\springboot32e20828n\springboot32e20828n\src\main\resources\admin\node_modules\vue-loader\lib\loaders\pitcher.js??ref--4!F:\springboot32e20828n\springboot32e20828n\src\main\resources\admin\node_modules\cache-loader\dist\cjs.js??ref--12-0!F:\springboot32e20828n\springboot32e20828n\src\main\resources\admin\node_modules\babel-loader\lib\index.js!F:\springboot32e20828n\springboot32e20828n\src\main\resources\admin\node_modules\cache-loader\dist\cjs.js??ref--0-0!F:\springboot32e20828n\springboot32e20828n\src\main\resources\admin\node_modules\vue-loader\lib\index.js??vue-loader-options!F:\springboot32e20828n\springboot32e20828n\src\main\resources\admin\src\views\update-password.vue?vue&type=script&lang=js&
<s> [webpack.Progress] 65% building 658/708 modules 50 active F:\springboot32e20828n\springboot32e20828n\src\main\resources\admin\node_modules\css-loader\dist\cjs.js??ref--8-oneOf-1-1!F:\springboot32e20828n\springboot32e20828n\src\main\resources\admin\node_modules\vue-loader\lib\loaders\stylePostLoader.js!F:\springboot32e20828n\springboot32e20828n\src\main\resources\admin\node_modules\postcss-loader\src\index.js??ref--8-oneOf-1-2!F:\springboot32e20828n\springboot32e20828n\src\main\resources\admin\node_modules\sass-loader\dist\cjs.js??ref--8-oneOf-1-3!F:\springboot32e20828n\springboot32e20828n\src\main\resources\admin\node_modules\cache-loader\dist\cjs.js??ref--0-0!F:\springboot32e20828n\springboot32e20828n\src\main\resources\admin\node_modules\vue-loader\lib\index.js??vue-loader-options!F:\springboot32e20828n\springboot32e20828n\src\main\resources\admin\src\views\update-password.vue?vue&type=style&index=0&id=467fc075&lang=scss&scoped=true&
<s> [webpack.Progress] 65% building 658/709 modules 51 active F:\springboot32e20828n\springboot32e20828n\src\main\resources\admin\node_modules\cache-loader\dist\cjs.js??ref--12-0!F:\springboot32e20828n\springboot32e20828n\src\main\resources\admin\node_modules\babel-loader\lib\index.js!F:\springboot32e20828n\springboot32e20828n\src\main\resources\admin\node_modules\cache-loader\dist\cjs.js??ref--0-0!F:\springboot32e20828n\springboot32e20828n\src\main\resources\admin\node_modules\vue-loader\lib\index.js??vue-loader-options!F:\springboot32e20828n\springboot32e20828n\src\main\resources\admin\src\views\update-password.vue?vue&type=script&lang=js&
<s> [webpack.Progress] 65% building 658/710 modules 52 active F:\springboot32e20828n\springboot32e20828n\src\main\resources\admin\node_modules\zrender\lib\graphic\Gradient.js
<s> [webpack.Progress] 65% building 658/711 modules 53 active F:\springboot32e20828n\springboot32e20828n\src\main\resources\admin\node_modules\vue-loader\lib\loaders\pitcher.js??ref--4!F:\springboot32e20828n\springboot32e20828n\src\main\resources\admin\node_modules\vue-style-loader\index.js??ref--8-oneOf-1-0!F:\springboot32e20828n\springboot32e20828n\src\main\resources\admin\node_modules\css-loader\dist\cjs.js??ref--8-oneOf-1-1!F:\springboot32e20828n\springboot32e20828n\src\main\resources\admin\node_modules\postcss-loader\src\index.js??ref--8-oneOf-1-2!F:\springboot32e20828n\springboot32e20828n\src\main\resources\admin\node_modules\sass-loader\dist\cjs.js??ref--8-oneOf-1-3!F:\springboot32e20828n\springboot32e20828n\src\main\resources\admin\node_modules\cache-loader\dist\cjs.js??ref--0-0!F:\springboot32e20828n\springboot32e20828n\src\main\resources\admin\node_modules\vue-loader\lib\index.js??vue-loader-options!F:\springboot32e20828n\springboot32e20828n\src\main\resources\admin\src\views\center.vue?vue&type=style&index=0&id=288a5f22&lang=scss&scoped=true&
<s> [webpack.Progress] 65% building 659/711 modules 52 active F:\springboot32e20828n\springboot32e20828n\src\main\resources\admin\node_modules\zrender\lib\graphic\Gradient.js
<s> [webpack.Progress] 65% building 659/712 modules 53 active F:\springboot32e20828n\springboot32e20828n\src\main\resources\admin\node_modules\vue-style-loader\index.js??ref--8-oneOf-1-0!F:\springboot32e20828n\springboot32e20828n\src\main\resources\admin\node_modules\css-loader\dist\cjs.js??ref--8-oneOf-1-1!F:\springboot32e20828n\springboot32e20828n\src\main\resources\admin\node_modules\vue-loader\lib\loaders\stylePostLoader.js!F:\springboot32e20828n\springboot32e20828n\src\main\resources\admin\node_modules\postcss-loader\src\index.js??ref--8-oneOf-1-2!F:\springboot32e20828n\springboot32e20828n\src\main\resources\admin\node_modules\sass-loader\dist\cjs.js??ref--8-oneOf-1-3!F:\springboot32e20828n\springboot32e20828n\src\main\resources\admin\node_modules\cache-loader\dist\cjs.js??ref--0-0!F:\springboot32e20828n\springboot32e20828n\src\main\resources\admin\node_modules\vue-loader\lib\index.js??vue-loader-options!F:\springboot32e20828n\springboot32e20828n\src\main\resources\admin\src\views\center.vue?vue&type=style&index=0&id=288a5f22&lang=scss&scoped=true&
<s> [webpack.Progress] 65% building 660/712 modules 52 active F:\springboot32e20828n\springboot32e20828n\src\main\resources\admin\node_modules\zrender\lib\graphic\Gradient.js
<s> [webpack.Progress] 65% building 660/713 modules 53 active F:\springboot32e20828n\springboot32e20828n\src\main\resources\admin\node_modules\css-loader\dist\cjs.js??ref--8-oneOf-1-1!F:\springboot32e20828n\springboot32e20828n\src\main\resources\admin\node_modules\vue-loader\lib\loaders\stylePostLoader.js!F:\springboot32e20828n\springboot32e20828n\src\main\resources\admin\node_modules\postcss-loader\src\index.js??ref--8-oneOf-1-2!F:\springboot32e20828n\springboot32e20828n\src\main\resources\admin\node_modules\sass-loader\dist\cjs.js??ref--8-oneOf-1-3!F:\springboot32e20828n\springboot32e20828n\src\main\resources\admin\node_modules\cache-loader\dist\cjs.js??ref--0-0!F:\springboot32e20828n\springboot32e20828n\src\main\resources\admin\node_modules\vue-loader\lib\index.js??vue-loader-options!F:\springboot32e20828n\springboot32e20828n\src\main\resources\admin\src\views\center.vue?vue&type=style&index=0&id=288a5f22&lang=scss&scoped=true&
<s> [webpack.Progress] 65% building 660/714 modules 54 active F:\springboot32e20828n\springboot32e20828n\src\main\resources\admin\node_modules\vue-loader\lib\loaders\pitcher.js??ref--4!F:\springboot32e20828n\springboot32e20828n\src\main\resources\admin\node_modules\cache-loader\dist\cjs.js??ref--12-0!F:\springboot32e20828n\springboot32e20828n\src\main\resources\admin\node_modules\babel-loader\lib\index.js!F:\springboot32e20828n\springboot32e20828n\src\main\resources\admin\node_modules\cache-loader\dist\cjs.js??ref--0-0!F:\springboot32e20828n\springboot32e20828n\src\main\resources\admin\node_modules\vue-loader\lib\index.js??vue-loader-options!F:\springboot32e20828n\springboot32e20828n\src\main\resources\admin\src\views\center.vue?vue&type=script&lang=js&
<s> [webpack.Progress] 65% building 661/714 modules 53 active F:\springboot32e20828n\springboot32e20828n\src\main\resources\admin\node_modules\css-loader\dist\cjs.js??ref--8-oneOf-1-1!F:\springboot32e20828n\springboot32e20828n\src\main\resources\admin\node_modules\vue-loader\lib\loaders\stylePostLoader.js!F:\springboot32e20828n\springboot32e20828n\src\main\resources\admin\node_modules\postcss-loader\src\index.js??ref--8-oneOf-1-2!F:\springboot32e20828n\springboot32e20828n\src\main\resources\admin\node_modules\sass-loader\dist\cjs.js??ref--8-oneOf-1-3!F:\springboot32e20828n\springboot32e20828n\src\main\resources\admin\node_modules\cache-loader\dist\cjs.js??ref--0-0!F:\springboot32e20828n\springboot32e20828n\src\main\resources\admin\node_modules\vue-loader\lib\index.js??vue-loader-options!F:\springboot32e20828n\springboot32e20828n\src\main\resources\admin\src\views\center.vue?vue&type=style&index=0&id=288a5f22&lang=scss&scoped=true&
<s> [webpack.Progress] 65% building 661/715 modules 54 active F:\springboot32e20828n\springboot32e20828n\src\main\resources\admin\node_modules\cache-loader\dist\cjs.js??ref--12-0!F:\springboot32e20828n\springboot32e20828n\src\main\resources\admin\node_modules\babel-loader\lib\index.js!F:\springboot32e20828n\springboot32e20828n\src\main\resources\admin\node_modules\cache-loader\dist\cjs.js??ref--0-0!F:\springboot32e20828n\springboot32e20828n\src\main\resources\admin\node_modules\vue-loader\lib\index.js??vue-loader-options!F:\springboot32e20828n\springboot32e20828n\src\main\resources\admin\src\views\center.vue?vue&type=script&lang=js&
<s> [webpack.Progress] 65% building 661/716 modules 55 active F:\springboot32e20828n\springboot32e20828n\src\main\resources\admin\node_modules\vue-loader\lib\loaders\pitcher.js??ref--4!F:\springboot32e20828n\springboot32e20828n\src\main\resources\admin\node_modules\vue-style-loader\index.js??ref--8-oneOf-1-0!F:\springboot32e20828n\springboot32e20828n\src\main\resources\admin\node_modules\css-loader\dist\cjs.js??ref--8-oneOf-1-1!F:\springboot32e20828n\springboot32e20828n\src\main\resources\admin\node_modules\postcss-loader\src\index.js??ref--8-oneOf-1-2!F:\springboot32e20828n\springboot32e20828n\src\main\resources\admin\node_modules\sass-loader\dist\cjs.js??ref--8-oneOf-1-3!F:\springboot32e20828n\springboot32e20828n\src\main\resources\admin\node_modules\cache-loader\dist\cjs.js??ref--0-0!F:\springboot32e20828n\springboot32e20828n\src\main\resources\admin\node_modules\vue-loader\lib\index.js??vue-loader-options!F:\springboot32e20828n\springboot32e20828n\src\main\resources\admin\src\views\pay.vue?vue&type=style&index=0&id=289a9a7e&lang=scss&scoped=true&
<s> [webpack.Progress] 65% building 662/716 modules 54 active F:\springboot32e20828n\springboot32e20828n\src\main\resources\admin\node_modules\cache-loader\dist\cjs.js??ref--12-0!F:\springboot32e20828n\springboot32e20828n\src\main\resources\admin\node_modules\babel-loader\lib\index.js!F:\springboot32e20828n\springboot32e20828n\src\main\resources\admin\node_modules\cache-loader\dist\cjs.js??ref--0-0!F:\springboot32e20828n\springboot32e20828n\src\main\resources\admin\node_modules\vue-loader\lib\index.js??vue-loader-options!F:\springboot32e20828n\springboot32e20828n\src\main\resources\admin\src\views\center.vue?vue&type=script&lang=js&
<s> [webpack.Progress] 65% building 662/717 modules 55 active F:\springboot32e20828n\springboot32e20828n\src\main\resources\admin\node_modules\vue-style-loader\index.js??ref--8-oneOf-1-0!F:\springboot32e20828n\springboot32e20828n\src\main\resources\admin\node_modules\css-loader\dist\cjs.js??ref--8-oneOf-1-1!F:\springboot32e20828n\springboot32e20828n\src\main\resources\admin\node_modules\vue-loader\lib\loaders\stylePostLoader.js!F:\springboot32e20828n\springboot32e20828n\src\main\resources\admin\node_modules\postcss-loader\src\index.js??ref--8-oneOf-1-2!F:\springboot32e20828n\springboot32e20828n\src\main\resources\admin\node_modules\sass-loader\dist\cjs.js??ref--8-oneOf-1-3!F:\springboot32e20828n\springboot32e20828n\src\main\resources\admin\node_modules\cache-loader\dist\cjs.js??ref--0-0!F:\springboot32e20828n\springboot32e20828n\src\main\resources\admin\node_modules\vue-loader\lib\index.js??vue-loader-options!F:\springboot32e20828n\springboot32e20828n\src\main\resources\admin\src\views\pay.vue?vue&type=style&index=0&id=289a9a7e&lang=scss&scoped=true&
<s> [webpack.Progress] 65% building 663/717 modules 54 active F:\springboot32e20828n\springboot32e20828n\src\main\resources\admin\node_modules\cache-loader\dist\cjs.js??ref--12-0!F:\springboot32e20828n\springboot32e20828n\src\main\resources\admin\node_modules\babel-loader\lib\index.js!F:\springboot32e20828n\springboot32e20828n\src\main\resources\admin\node_modules\cache-loader\dist\cjs.js??ref--0-0!F:\springboot32e20828n\springboot32e20828n\src\main\resources\admin\node_modules\vue-loader\lib\index.js??vue-loader-options!F:\springboot32e20828n\springboot32e20828n\src\main\resources\admin\src\views\center.vue?vue&type=script&lang=js&
<s> [webpack.Progress] 65% building 663/718 modules 55 active F:\springboot32e20828n\springboot32e20828n\src\main\resources\admin\node_modules\css-loader\dist\cjs.js??ref--8-oneOf-1-1!F:\springboot32e20828n\springboot32e20828n\src\main\resources\admin\node_modules\vue-loader\lib\loaders\stylePostLoader.js!F:\springboot32e20828n\springboot32e20828n\src\main\resources\admin\node_modules\postcss-loader\src\index.js??ref--8-oneOf-1-2!F:\springboot32e20828n\springboot32e20828n\src\main\resources\admin\node_modules\sass-loader\dist\cjs.js??ref--8-oneOf-1-3!F:\springboot32e20828n\springboot32e20828n\src\main\resources\admin\node_modules\cache-loader\dist\cjs.js??ref--0-0!F:\springboot32e20828n\springboot32e20828n\src\main\resources\admin\node_modules\vue-loader\lib\index.js??vue-loader-options!F:\springboot32e20828n\springboot32e20828n\src\main\resources\admin\src\views\pay.vue?vue&type=style&index=0&id=289a9a7e&lang=scss&scoped=true&
<s> [webpack.Progress] 65% building 663/719 modules 56 active F:\springboot32e20828n\springboot32e20828n\src\main\resources\admin\node_modules\zrender\node_modules\tslib\tslib.es6.js
<s> [webpack.Progress] 65% building 663/720 modules 57 active F:\springboot32e20828n\springboot32e20828n\src\main\resources\admin\node_modules\vue-loader\lib\loaders\pitcher.js??ref--4!F:\springboot32e20828n\springboot32e20828n\src\main\resources\admin\node_modules\cache-loader\dist\cjs.js??ref--12-0!F:\springboot32e20828n\springboot32e20828n\src\main\resources\admin\node_modules\babel-loader\lib\index.js!F:\springboot32e20828n\springboot32e20828n\src\main\resources\admin\node_modules\cache-loader\dist\cjs.js??ref--0-0!F:\springboot32e20828n\springboot32e20828n\src\main\resources\admin\node_modules\vue-loader\lib\index.js??vue-loader-options!F:\springboot32e20828n\springboot32e20828n\src\main\resources\admin\src\views\pay.vue?vue&type=script&lang=js&
<s> [webpack.Progress] 65% building 664/720 modules 56 active F:\springboot32e20828n\springboot32e20828n\src\main\resources\admin\node_modules\zrender\node_modules\tslib\tslib.es6.js
<s> [webpack.Progress] 65% building 664/721 modules 57 active F:\springboot32e20828n\springboot32e20828n\src\main\resources\admin\node_modules\vue-loader\lib\loaders\pitcher.js??ref--4!F:\springboot32e20828n\springboot32e20828n\src\main\resources\admin\node_modules\vue-style-loader\index.js??ref--8-oneOf-1-0!F:\springboot32e20828n\springboot32e20828n\src\main\resources\admin\node_modules\css-loader\dist\cjs.js??ref--8-oneOf-1-1!F:\springboot32e20828n\springboot32e20828n\src\main\resources\admin\node_modules\postcss-loader\src\index.js??ref--8-oneOf-1-2!F:\springboot32e20828n\springboot32e20828n\src\main\resources\admin\node_modules\sass-loader\dist\cjs.js??ref--8-oneOf-1-3!F:\springboot32e20828n\springboot32e20828n\src\main\resources\admin\node_modules\cache-loader\dist\cjs.js??ref--0-0!F:\springboot32e20828n\springboot32e20828n\src\main\resources\admin\node_modules\vue-loader\lib\index.js??vue-loader-options!F:\springboot32e20828n\springboot32e20828n\src\main\resources\admin\src\views\register.vue?vue&type=style&index=0&id=77453986&lang=scss&scoped=true&
<s> [webpack.Progress] 65% building 665/721 modules 56 active F:\springboot32e20828n\springboot32e20828n\src\main\resources\admin\node_modules\zrender\node_modules\tslib\tslib.es6.js
<s> [webpack.Progress] 65% building 665/722 modules 57 active F:\springboot32e20828n\springboot32e20828n\src\main\resources\admin\node_modules\vue-loader\lib\loaders\pitcher.js??ref--4!F:\springboot32e20828n\springboot32e20828n\src\main\resources\admin\node_modules\cache-loader\dist\cjs.js??ref--12-0!F:\springboot32e20828n\springboot32e20828n\src\main\resources\admin\node_modules\babel-loader\lib\index.js!F:\springboot32e20828n\springboot32e20828n\src\main\resources\admin\node_modules\cache-loader\dist\cjs.js??ref--0-0!F:\springboot32e20828n\springboot32e20828n\src\main\resources\admin\node_modules\vue-loader\lib\index.js??vue-loader-options!F:\springboot32e20828n\springboot32e20828n\src\main\resources\admin\src\views\register.vue?vue&type=script&lang=js&
<s> [webpack.Progress] 65% building 666/722 modules 56 active F:\springboot32e20828n\springboot32e20828n\src\main\resources\admin\node_modules\zrender\node_modules\tslib\tslib.es6.js
<s> [webpack.Progress] 65% building 666/723 modules 57 active F:\springboot32e20828n\springboot32e20828n\src\main\resources\admin\node_modules\vue-loader\lib\loaders\pitcher.js??ref--4!F:\springboot32e20828n\springboot32e20828n\src\main\resources\admin\node_modules\vue-style-loader\index.js??ref--8-oneOf-1-0!F:\springboot32e20828n\springboot32e20828n\src\main\resources\admin\node_modules\css-loader\dist\cjs.js??ref--8-oneOf-1-1!F:\springboot32e20828n\springboot32e20828n\src\main\resources\admin\node_modules\postcss-loader\src\index.js??ref--8-oneOf-1-2!F:\springboot32e20828n\springboot32e20828n\src\main\resources\admin\node_modules\sass-loader\dist\cjs.js??ref--8-oneOf-1-3!F:\springboot32e20828n\springboot32e20828n\src\main\resources\admin\node_modules\cache-loader\dist\cjs.js??ref--0-0!F:\springboot32e20828n\springboot32e20828n\src\main\resources\admin\node_modules\vue-loader\lib\index.js??vue-loader-options!F:\springboot32e20828n\springboot32e20828n\src\main\resources\admin\src\views\404.vue?vue&type=style&index=0&id=6b3aeb0e&lang=scss&scoped=true&
<s> [webpack.Progress] 65% building 667/723 modules 56 active F:\springboot32e20828n\springboot32e20828n\src\main\resources\admin\node_modules\zrender\node_modules\tslib\tslib.es6.js
<s> [webpack.Progress] 65% building 667/724 modules 57 active F:\springboot32e20828n\springboot32e20828n\src\main\resources\admin\node_modules\vue-loader\lib\loaders\pitcher.js??ref--4!F:\springboot32e20828n\springboot32e20828n\src\main\resources\admin\node_modules\cache-loader\dist\cjs.js??ref--12-0!F:\springboot32e20828n\springboot32e20828n\src\main\resources\admin\node_modules\babel-loader\lib\index.js!F:\springboot32e20828n\springboot32e20828n\src\main\resources\admin\node_modules\cache-loader\dist\cjs.js??ref--0-0!F:\springboot32e20828n\springboot32e20828n\src\main\resources\admin\node_modules\vue-loader\lib\index.js??vue-loader-options!F:\springboot32e20828n\springboot32e20828n\src\main\resources\admin\src\views\404.vue?vue&type=script&lang=js&
<s> [webpack.Progress] 65% building 668/724 modules 56 active F:\springboot32e20828n\springboot32e20828n\src\main\resources\admin\node_modules\zrender\node_modules\tslib\tslib.es6.js
<s> [webpack.Progress] 65% building 668/725 modules 57 active F:\springboot32e20828n\springboot32e20828n\src\main\resources\admin\node_modules\cache-loader\dist\cjs.js??ref--12-0!F:\springboot32e20828n\springboot32e20828n\src\main\resources\admin\node_modules\babel-loader\lib\index.js!F:\springboot32e20828n\springboot32e20828n\src\main\resources\admin\node_modules\cache-loader\dist\cjs.js??ref--0-0!F:\springboot32e20828n\springboot32e20828n\src\main\resources\admin\node_modules\vue-loader\lib\index.js??vue-loader-options!F:\springboot32e20828n\springboot32e20828n\src\main\resources\admin\src\views\pay.vue?vue&type=script&lang=js&
<s> [webpack.Progress] 65% building 668/726 modules 58 active F:\springboot32e20828n\springboot32e20828n\src\main\resources\admin\node_modules\vue-style-loader\index.js??ref--8-oneOf-1-0!F:\springboot32e20828n\springboot32e20828n\src\main\resources\admin\node_modules\css-loader\dist\cjs.js??ref--8-oneOf-1-1!F:\springboot32e20828n\springboot32e20828n\src\main\resources\admin\node_modules\vue-loader\lib\loaders\stylePostLoader.js!F:\springboot32e20828n\springboot32e20828n\src\main\resources\admin\node_modules\postcss-loader\src\index.js??ref--8-oneOf-1-2!F:\springboot32e20828n\springboot32e20828n\src\main\resources\admin\node_modules\sass-loader\dist\cjs.js??ref--8-oneOf-1-3!F:\springboot32e20828n\springboot32e20828n\src\main\resources\admin\node_modules\cache-loader\dist\cjs.js??ref--0-0!F:\springboot32e20828n\springboot32e20828n\src\main\resources\admin\node_modules\vue-loader\lib\index.js??vue-loader-options!F:\springboot32e20828n\springboot32e20828n\src\main\resources\admin\src\views\register.vue?vue&type=style&index=0&id=77453986&lang=scss&scoped=true&
<s> [webpack.Progress] 65% building 669/726 modules 57 active F:\springboot32e20828n\springboot32e20828n\src\main\resources\admin\node_modules\cache-loader\dist\cjs.js??ref--12-0!F:\springboot32e20828n\springboot32e20828n\src\main\resources\admin\node_modules\babel-loader\lib\index.js!F:\springboot32e20828n\springboot32e20828n\src\main\resources\admin\node_modules\cache-loader\dist\cjs.js??ref--0-0!F:\springboot32e20828n\springboot32e20828n\src\main\resources\admin\node_modules\vue-loader\lib\index.js??vue-loader-options!F:\springboot32e20828n\springboot32e20828n\src\main\resources\admin\src\views\pay.vue?vue&type=script&lang=js&
<s> [webpack.Progress] 65% building 669/727 modules 58 active F:\springboot32e20828n\springboot32e20828n\src\main\resources\admin\node_modules\cache-loader\dist\cjs.js??ref--12-0!F:\springboot32e20828n\springboot32e20828n\src\main\resources\admin\node_modules\babel-loader\lib\index.js!F:\springboot32e20828n\springboot32e20828n\src\main\resources\admin\node_modules\cache-loader\dist\cjs.js??ref--0-0!F:\springboot32e20828n\springboot32e20828n\src\main\resources\admin\node_modules\vue-loader\lib\index.js??vue-loader-options!F:\springboot32e20828n\springboot32e20828n\src\main\resources\admin\src\views\register.vue?vue&type=script&lang=js&
<s> [webpack.Progress] 65% building 669/728 modules 59 active F:\springboot32e20828n\springboot32e20828n\src\main\resources\admin\node_modules\vue-style-loader\index.js??ref--8-oneOf-1-0!F:\springboot32e20828n\springboot32e20828n\src\main\resources\admin\node_modules\css-loader\dist\cjs.js??ref--8-oneOf-1-1!F:\springboot32e20828n\springboot32e20828n\src\main\resources\admin\node_modules\vue-loader\lib\loaders\stylePostLoader.js!F:\springboot32e20828n\springboot32e20828n\src\main\resources\admin\node_modules\postcss-loader\src\index.js??ref--8-oneOf-1-2!F:\springboot32e20828n\springboot32e20828n\src\main\resources\admin\node_modules\sass-loader\dist\cjs.js??ref--8-oneOf-1-3!F:\springboot32e20828n\springboot32e20828n\src\main\resources\admin\node_modules\cache-loader\dist\cjs.js??ref--0-0!F:\springboot32e20828n\springboot32e20828n\src\main\resources\admin\node_modules\vue-loader\lib\index.js??vue-loader-options!F:\springboot32e20828n\springboot32e20828n\src\main\resources\admin\src\views\404.vue?vue&type=style&index=0&id=6b3aeb0e&lang=scss&scoped=true&
<s> [webpack.Progress] 65% building 670/728 modules 58 active F:\springboot32e20828n\springboot32e20828n\src\main\resources\admin\node_modules\cache-loader\dist\cjs.js??ref--12-0!F:\springboot32e20828n\springboot32e20828n\src\main\resources\admin\node_modules\babel-loader\lib\index.js!F:\springboot32e20828n\springboot32e20828n\src\main\resources\admin\node_modules\cache-loader\dist\cjs.js??ref--0-0!F:\springboot32e20828n\springboot32e20828n\src\main\resources\admin\node_modules\vue-loader\lib\index.js??vue-loader-options!F:\springboot32e20828n\springboot32e20828n\src\main\resources\admin\src\views\register.vue?vue&type=script&lang=js&
<s> [webpack.Progress] 65% building 670/729 modules 59 active F:\springboot32e20828n\springboot32e20828n\src\main\resources\admin\node_modules\cache-loader\dist\cjs.js??ref--12-0!F:\springboot32e20828n\springboot32e20828n\src\main\resources\admin\node_modules\babel-loader\lib\index.js!F:\springboot32e20828n\springboot32e20828n\src\main\resources\admin\node_modules\cache-loader\dist\cjs.js??ref--0-0!F:\springboot32e20828n\springboot32e20828n\src\main\resources\admin\node_modules\vue-loader\lib\index.js??vue-loader-options!F:\springboot32e20828n\springboot32e20828n\src\main\resources\admin\src\views\404.vue?vue&type=script&lang=js&
<s> [webpack.Progress] 65% building 670/730 modules 60 active F:\springboot32e20828n\springboot32e20828n\src\main\resources\admin\node_modules\vue-loader\lib\loaders\pitcher.js??ref--4!F:\springboot32e20828n\springboot32e20828n\src\main\resources\admin\node_modules\vue-style-loader\index.js??ref--8-oneOf-1-0!F:\springboot32e20828n\springboot32e20828n\src\main\resources\admin\node_modules\css-loader\dist\cjs.js??ref--8-oneOf-1-1!F:\springboot32e20828n\springboot32e20828n\src\main\resources\admin\node_modules\postcss-loader\src\index.js??ref--8-oneOf-1-2!F:\springboot32e20828n\springboot32e20828n\src\main\resources\admin\node_modules\sass-loader\dist\cjs.js??ref--8-oneOf-1-3!F:\springboot32e20828n\springboot32e20828n\src\main\resources\admin\node_modules\cache-loader\dist\cjs.js??ref--0-0!F:\springboot32e20828n\springboot32e20828n\src\main\resources\admin\node_modules\vue-loader\lib\index.js??vue-loader-options!F:\springboot32e20828n\springboot32e20828n\src\main\resources\admin\src\views\home.vue?vue&type=style&index=0&id=7eb2bc79&lang=scss&scoped=true&
<s> [webpack.Progress] 65% building 671/730 modules 59 active F:\springboot32e20828n\springboot32e20828n\src\main\resources\admin\node_modules\cache-loader\dist\cjs.js??ref--12-0!F:\springboot32e20828n\springboot32e20828n\src\main\resources\admin\node_modules\babel-loader\lib\index.js!F:\springboot32e20828n\springboot32e20828n\src\main\resources\admin\node_modules\cache-loader\dist\cjs.js??ref--0-0!F:\springboot32e20828n\springboot32e20828n\src\main\resources\admin\node_modules\vue-loader\lib\index.js??vue-loader-options!F:\springboot32e20828n\springboot32e20828n\src\main\resources\admin\src\views\404.vue?vue&type=script&lang=js&
<s> [webpack.Progress] 65% building 671/731 modules 60 active F:\springboot32e20828n\springboot32e20828n\src\main\resources\admin\node_modules\vue-loader\lib\loaders\pitcher.js??ref--4!F:\springboot32e20828n\springboot32e20828n\src\main\resources\admin\node_modules\cache-loader\dist\cjs.js??ref--12-0!F:\springboot32e20828n\springboot32e20828n\src\main\resources\admin\node_modules\babel-loader\lib\index.js!F:\springboot32e20828n\springboot32e20828n\src\main\resources\admin\node_modules\cache-loader\dist\cjs.js??ref--0-0!F:\springboot32e20828n\springboot32e20828n\src\main\resources\admin\node_modules\vue-loader\lib\index.js??vue-loader-options!F:\springboot32e20828n\springboot32e20828n\src\main\resources\admin\src\views\home.vue?vue&type=script&lang=js&
<s> [webpack.Progress] 65% building 672/731 modules 59 active F:\springboot32e20828n\springboot32e20828n\src\main\resources\admin\node_modules\cache-loader\dist\cjs.js??ref--12-0!F:\springboot32e20828n\springboot32e20828n\src\main\resources\admin\node_modules\babel-loader\lib\index.js!F:\springboot32e20828n\springboot32e20828n\src\main\resources\admin\node_modules\cache-loader\dist\cjs.js??ref--0-0!F:\springboot32e20828n\springboot32e20828n\src\main\resources\admin\node_modules\vue-loader\lib\index.js??vue-loader-options!F:\springboot32e20828n\springboot32e20828n\src\main\resources\admin\src\views\404.vue?vue&type=script&lang=js&
<s> [webpack.Progress] 65% building 672/732 modules 60 active F:\springboot32e20828n\springboot32e20828n\src\main\resources\admin\node_modules\css-loader\dist\cjs.js??ref--8-oneOf-1-1!F:\springboot32e20828n\springboot32e20828n\src\main\resources\admin\node_modules\vue-loader\lib\loaders\stylePostLoader.js!F:\springboot32e20828n\springboot32e20828n\src\main\resources\admin\node_modules\postcss-loader\src\index.js??ref--8-oneOf-1-2!F:\springboot32e20828n\springboot32e20828n\src\main\resources\admin\node_modules\sass-loader\dist\cjs.js??ref--8-oneOf-1-3!F:\springboot32e20828n\springboot32e20828n\src\main\resources\admin\node_modules\cache-loader\dist\cjs.js??ref--0-0!F:\springboot32e20828n\springboot32e20828n\src\main\resources\admin\node_modules\vue-loader\lib\index.js??vue-loader-options!F:\springboot32e20828n\springboot32e20828n\src\main\resources\admin\src\views\register.vue?vue&type=style&index=0&id=77453986&lang=scss&scoped=true&
<s> [webpack.Progress] 65% building 672/733 modules 61 active F:\springboot32e20828n\springboot32e20828n\src\main\resources\admin\node_modules\vue-loader\lib\loaders\pitcher.js??ref--4!F:\springboot32e20828n\springboot32e20828n\src\main\resources\admin\node_modules\vue-style-loader\index.js??ref--8-oneOf-1-0!F:\springboot32e20828n\springboot32e20828n\src\main\resources\admin\node_modules\css-loader\dist\cjs.js??ref--8-oneOf-1-1!F:\springboot32e20828n\springboot32e20828n\src\main\resources\admin\node_modules\postcss-loader\src\index.js??ref--8-oneOf-1-2!F:\springboot32e20828n\springboot32e20828n\src\main\resources\admin\node_modules\sass-loader\dist\cjs.js??ref--8-oneOf-1-3!F:\springboot32e20828n\springboot32e20828n\src\main\resources\admin\node_modules\cache-loader\dist\cjs.js??ref--0-0!F:\springboot32e20828n\springboot32e20828n\src\main\resources\admin\node_modules\vue-loader\lib\index.js??vue-loader-options!F:\springboot32e20828n\springboot32e20828n\src\main\resources\admin\src\views\login.vue?vue&type=style&index=0&id=7589b93f&lang=scss&scoped=true&
<s> [webpack.Progress] 65% building 673/733 modules 60 active F:\springboot32e20828n\springboot32e20828n\src\main\resources\admin\node_modules\css-loader\dist\cjs.js??ref--8-oneOf-1-1!F:\springboot32e20828n\springboot32e20828n\src\main\resources\admin\node_modules\vue-loader\lib\loaders\stylePostLoader.js!F:\springboot32e20828n\springboot32e20828n\src\main\resources\admin\node_modules\postcss-loader\src\index.js??ref--8-oneOf-1-2!F:\springboot32e20828n\springboot32e20828n\src\main\resources\admin\node_modules\sass-loader\dist\cjs.js??ref--8-oneOf-1-3!F:\springboot32e20828n\springboot32e20828n\src\main\resources\admin\node_modules\cache-loader\dist\cjs.js??ref--0-0!F:\springboot32e20828n\springboot32e20828n\src\main\resources\admin\node_modules\vue-loader\lib\index.js??vue-loader-options!F:\springboot32e20828n\springboot32e20828n\src\main\resources\admin\src\views\register.vue?vue&type=style&index=0&id=77453986&lang=scss&scoped=true&
<s> [webpack.Progress] 65% building 673/734 modules 61 active F:\springboot32e20828n\springboot32e20828n\src\main\resources\admin\node_modules\vue-loader\lib\loaders\pitcher.js??ref--4!F:\springboot32e20828n\springboot32e20828n\src\main\resources\admin\node_modules\cache-loader\dist\cjs.js??ref--12-0!F:\springboot32e20828n\springboot32e20828n\src\main\resources\admin\node_modules\babel-loader\lib\index.js!F:\springboot32e20828n\springboot32e20828n\src\main\resources\admin\node_modules\cache-loader\dist\cjs.js??ref--0-0!F:\springboot32e20828n\springboot32e20828n\src\main\resources\admin\node_modules\vue-loader\lib\index.js??vue-loader-options!F:\springboot32e20828n\springboot32e20828n\src\main\resources\admin\src\views\login.vue?vue&type=script&lang=js&
<s> [webpack.Progress] 65% building 674/734 modules 60 active F:\springboot32e20828n\springboot32e20828n\src\main\resources\admin\node_modules\css-loader\dist\cjs.js??ref--8-oneOf-1-1!F:\springboot32e20828n\springboot32e20828n\src\main\resources\admin\node_modules\vue-loader\lib\loaders\stylePostLoader.js!F:\springboot32e20828n\springboot32e20828n\src\main\resources\admin\node_modules\postcss-loader\src\index.js??ref--8-oneOf-1-2!F:\springboot32e20828n\springboot32e20828n\src\main\resources\admin\node_modules\sass-loader\dist\cjs.js??ref--8-oneOf-1-3!F:\springboot32e20828n\springboot32e20828n\src\main\resources\admin\node_modules\cache-loader\dist\cjs.js??ref--0-0!F:\springboot32e20828n\springboot32e20828n\src\main\resources\admin\node_modules\vue-loader\lib\index.js??vue-loader-options!F:\springboot32e20828n\springboot32e20828n\src\main\resources\admin\src\views\register.vue?vue&type=style&index=0&id=77453986&lang=scss&scoped=true&
<s> [webpack.Progress] 65% building 674/735 modules 61 active F:\springboot32e20828n\springboot32e20828n\src\main\resources\admin\node_modules\css-loader\dist\cjs.js??ref--8-oneOf-1-1!F:\springboot32e20828n\springboot32e20828n\src\main\resources\admin\node_modules\vue-loader\lib\loaders\stylePostLoader.js!F:\springboot32e20828n\springboot32e20828n\src\main\resources\admin\node_modules\postcss-loader\src\index.js??ref--8-oneOf-1-2!F:\springboot32e20828n\springboot32e20828n\src\main\resources\admin\node_modules\sass-loader\dist\cjs.js??ref--8-oneOf-1-3!F:\springboot32e20828n\springboot32e20828n\src\main\resources\admin\node_modules\cache-loader\dist\cjs.js??ref--0-0!F:\springboot32e20828n\springboot32e20828n\src\main\resources\admin\node_modules\vue-loader\lib\index.js??vue-loader-options!F:\springboot32e20828n\springboot32e20828n\src\main\resources\admin\src\views\404.vue?vue&type=style&index=0&id=6b3aeb0e&lang=scss&scoped=true&
<s> [webpack.Progress] 64% building 674/736 modules 62 active F:\springboot32e20828n\springboot32e20828n\src\main\resources\admin\node_modules\vue-style-loader\index.js??ref--8-oneOf-1-0!F:\springboot32e20828n\springboot32e20828n\src\main\resources\admin\node_modules\css-loader\dist\cjs.js??ref--8-oneOf-1-1!F:\springboot32e20828n\springboot32e20828n\src\main\resources\admin\node_modules\vue-loader\lib\loaders\stylePostLoader.js!F:\springboot32e20828n\springboot32e20828n\src\main\resources\admin\node_modules\postcss-loader\src\index.js??ref--8-oneOf-1-2!F:\springboot32e20828n\springboot32e20828n\src\main\resources\admin\node_modules\sass-loader\dist\cjs.js??ref--8-oneOf-1-3!F:\springboot32e20828n\springboot32e20828n\src\main\resources\admin\node_modules\cache-loader\dist\cjs.js??ref--0-0!F:\springboot32e20828n\springboot32e20828n\src\main\resources\admin\node_modules\vue-loader\lib\index.js??vue-loader-options!F:\springboot32e20828n\springboot32e20828n\src\main\resources\admin\src\views\home.vue?vue&type=style&index=0&id=7eb2bc79&lang=scss&scoped=true&
<s> [webpack.Progress] 65% building 675/736 modules 61 active F:\springboot32e20828n\springboot32e20828n\src\main\resources\admin\node_modules\css-loader\dist\cjs.js??ref--8-oneOf-1-1!F:\springboot32e20828n\springboot32e20828n\src\main\resources\admin\node_modules\vue-loader\lib\loaders\stylePostLoader.js!F:\springboot32e20828n\springboot32e20828n\src\main\resources\admin\node_modules\postcss-loader\src\index.js??ref--8-oneOf-1-2!F:\springboot32e20828n\springboot32e20828n\src\main\resources\admin\node_modules\sass-loader\dist\cjs.js??ref--8-oneOf-1-3!F:\springboot32e20828n\springboot32e20828n\src\main\resources\admin\node_modules\cache-loader\dist\cjs.js??ref--0-0!F:\springboot32e20828n\springboot32e20828n\src\main\resources\admin\node_modules\vue-loader\lib\index.js??vue-loader-options!F:\springboot32e20828n\springboot32e20828n\src\main\resources\admin\src\views\404.vue?vue&type=style&index=0&id=6b3aeb0e&lang=scss&scoped=true&
<s> [webpack.Progress] 64% building 675/737 modules 62 active F:\springboot32e20828n\springboot32e20828n\src\main\resources\admin\node_modules\cache-loader\dist\cjs.js??ref--12-0!F:\springboot32e20828n\springboot32e20828n\src\main\resources\admin\node_modules\babel-loader\lib\index.js!F:\springboot32e20828n\springboot32e20828n\src\main\resources\admin\node_modules\cache-loader\dist\cjs.js??ref--0-0!F:\springboot32e20828n\springboot32e20828n\src\main\resources\admin\node_modules\vue-loader\lib\index.js??vue-loader-options!F:\springboot32e20828n\springboot32e20828n\src\main\resources\admin\src\views\home.vue?vue&type=script&lang=js&
<s> [webpack.Progress] 64% building 675/738 modules 63 active F:\springboot32e20828n\springboot32e20828n\src\main\resources\admin\node_modules\vue-style-loader\index.js??ref--8-oneOf-1-0!F:\springboot32e20828n\springboot32e20828n\src\main\resources\admin\node_modules\css-loader\dist\cjs.js??ref--8-oneOf-1-1!F:\springboot32e20828n\springboot32e20828n\src\main\resources\admin\node_modules\vue-loader\lib\loaders\stylePostLoader.js!F:\springboot32e20828n\springboot32e20828n\src\main\resources\admin\node_modules\postcss-loader\src\index.js??ref--8-oneOf-1-2!F:\springboot32e20828n\springboot32e20828n\src\main\resources\admin\node_modules\sass-loader\dist\cjs.js??ref--8-oneOf-1-3!F:\springboot32e20828n\springboot32e20828n\src\main\resources\admin\node_modules\cache-loader\dist\cjs.js??ref--0-0!F:\springboot32e20828n\springboot32e20828n\src\main\resources\admin\node_modules\vue-loader\lib\index.js??vue-loader-options!F:\springboot32e20828n\springboot32e20828n\src\main\resources\admin\src\views\login.vue?vue&type=style&index=0&id=7589b93f&lang=scss&scoped=true&
<s> [webpack.Progress] 64% building 676/738 modules 62 active F:\springboot32e20828n\springboot32e20828n\src\main\resources\admin\node_modules\cache-loader\dist\cjs.js??ref--12-0!F:\springboot32e20828n\springboot32e20828n\src\main\resources\admin\node_modules\babel-loader\lib\index.js!F:\springboot32e20828n\springboot32e20828n\src\main\resources\admin\node_modules\cache-loader\dist\cjs.js??ref--0-0!F:\springboot32e20828n\springboot32e20828n\src\main\resources\admin\node_modules\vue-loader\lib\index.js??vue-loader-options!F:\springboot32e20828n\springboot32e20828n\src\main\resources\admin\src\views\home.vue?vue&type=script&lang=js&
<s> [webpack.Progress] 64% building 676/739 modules 63 active F:\springboot32e20828n\springboot32e20828n\src\main\resources\admin\node_modules\cache-loader\dist\cjs.js??ref--12-0!F:\springboot32e20828n\springboot32e20828n\src\main\resources\admin\node_modules\babel-loader\lib\index.js!F:\springboot32e20828n\springboot32e20828n\src\main\resources\admin\node_modules\cache-loader\dist\cjs.js??ref--0-0!F:\springboot32e20828n\springboot32e20828n\src\main\resources\admin\node_modules\vue-loader\lib\index.js??vue-loader-options!F:\springboot32e20828n\springboot32e20828n\src\main\resources\admin\src\views\login.vue?vue&type=script&lang=js&
<s> [webpack.Progress] 64% building 676/740 modules 64 active F:\springboot32e20828n\springboot32e20828n\src\main\resources\admin\node_modules\css-loader\dist\cjs.js??ref--8-oneOf-1-1!F:\springboot32e20828n\springboot32e20828n\src\main\resources\admin\node_modules\vue-loader\lib\loaders\stylePostLoader.js!F:\springboot32e20828n\springboot32e20828n\src\main\resources\admin\node_modules\postcss-loader\src\index.js??ref--8-oneOf-1-2!F:\springboot32e20828n\springboot32e20828n\src\main\resources\admin\node_modules\sass-loader\dist\cjs.js??ref--8-oneOf-1-3!F:\springboot32e20828n\springboot32e20828n\src\main\resources\admin\node_modules\cache-loader\dist\cjs.js??ref--0-0!F:\springboot32e20828n\springboot32e20828n\src\main\resources\admin\node_modules\vue-loader\lib\index.js??vue-loader-options!F:\springboot32e20828n\springboot32e20828n\src\main\resources\admin\src\views\home.vue?vue&type=style&index=0&id=7eb2bc79&lang=scss&scoped=true&
<s> [webpack.Progress] 64% building 676/741 modules 65 active F:\springboot32e20828n\springboot32e20828n\src\main\resources\admin\node_modules\vue-loader\lib\loaders\pitcher.js??ref--4!F:\springboot32e20828n\springboot32e20828n\src\main\resources\admin\node_modules\vue-style-loader\index.js??ref--8-oneOf-1-0!F:\springboot32e20828n\springboot32e20828n\src\main\resources\admin\node_modules\css-loader\dist\cjs.js??ref--8-oneOf-1-1!F:\springboot32e20828n\springboot32e20828n\src\main\resources\admin\node_modules\postcss-loader\src\index.js??ref--8-oneOf-1-2!F:\springboot32e20828n\springboot32e20828n\src\main\resources\admin\node_modules\sass-loader\dist\cjs.js??ref--8-oneOf-1-3!F:\springboot32e20828n\springboot32e20828n\src\main\resources\admin\node_modules\cache-loader\dist\cjs.js??ref--0-0!F:\springboot32e20828n\springboot32e20828n\src\main\resources\admin\node_modules\vue-loader\lib\index.js??vue-loader-options!F:\springboot32e20828n\springboot32e20828n\src\main\resources\admin\src\views\index.vue?vue&type=style&index=0&id=a83bd3b0&lang=scss&scoped=true&
<s> [webpack.Progress] 64% building 677/741 modules 64 active F:\springboot32e20828n\springboot32e20828n\src\main\resources\admin\node_modules\css-loader\dist\cjs.js??ref--8-oneOf-1-1!F:\springboot32e20828n\springboot32e20828n\src\main\resources\admin\node_modules\vue-loader\lib\loaders\stylePostLoader.js!F:\springboot32e20828n\springboot32e20828n\src\main\resources\admin\node_modules\postcss-loader\src\index.js??ref--8-oneOf-1-2!F:\springboot32e20828n\springboot32e20828n\src\main\resources\admin\node_modules\sass-loader\dist\cjs.js??ref--8-oneOf-1-3!F:\springboot32e20828n\springboot32e20828n\src\main\resources\admin\node_modules\cache-loader\dist\cjs.js??ref--0-0!F:\springboot32e20828n\springboot32e20828n\src\main\resources\admin\node_modules\vue-loader\lib\index.js??vue-loader-options!F:\springboot32e20828n\springboot32e20828n\src\main\resources\admin\src\views\home.vue?vue&type=style&index=0&id=7eb2bc79&lang=scss&scoped=true&
<s> [webpack.Progress] 64% building 677/742 modules 65 active F:\springboot32e20828n\springboot32e20828n\src\main\resources\admin\node_modules\vue-loader\lib\loaders\pitcher.js??ref--4!F:\springboot32e20828n\springboot32e20828n\src\main\resources\admin\node_modules\cache-loader\dist\cjs.js??ref--12-0!F:\springboot32e20828n\springboot32e20828n\src\main\resources\admin\node_modules\babel-loader\lib\index.js!F:\springboot32e20828n\springboot32e20828n\src\main\resources\admin\node_modules\cache-loader\dist\cjs.js??ref--0-0!F:\springboot32e20828n\springboot32e20828n\src\main\resources\admin\node_modules\vue-loader\lib\index.js??vue-loader-options!F:\springboot32e20828n\springboot32e20828n\src\main\resources\admin\src\views\index.vue?vue&type=script&lang=js&
<s> [webpack.Progress] 64% building 678/742 modules 64 active F:\springboot32e20828n\springboot32e20828n\src\main\resources\admin\node_modules\css-loader\dist\cjs.js??ref--8-oneOf-1-1!F:\springboot32e20828n\springboot32e20828n\src\main\resources\admin\node_modules\vue-loader\lib\loaders\stylePostLoader.js!F:\springboot32e20828n\springboot32e20828n\src\main\resources\admin\node_modules\postcss-loader\src\index.js??ref--8-oneOf-1-2!F:\springboot32e20828n\springboot32e20828n\src\main\resources\admin\node_modules\sass-loader\dist\cjs.js??ref--8-oneOf-1-3!F:\springboot32e20828n\springboot32e20828n\src\main\resources\admin\node_modules\cache-loader\dist\cjs.js??ref--0-0!F:\springboot32e20828n\springboot32e20828n\src\main\resources\admin\node_modules\vue-loader\lib\index.js??vue-loader-options!F:\springboot32e20828n\springboot32e20828n\src\main\resources\admin\src\views\home.vue?vue&type=style&index=0&id=7eb2bc79&lang=scss&scoped=true&
<s> [webpack.Progress] 64% building 678/743 modules 65 active F:\springboot32e20828n\springboot32e20828n\src\main\resources\admin\node_modules\css-loader\dist\cjs.js??ref--8-oneOf-1-1!F:\springboot32e20828n\springboot32e20828n\src\main\resources\admin\node_modules\vue-loader\lib\loaders\stylePostLoader.js!F:\springboot32e20828n\springboot32e20828n\src\main\resources\admin\node_modules\postcss-loader\src\index.js??ref--8-oneOf-1-2!F:\springboot32e20828n\springboot32e20828n\src\main\resources\admin\node_modules\sass-loader\dist\cjs.js??ref--8-oneOf-1-3!F:\springboot32e20828n\springboot32e20828n\src\main\resources\admin\node_modules\cache-loader\dist\cjs.js??ref--0-0!F:\springboot32e20828n\springboot32e20828n\src\main\resources\admin\node_modules\vue-loader\lib\index.js??vue-loader-options!F:\springboot32e20828n\springboot32e20828n\src\main\resources\admin\src\views\login.vue?vue&type=style&index=0&id=7589b93f&lang=scss&scoped=true&
<s> [webpack.Progress] 64% building 678/744 modules 66 active F:\springboot32e20828n\springboot32e20828n\src\main\resources\admin\node_modules\vue-style-loader\index.js??ref--8-oneOf-1-0!F:\springboot32e20828n\springboot32e20828n\src\main\resources\admin\node_modules\css-loader\dist\cjs.js??ref--8-oneOf-1-1!F:\springboot32e20828n\springboot32e20828n\src\main\resources\admin\node_modules\vue-loader\lib\loaders\stylePostLoader.js!F:\springboot32e20828n\springboot32e20828n\src\main\resources\admin\node_modules\postcss-loader\src\index.js??ref--8-oneOf-1-2!F:\springboot32e20828n\springboot32e20828n\src\main\resources\admin\node_modules\sass-loader\dist\cjs.js??ref--8-oneOf-1-3!F:\springboot32e20828n\springboot32e20828n\src\main\resources\admin\node_modules\cache-loader\dist\cjs.js??ref--0-0!F:\springboot32e20828n\springboot32e20828n\src\main\resources\admin\node_modules\vue-loader\lib\index.js??vue-loader-options!F:\springboot32e20828n\springboot32e20828n\src\main\resources\admin\src\views\index.vue?vue&type=style&index=0&id=a83bd3b0&lang=scss&scoped=true&
<s> [webpack.Progress] 64% building 679/744 modules 65 active F:\springboot32e20828n\springboot32e20828n\src\main\resources\admin\node_modules\css-loader\dist\cjs.js??ref--8-oneOf-1-1!F:\springboot32e20828n\springboot32e20828n\src\main\resources\admin\node_modules\vue-loader\lib\loaders\stylePostLoader.js!F:\springboot32e20828n\springboot32e20828n\src\main\resources\admin\node_modules\postcss-loader\src\index.js??ref--8-oneOf-1-2!F:\springboot32e20828n\springboot32e20828n\src\main\resources\admin\node_modules\sass-loader\dist\cjs.js??ref--8-oneOf-1-3!F:\springboot32e20828n\springboot32e20828n\src\main\resources\admin\node_modules\cache-loader\dist\cjs.js??ref--0-0!F:\springboot32e20828n\springboot32e20828n\src\main\resources\admin\node_modules\vue-loader\lib\index.js??vue-loader-options!F:\springboot32e20828n\springboot32e20828n\src\main\resources\admin\src\views\login.vue?vue&type=style&index=0&id=7589b93f&lang=scss&scoped=true&
<s> [webpack.Progress] 64% building 679/745 modules 66 active F:\springboot32e20828n\springboot32e20828n\src\main\resources\admin\node_modules\cache-loader\dist\cjs.js??ref--12-0!F:\springboot32e20828n\springboot32e20828n\src\main\resources\admin\node_modules\babel-loader\lib\index.js!F:\springboot32e20828n\springboot32e20828n\src\main\resources\admin\node_modules\cache-loader\dist\cjs.js??ref--0-0!F:\springboot32e20828n\springboot32e20828n\src\main\resources\admin\node_modules\vue-loader\lib\index.js??vue-loader-options!F:\springboot32e20828n\springboot32e20828n\src\main\resources\admin\src\views\index.vue?vue&type=script&lang=js&
<s> [webpack.Progress] 64% building 679/746 modules 67 active F:\springboot32e20828n\springboot32e20828n\src\main\resources\admin\node_modules\css-loader\dist\cjs.js??ref--8-oneOf-1-1!F:\springboot32e20828n\springboot32e20828n\src\main\resources\admin\node_modules\vue-loader\lib\loaders\stylePostLoader.js!F:\springboot32e20828n\springboot32e20828n\src\main\resources\admin\node_modules\postcss-loader\src\index.js??ref--8-oneOf-1-2!F:\springboot32e20828n\springboot32e20828n\src\main\resources\admin\node_modules\sass-loader\dist\cjs.js??ref--8-oneOf-1-3!F:\springboot32e20828n\springboot32e20828n\src\main\resources\admin\node_modules\cache-loader\dist\cjs.js??ref--0-0!F:\springboot32e20828n\springboot32e20828n\src\main\resources\admin\node_modules\vue-loader\lib\index.js??vue-loader-options!F:\springboot32e20828n\springboot32e20828n\src\main\resources\admin\src\views\index.vue?vue&type=style&index=0&id=a83bd3b0&lang=scss&scoped=true&
<s> [webpack.Progress] 64% building 680/746 modules 66 active F:\springboot32e20828n\springboot32e20828n\src\main\resources\admin\node_modules\css-loader\dist\cjs.js??ref--8-oneOf-1-1!F:\springboot32e20828n\springboot32e20828n\src\main\resources\admin\node_modules\vue-loader\lib\loaders\stylePostLoader.js!F:\springboot32e20828n\springboot32e20828n\src\main\resources\admin\node_modules\postcss-loader\src\index.js??ref--8-oneOf-1-2!F:\springboot32e20828n\springboot32e20828n\src\main\resources\admin\node_modules\sass-loader\dist\cjs.js??ref--8-oneOf-1-3!F:\springboot32e20828n\springboot32e20828n\src\main\resources\admin\node_modules\cache-loader\dist\cjs.js??ref--0-0!F:\springboot32e20828n\springboot32e20828n\src\main\resources\admin\node_modules\vue-loader\lib\index.js??vue-loader-options!F:\springboot32e20828n\springboot32e20828n\src\main\resources\admin\src\views\index.vue?vue&type=style&index=0&id=a83bd3b0&lang=scss&scoped=true&
<s> [webpack.Progress] 64% building 681/746 modules 65 active F:\springboot32e20828n\springboot32e20828n\src\main\resources\admin\node_modules\css-loader\dist\cjs.js??ref--8-oneOf-1-1!F:\springboot32e20828n\springboot32e20828n\src\main\resources\admin\node_modules\vue-loader\lib\loaders\stylePostLoader.js!F:\springboot32e20828n\springboot32e20828n\src\main\resources\admin\node_modules\postcss-loader\src\index.js??ref--8-oneOf-1-2!F:\springboot32e20828n\springboot32e20828n\src\main\resources\admin\node_modules\sass-loader\dist\cjs.js??ref--8-oneOf-1-3!F:\springboot32e20828n\springboot32e20828n\src\main\resources\admin\node_modules\cache-loader\dist\cjs.js??ref--0-0!F:\springboot32e20828n\springboot32e20828n\src\main\resources\admin\node_modules\vue-loader\lib\index.js??vue-loader-options!F:\springboot32e20828n\springboot32e20828n\src\main\resources\admin\src\views\index.vue?vue&type=style&index=0&id=a83bd3b0&lang=scss&scoped=true&
<s> [webpack.Progress] 64% building 682/746 modules 64 active F:\springboot32e20828n\springboot32e20828n\src\main\resources\admin\node_modules\css-loader\dist\cjs.js??ref--8-oneOf-1-1!F:\springboot32e20828n\springboot32e20828n\src\main\resources\admin\node_modules\vue-loader\lib\loaders\stylePostLoader.js!F:\springboot32e20828n\springboot32e20828n\src\main\resources\admin\node_modules\postcss-loader\src\index.js??ref--8-oneOf-1-2!F:\springboot32e20828n\springboot32e20828n\src\main\resources\admin\node_modules\sass-loader\dist\cjs.js??ref--8-oneOf-1-3!F:\springboot32e20828n\springboot32e20828n\src\main\resources\admin\node_modules\cache-loader\dist\cjs.js??ref--0-0!F:\springboot32e20828n\springboot32e20828n\src\main\resources\admin\node_modules\vue-loader\lib\index.js??vue-loader-options!F:\springboot32e20828n\springboot32e20828n\src\main\resources\admin\src\views\index.vue?vue&type=style&index=0&id=a83bd3b0&lang=scss&scoped=true&
<s> [webpack.Progress] 64% building 683/746 modules 63 active F:\springboot32e20828n\springboot32e20828n\src\main\resources\admin\node_modules\css-loader\dist\cjs.js??ref--8-oneOf-1-1!F:\springboot32e20828n\springboot32e20828n\src\main\resources\admin\node_modules\vue-loader\lib\loaders\stylePostLoader.js!F:\springboot32e20828n\springboot32e20828n\src\main\resources\admin\node_modules\postcss-loader\src\index.js??ref--8-oneOf-1-2!F:\springboot32e20828n\springboot32e20828n\src\main\resources\admin\node_modules\sass-loader\dist\cjs.js??ref--8-oneOf-1-3!F:\springboot32e20828n\springboot32e20828n\src\main\resources\admin\node_modules\cache-loader\dist\cjs.js??ref--0-0!F:\springboot32e20828n\springboot32e20828n\src\main\resources\admin\node_modules\vue-loader\lib\index.js??vue-loader-options!F:\springboot32e20828n\springboot32e20828n\src\main\resources\admin\src\views\index.vue?vue&type=style&index=0&id=a83bd3b0&lang=scss&scoped=true&
<s> [webpack.Progress] 65% building 684/746 modules 62 active F:\springboot32e20828n\springboot32e20828n\src\main\resources\admin\node_modules\css-loader\dist\cjs.js??ref--8-oneOf-1-1!F:\springboot32e20828n\springboot32e20828n\src\main\resources\admin\node_modules\vue-loader\lib\loaders\stylePostLoader.js!F:\springboot32e20828n\springboot32e20828n\src\main\resources\admin\node_modules\postcss-loader\src\index.js??ref--8-oneOf-1-2!F:\springboot32e20828n\springboot32e20828n\src\main\resources\admin\node_modules\sass-loader\dist\cjs.js??ref--8-oneOf-1-3!F:\springboot32e20828n\springboot32e20828n\src\main\resources\admin\node_modules\cache-loader\dist\cjs.js??ref--0-0!F:\springboot32e20828n\springboot32e20828n\src\main\resources\admin\node_modules\vue-loader\lib\index.js??vue-loader-options!F:\springboot32e20828n\springboot32e20828n\src\main\resources\admin\src\views\index.vue?vue&type=style&index=0&id=a83bd3b0&lang=scss&scoped=true&
<s> [webpack.Progress] 65% building 685/746 modules 61 active F:\springboot32e20828n\springboot32e20828n\src\main\resources\admin\node_modules\css-loader\dist\cjs.js??ref--8-oneOf-1-1!F:\springboot32e20828n\springboot32e20828n\src\main\resources\admin\node_modules\vue-loader\lib\loaders\stylePostLoader.js!F:\springboot32e20828n\springboot32e20828n\src\main\resources\admin\node_modules\postcss-loader\src\index.js??ref--8-oneOf-1-2!F:\springboot32e20828n\springboot32e20828n\src\main\resources\admin\node_modules\sass-loader\dist\cjs.js??ref--8-oneOf-1-3!F:\springboot32e20828n\springboot32e20828n\src\main\resources\admin\node_modules\cache-loader\dist\cjs.js??ref--0-0!F:\springboot32e20828n\springboot32e20828n\src\main\resources\admin\node_modules\vue-loader\lib\index.js??vue-loader-options!F:\springboot32e20828n\springboot32e20828n\src\main\resources\admin\src\views\index.vue?vue&type=style&index=0&id=a83bd3b0&lang=scss&scoped=true&
<s> [webpack.Progress] 65% building 685/747 modules 62 active F:\springboot32e20828n\springboot32e20828n\src\main\resources\admin\node_modules\echarts\lib\data\SeriesData.js
<s> [webpack.Progress] 65% building 686/747 modules 61 active F:\springboot32e20828n\springboot32e20828n\src\main\resources\admin\node_modules\echarts\lib\data\SeriesData.js
<s> [webpack.Progress] 65% building 687/747 modules 60 active F:\springboot32e20828n\springboot32e20828n\src\main\resources\admin\node_modules\echarts\lib\data\SeriesData.js
<s> [webpack.Progress] 65% building 688/747 modules 59 active F:\springboot32e20828n\springboot32e20828n\src\main\resources\admin\node_modules\echarts\lib\data\SeriesData.js
<s> [webpack.Progress] 65% building 688/748 modules 60 active F:\springboot32e20828n\springboot32e20828n\src\main\resources\admin\node_modules\echarts\lib\coord\Axis.js
<s> [webpack.Progress] 65% building 688/749 modules 61 active F:\springboot32e20828n\springboot32e20828n\src\main\resources\admin\node_modules\babel-runtime\core-js\symbol.js
<s> [webpack.Progress] 65% building 688/750 modules 62 active F:\springboot32e20828n\springboot32e20828n\src\main\resources\admin\node_modules\babel-runtime\core-js\symbol\iterator.js
<s> [webpack.Progress] 64% building 688/751 modules 63 active F:\springboot32e20828n\springboot32e20828n\src\main\resources\admin\node_modules\babel-runtime\core-js\object\assign.js
<s> [webpack.Progress] 64% building 688/752 modules 64 active F:\springboot32e20828n\springboot32e20828n\src\main\resources\admin\node_modules\echarts\lib\export\api\util.js
<s> [webpack.Progress] 64% building 688/753 modules 65 active F:\springboot32e20828n\springboot32e20828n\src\main\resources\admin\node_modules\echarts\lib\export\api\graphic.js
<s> [webpack.Progress] 64% building 688/754 modules 66 active F:\springboot32e20828n\springboot32e20828n\src\main\resources\admin\node_modules\echarts\lib\export\api\format.js
<s> [webpack.Progress] 64% building 688/755 modules 67 active F:\springboot32e20828n\springboot32e20828n\src\main\resources\admin\node_modules\echarts\lib\export\api\time.js
<s> [webpack.Progress] 64% building 688/756 modules 68 active F:\springboot32e20828n\springboot32e20828n\src\main\resources\admin\node_modules\echarts\lib\export\api\number.js
<s> [webpack.Progress] 64% building 688/757 modules 69 active F:\springboot32e20828n\springboot32e20828n\src\main\resources\admin\node_modules\echarts\lib\export\api\helper.js
<s> [webpack.Progress] 64% building 689/757 modules 68 active F:\springboot32e20828n\springboot32e20828n\src\main\resources\admin\node_modules\echarts\lib\export\api\helper.js
<s> [webpack.Progress] 64% building 690/757 modules 67 active F:\springboot32e20828n\springboot32e20828n\src\main\resources\admin\node_modules\echarts\lib\export\api\helper.js
<s> [webpack.Progress] 64% building 691/757 modules 66 active F:\springboot32e20828n\springboot32e20828n\src\main\resources\admin\node_modules\echarts\lib\export\api\helper.js
<s> [webpack.Progress] 64% building 692/757 modules 65 active F:\springboot32e20828n\springboot32e20828n\src\main\resources\admin\node_modules\echarts\lib\export\api\helper.js
<s> [webpack.Progress] 64% building 693/757 modules 64 active F:\springboot32e20828n\springboot32e20828n\src\main\resources\admin\node_modules\echarts\lib\export\api\helper.js
<s> [webpack.Progress] 65% building 694/757 modules 63 active F:\springboot32e20828n\springboot32e20828n\src\main\resources\admin\node_modules\echarts\lib\export\api\helper.js
<s> [webpack.Progress] 65% building 695/757 modules 62 active F:\springboot32e20828n\springboot32e20828n\src\main\resources\admin\node_modules\echarts\lib\export\api\helper.js
<s> [webpack.Progress] 65% building 696/757 modules 61 active F:\springboot32e20828n\springboot32e20828n\src\main\resources\admin\node_modules\echarts\lib\export\api\helper.js
<s> [webpack.Progress] 65% building 697/757 modules 60 active F:\springboot32e20828n\springboot32e20828n\src\main\resources\admin\node_modules\echarts\lib\export\api\helper.js
<s> [webpack.Progress] 65% building 698/757 modules 59 active F:\springboot32e20828n\springboot32e20828n\src\main\resources\admin\node_modules\echarts\lib\export\api\helper.js
<s> [webpack.Progress] 65% building 699/757 modules 58 active F:\springboot32e20828n\springboot32e20828n\src\main\resources\admin\node_modules\echarts\lib\export\api\helper.js
<s> [webpack.Progress] 65% building 700/757 modules 57 active F:\springboot32e20828n\springboot32e20828n\src\main\resources\admin\node_modules\echarts\lib\export\api\helper.js
<s> [webpack.Progress] 65% building 701/757 modules 56 active F:\springboot32e20828n\springboot32e20828n\src\main\resources\admin\node_modules\echarts\lib\export\api\helper.js
<s> [webpack.Progress] 65% building 702/757 modules 55 active F:\springboot32e20828n\springboot32e20828n\src\main\resources\admin\node_modules\echarts\lib\export\api\helper.js
<s> [webpack.Progress] 65% building 703/757 modules 54 active F:\springboot32e20828n\springboot32e20828n\src\main\resources\admin\node_modules\echarts\lib\export\api\helper.js
<s> [webpack.Progress] 65% building 704/757 modules 53 active F:\springboot32e20828n\springboot32e20828n\src\main\resources\admin\node_modules\echarts\lib\export\api\helper.js
<s> [webpack.Progress] 65% building 705/757 modules 52 active F:\springboot32e20828n\springboot32e20828n\src\main\resources\admin\node_modules\echarts\lib\export\api\helper.js
<s> [webpack.Progress] 65% building 706/757 modules 51 active F:\springboot32e20828n\springboot32e20828n\src\main\resources\admin\node_modules\echarts\lib\export\api\helper.js
<s> [webpack.Progress] 66% building 707/757 modules 50 active F:\springboot32e20828n\springboot32e20828n\src\main\resources\admin\node_modules\echarts\lib\export\api\helper.js
<s> [webpack.Progress] 66% building 708/757 modules 49 active F:\springboot32e20828n\springboot32e20828n\src\main\resources\admin\node_modules\echarts\lib\export\api\helper.js
<s> [webpack.Progress] 66% building 709/757 modules 48 active F:\springboot32e20828n\springboot32e20828n\src\main\resources\admin\node_modules\echarts\lib\export\api\helper.js
<s> [webpack.Progress] 66% building 710/757 modules 47 active F:\springboot32e20828n\springboot32e20828n\src\main\resources\admin\node_modules\echarts\lib\export\api\helper.js
<s> [webpack.Progress] 66% building 711/757 modules 46 active F:\springboot32e20828n\springboot32e20828n\src\main\resources\admin\node_modules\echarts\lib\export\api\helper.js
<s> [webpack.Progress] 66% building 712/757 modules 45 active F:\springboot32e20828n\springboot32e20828n\src\main\resources\admin\node_modules\echarts\lib\export\api\helper.js
<s> [webpack.Progress] 66% building 713/757 modules 44 active F:\springboot32e20828n\springboot32e20828n\src\main\resources\admin\node_modules\echarts\lib\export\api\helper.js
<s> [webpack.Progress] 66% building 714/757 modules 43 active F:\springboot32e20828n\springboot32e20828n\src\main\resources\admin\node_modules\echarts\lib\export\api\helper.js
<s> [webpack.Progress] 66% building 715/757 modules 42 active F:\springboot32e20828n\springboot32e20828n\src\main\resources\admin\node_modules\echarts\lib\export\api\helper.js
<s> [webpack.Progress] 66% building 716/757 modules 41 active F:\springboot32e20828n\springboot32e20828n\src\main\resources\admin\node_modules\echarts\lib\export\api\helper.js
<s> [webpack.Progress] 66% building 716/758 modules 42 active F:\springboot32e20828n\springboot32e20828n\src\main\resources\admin\node_modules\element-ui\lib\utils\scroll-into-view.js
<s> [webpack.Progress] 66% building 716/759 modules 43 active F:\springboot32e20828n\springboot32e20828n\src\main\resources\admin\node_modules\echarts\lib\coord\geo\parseGeoJson.js
<s> [webpack.Progress] 66% building 716/760 modules 44 active F:\springboot32e20828n\springboot32e20828n\src\main\resources\admin\node_modules\element-ui\lib\checkbox.js
<s> [webpack.Progress] 66% building 716/761 modules 45 active F:\springboot32e20828n\springboot32e20828n\src\main\resources\admin\node_modules\echarts\lib\chart\helper\createRenderPlanner.js
<s> [webpack.Progress] 66% building 717/761 modules 44 active F:\springboot32e20828n\springboot32e20828n\src\main\resources\admin\node_modules\echarts\lib\chart\helper\createRenderPlanner.js
<s> [webpack.Progress] 66% building 717/762 modules 45 active F:\springboot32e20828n\springboot32e20828n\src\main\resources\admin\node_modules\echarts\lib\preprocessor\helper\compatStyle.js
<s> [webpack.Progress] 66% building 717/763 modules 46 active F:\springboot32e20828n\springboot32e20828n\src\main\resources\admin\node_modules\vue-style-loader\index.js??ref--6-oneOf-3-0!F:\springboot32e20828n\springboot32e20828n\src\main\resources\admin\node_modules\css-loader\dist\cjs.js??ref--6-oneOf-3-1!F:\springboot32e20828n\springboot32e20828n\src\main\resources\admin\node_modules\postcss-loader\src\index.js??ref--6-oneOf-3-2!F:\springboot32e20828n\springboot32e20828n\src\main\resources\admin\node_modules\quill\dist\quill.snow.css
<s> [webpack.Progress] 66% building 718/763 modules 45 active F:\springboot32e20828n\springboot32e20828n\src\main\resources\admin\node_modules\echarts\lib\preprocessor\helper\compatStyle.js
<s> [webpack.Progress] 66% building 718/764 modules 46 active F:\springboot32e20828n\springboot32e20828n\src\main\resources\admin\node_modules\css-loader\dist\cjs.js??ref--6-oneOf-3-1!F:\springboot32e20828n\springboot32e20828n\src\main\resources\admin\node_modules\postcss-loader\src\index.js??ref--6-oneOf-3-2!F:\springboot32e20828n\springboot32e20828n\src\main\resources\admin\node_modules\quill\dist\quill.snow.css
<s> [webpack.Progress] 66% building 718/765 modules 47 active F:\springboot32e20828n\springboot32e20828n\src\main\resources\admin\node_modules\vue-style-loader\index.js??ref--6-oneOf-3-0!F:\springboot32e20828n\springboot32e20828n\src\main\resources\admin\node_modules\css-loader\dist\cjs.js??ref--6-oneOf-3-1!F:\springboot32e20828n\springboot32e20828n\src\main\resources\admin\node_modules\postcss-loader\src\index.js??ref--6-oneOf-3-2!F:\springboot32e20828n\springboot32e20828n\src\main\resources\admin\node_modules\quill\dist\quill.core.css
<s> [webpack.Progress] 66% building 719/765 modules 46 active F:\springboot32e20828n\springboot32e20828n\src\main\resources\admin\node_modules\css-loader\dist\cjs.js??ref--6-oneOf-3-1!F:\springboot32e20828n\springboot32e20828n\src\main\resources\admin\node_modules\postcss-loader\src\index.js??ref--6-oneOf-3-2!F:\springboot32e20828n\springboot32e20828n\src\main\resources\admin\node_modules\quill\dist\quill.snow.css
<s> [webpack.Progress] 66% building 719/766 modules 47 active F:\springboot32e20828n\springboot32e20828n\src\main\resources\admin\node_modules\css-loader\dist\cjs.js??ref--6-oneOf-3-1!F:\springboot32e20828n\springboot32e20828n\src\main\resources\admin\node_modules\postcss-loader\src\index.js??ref--6-oneOf-3-2!F:\springboot32e20828n\springboot32e20828n\src\main\resources\admin\node_modules\quill\dist\quill.core.css
<s> [webpack.Progress] 66% building 720/766 modules 46 active F:\springboot32e20828n\springboot32e20828n\src\main\resources\admin\node_modules\css-loader\dist\cjs.js??ref--6-oneOf-3-1!F:\springboot32e20828n\springboot32e20828n\src\main\resources\admin\node_modules\postcss-loader\src\index.js??ref--6-oneOf-3-2!F:\springboot32e20828n\springboot32e20828n\src\main\resources\admin\node_modules\quill\dist\quill.core.css
<s> [webpack.Progress] 66% building 721/766 modules 45 active F:\springboot32e20828n\springboot32e20828n\src\main\resources\admin\node_modules\css-loader\dist\cjs.js??ref--6-oneOf-3-1!F:\springboot32e20828n\springboot32e20828n\src\main\resources\admin\node_modules\postcss-loader\src\index.js??ref--6-oneOf-3-2!F:\springboot32e20828n\springboot32e20828n\src\main\resources\admin\node_modules\quill\dist\quill.core.css
<s> [webpack.Progress] 66% building 722/766 modules 44 active F:\springboot32e20828n\springboot32e20828n\src\main\resources\admin\node_modules\css-loader\dist\cjs.js??ref--6-oneOf-3-1!F:\springboot32e20828n\springboot32e20828n\src\main\resources\admin\node_modules\postcss-loader\src\index.js??ref--6-oneOf-3-2!F:\springboot32e20828n\springboot32e20828n\src\main\resources\admin\node_modules\quill\dist\quill.core.css
<s> [webpack.Progress] 66% building 723/766 modules 43 active F:\springboot32e20828n\springboot32e20828n\src\main\resources\admin\node_modules\css-loader\dist\cjs.js??ref--6-oneOf-3-1!F:\springboot32e20828n\springboot32e20828n\src\main\resources\admin\node_modules\postcss-loader\src\index.js??ref--6-oneOf-3-2!F:\springboot32e20828n\springboot32e20828n\src\main\resources\admin\node_modules\quill\dist\quill.core.css
<s> [webpack.Progress] 66% building 724/766 modules 42 active F:\springboot32e20828n\springboot32e20828n\src\main\resources\admin\node_modules\css-loader\dist\cjs.js??ref--6-oneOf-3-1!F:\springboot32e20828n\springboot32e20828n\src\main\resources\admin\node_modules\postcss-loader\src\index.js??ref--6-oneOf-3-2!F:\springboot32e20828n\springboot32e20828n\src\main\resources\admin\node_modules\quill\dist\quill.core.css
<s> [webpack.Progress] 66% building 724/767 modules 43 active F:\springboot32e20828n\springboot32e20828n\src\main\resources\admin\node_modules\core-js\internals\string-repeat.js
<s> [webpack.Progress] 66% building 724/768 modules 44 active F:\springboot32e20828n\springboot32e20828n\src\main\resources\admin\node_modules\core-js\internals\this-number-value.js
<s> [webpack.Progress] 66% building 724/769 modules 45 active F:\springboot32e20828n\springboot32e20828n\src\main\resources\admin\node_modules\deepmerge\dist\cjs.js
<s> [webpack.Progress] 66% building 724/770 modules 46 active F:\springboot32e20828n\springboot32e20828n\src\main\resources\admin\node_modules\echarts\lib\model\internalComponentCreator.js
<s> [webpack.Progress] 66% building 725/770 modules 45 active F:\springboot32e20828n\springboot32e20828n\src\main\resources\admin\node_modules\echarts\lib\model\internalComponentCreator.js
<s> [webpack.Progress] 66% building 726/770 modules 44 active F:\springboot32e20828n\springboot32e20828n\src\main\resources\admin\node_modules\echarts\lib\model\internalComponentCreator.js
<s> [webpack.Progress] 66% building 727/770 modules 43 active F:\springboot32e20828n\springboot32e20828n\src\main\resources\admin\node_modules\echarts\lib\model\internalComponentCreator.js
<s> [webpack.Progress] 66% building 728/770 modules 42 active F:\springboot32e20828n\springboot32e20828n\src\main\resources\admin\node_modules\echarts\lib\model\internalComponentCreator.js
<s> [webpack.Progress] 66% building 729/770 modules 41 active F:\springboot32e20828n\springboot32e20828n\src\main\resources\admin\node_modules\echarts\lib\model\internalComponentCreator.js
<s> [webpack.Progress] 66% building 730/770 modules 40 active F:\springboot32e20828n\springboot32e20828n\src\main\resources\admin\node_modules\echarts\lib\model\internalComponentCreator.js
<s> [webpack.Progress] 66% building 731/770 modules 39 active F:\springboot32e20828n\springboot32e20828n\src\main\resources\admin\node_modules\echarts\lib\model\internalComponentCreator.js
<s> [webpack.Progress] 67% building 732/770 modules 38 active F:\springboot32e20828n\springboot32e20828n\src\main\resources\admin\node_modules\echarts\lib\model\internalComponentCreator.js
<s> [webpack.Progress] 67% building 733/770 modules 37 active F:\springboot32e20828n\springboot32e20828n\src\main\resources\admin\node_modules\echarts\lib\model\internalComponentCreator.js
<s> [webpack.Progress] 67% building 734/770 modules 36 active F:\springboot32e20828n\springboot32e20828n\src\main\resources\admin\node_modules\echarts\lib\model\internalComponentCreator.js
<s> [webpack.Progress] 67% building 735/770 modules 35 active F:\springboot32e20828n\springboot32e20828n\src\main\resources\admin\node_modules\echarts\lib\model\internalComponentCreator.js
<s> [webpack.Progress] 67% building 736/770 modules 34 active F:\springboot32e20828n\springboot32e20828n\src\main\resources\admin\node_modules\echarts\lib\model\internalComponentCreator.js
<s> [webpack.Progress] 67% building 737/770 modules 33 active F:\springboot32e20828n\springboot32e20828n\src\main\resources\admin\node_modules\echarts\lib\model\internalComponentCreator.js
<s> [webpack.Progress] 67% building 737/771 modules 34 active F:\springboot32e20828n\springboot32e20828n\src\main\resources\admin\node_modules\zrender\lib\graphic\helper\poly.js
<s> [webpack.Progress] 67% building 737/772 modules 35 active F:\springboot32e20828n\springboot32e20828n\src\main\resources\admin\node_modules\echarts\lib\model\globalDefault.js
<s> [webpack.Progress] 67% building 737/773 modules 36 active F:\springboot32e20828n\springboot32e20828n\src\main\resources\admin\node_modules\zrender\lib\graphic\helper\roundSector.js
<s> [webpack.Progress] 67% building 737/774 modules 37 active F:\springboot32e20828n\springboot32e20828n\src\main\resources\admin\node_modules\buffer\index.js
<s> [webpack.Progress] 67% building 737/775 modules 38 active F:\springboot32e20828n\springboot32e20828n\src\main\resources\admin\node_modules\echarts\lib\export\components.js
<s> [webpack.Progress] 66% building 737/776 modules 39 active F:\springboot32e20828n\springboot32e20828n\src\main\resources\admin\node_modules\echarts\lib\export\charts.js
<s> [webpack.Progress] 66% building 737/777 modules 40 active F:\springboot32e20828n\springboot32e20828n\src\main\resources\admin\node_modules\echarts\lib\export\renderers.js
<s> [webpack.Progress] 66% building 737/778 modules 41 active F:\springboot32e20828n\springboot32e20828n\src\main\resources\admin\node_modules\axios\lib\core\enhanceError.js
<s> [webpack.Progress] 66% building 738/778 modules 40 active F:\springboot32e20828n\springboot32e20828n\src\main\resources\admin\node_modules\axios\lib\core\enhanceError.js
<s> [webpack.Progress] 66% building 739/778 modules 39 active F:\springboot32e20828n\springboot32e20828n\src\main\resources\admin\node_modules\axios\lib\core\enhanceError.js
<s> [webpack.Progress] 66% building 739/779 modules 40 active F:\springboot32e20828n\springboot32e20828n\src\main\resources\admin\node_modules\axios\lib\helpers\combineURLs.js
<s> [webpack.Progress] 66% building 739/780 modules 41 active F:\springboot32e20828n\springboot32e20828n\src\main\resources\admin\node_modules\axios\lib\helpers\isAbsoluteURL.js
<s> [webpack.Progress] 66% building 740/780 modules 40 active F:\springboot32e20828n\springboot32e20828n\src\main\resources\admin\node_modules\axios\lib\helpers\isAbsoluteURL.js
<s> [webpack.Progress] 67% building 741/780 modules 39 active F:\springboot32e20828n\springboot32e20828n\src\main\resources\admin\node_modules\axios\lib\helpers\isAbsoluteURL.js
<s> [webpack.Progress] 67% building 742/780 modules 38 active F:\springboot32e20828n\springboot32e20828n\src\main\resources\admin\node_modules\axios\lib\helpers\isAbsoluteURL.js
<s> [webpack.Progress] 67% building 743/780 modules 37 active F:\springboot32e20828n\springboot32e20828n\src\main\resources\admin\node_modules\axios\lib\helpers\isAbsoluteURL.js
<s> [webpack.Progress] 67% building 744/780 modules 36 active F:\springboot32e20828n\springboot32e20828n\src\main\resources\admin\node_modules\axios\lib\helpers\isAbsoluteURL.js
<s> [webpack.Progress] 67% building 745/780 modules 35 active F:\springboot32e20828n\springboot32e20828n\src\main\resources\admin\node_modules\axios\lib\helpers\isAbsoluteURL.js
<s> [webpack.Progress] 67% building 746/780 modules 34 active F:\springboot32e20828n\springboot32e20828n\src\main\resources\admin\node_modules\axios\lib\helpers\isAbsoluteURL.js
<s> [webpack.Progress] 67% building 747/780 modules 33 active F:\springboot32e20828n\springboot32e20828n\src\main\resources\admin\node_modules\axios\lib\helpers\isAbsoluteURL.js
<s> [webpack.Progress] 67% building 748/780 modules 32 active F:\springboot32e20828n\springboot32e20828n\src\main\resources\admin\node_modules\axios\lib\helpers\isAbsoluteURL.js
<s> [webpack.Progress] 67% building 749/780 modules 31 active F:\springboot32e20828n\springboot32e20828n\src\main\resources\admin\node_modules\axios\lib\helpers\isAbsoluteURL.js
<s> [webpack.Progress] 67% building 750/780 modules 30 active F:\springboot32e20828n\springboot32e20828n\src\main\resources\admin\node_modules\axios\lib\helpers\isAbsoluteURL.js
<s> [webpack.Progress] 67% building 750/781 modules 31 active F:\springboot32e20828n\springboot32e20828n\src\main\resources\admin\node_modules\element-ui\lib\option.js
<s> [webpack.Progress] 67% building 750/782 modules 32 active F:\springboot32e20828n\springboot32e20828n\src\main\resources\admin\node_modules\element-ui\lib\select.js
<s> [webpack.Progress] 67% building 750/783 modules 33 active F:\springboot32e20828n\springboot32e20828n\src\main\resources\admin\node_modules\element-ui\lib\utils\after-leave.js
<s> [webpack.Progress] 67% building 750/784 modules 34 active F:\springboot32e20828n\springboot32e20828n\src\main\resources\admin\node_modules\element-ui\lib\progress.js
<s> [webpack.Progress] 67% building 751/784 modules 33 active F:\springboot32e20828n\springboot32e20828n\src\main\resources\admin\node_modules\element-ui\lib\progress.js
<s> [webpack.Progress] 67% building 751/785 modules 34 active F:\springboot32e20828n\springboot32e20828n\src\main\resources\admin\node_modules\element-ui\lib\checkbox-group.js
<s> [webpack.Progress] 67% building 751/786 modules 35 active F:\springboot32e20828n\springboot32e20828n\src\main\resources\admin\node_modules\element-ui\lib\tag.js
<s> [webpack.Progress] 67% building 752/786 modules 34 active F:\springboot32e20828n\springboot32e20828n\src\main\resources\admin\node_modules\element-ui\lib\tag.js
<s> [webpack.Progress] 67% building 752/787 modules 35 active F:\springboot32e20828n\springboot32e20828n\src\main\resources\admin\node_modules\throttle-debounce\throttle.js
<s> [webpack.Progress] 67% building 752/788 modules 36 active F:\springboot32e20828n\springboot32e20828n\src\main\resources\admin\node_modules\throttle-debounce\debounce.js
<s> [webpack.Progress] 67% building 753/788 modules 35 active F:\springboot32e20828n\springboot32e20828n\src\main\resources\admin\node_modules\throttle-debounce\debounce.js
<s> [webpack.Progress] 67% building 754/788 modules 34 active F:\springboot32e20828n\springboot32e20828n\src\main\resources\admin\node_modules\throttle-debounce\debounce.js
<s> [webpack.Progress] 67% building 754/789 modules 35 active F:\springboot32e20828n\springboot32e20828n\src\main\resources\admin\node_modules\element-ui\lib\utils\lodash.js
<s> [webpack.Progress] 67% building 754/790 modules 36 active F:\springboot32e20828n\springboot32e20828n\src\main\resources\admin\node_modules\element-ui\lib\button-group.js
<s> [webpack.Progress] 67% building 755/790 modules 35 active F:\springboot32e20828n\springboot32e20828n\src\main\resources\admin\node_modules\element-ui\lib\button-group.js
<s> [webpack.Progress] 67% building 755/791 modules 36 active F:\springboot32e20828n\springboot32e20828n\src\main\resources\admin\node_modules\echarts\lib\data\helper\dimensionHelper.js
<s> [webpack.Progress] 67% building 755/792 modules 37 active F:\springboot32e20828n\springboot32e20828n\src\main\resources\admin\node_modules\echarts\lib\data\SeriesDimensionDefine.js
<s> [webpack.Progress] 67% building 755/793 modules 38 active F:\springboot32e20828n\springboot32e20828n\src\main\resources\admin\node_modules\echarts\lib\data\helper\SeriesDataSchema.js
<s> [webpack.Progress] 67% building 756/793 modules 37 active F:\springboot32e20828n\springboot32e20828n\src\main\resources\admin\node_modules\echarts\lib\data\helper\SeriesDataSchema.js
<s> [webpack.Progress] 67% building 757/793 modules 36 active F:\springboot32e20828n\springboot32e20828n\src\main\resources\admin\node_modules\echarts\lib\data\helper\SeriesDataSchema.js
<s> [webpack.Progress] 67% building 758/793 modules 35 active F:\springboot32e20828n\springboot32e20828n\src\main\resources\admin\node_modules\echarts\lib\data\helper\SeriesDataSchema.js
<s> [webpack.Progress] 67% building 759/793 modules 34 active F:\springboot32e20828n\springboot32e20828n\src\main\resources\admin\node_modules\echarts\lib\data\helper\SeriesDataSchema.js
<s> [webpack.Progress] 67% building 760/793 modules 33 active F:\springboot32e20828n\springboot32e20828n\src\main\resources\admin\node_modules\echarts\lib\data\helper\SeriesDataSchema.js
<s> [webpack.Progress] 67% building 761/793 modules 32 active F:\springboot32e20828n\springboot32e20828n\src\main\resources\admin\node_modules\echarts\lib\data\helper\SeriesDataSchema.js
<s> [webpack.Progress] 67% building 762/793 modules 31 active F:\springboot32e20828n\springboot32e20828n\src\main\resources\admin\node_modules\echarts\lib\data\helper\SeriesDataSchema.js
<s> [webpack.Progress] 67% building 763/793 modules 30 active F:\springboot32e20828n\springboot32e20828n\src\main\resources\admin\node_modules\echarts\lib\data\helper\SeriesDataSchema.js
<s> [webpack.Progress] 67% building 763/794 modules 31 active F:\springboot32e20828n\springboot32e20828n\src\main\resources\admin\node_modules\element-ui\lib\tooltip.js
<s> [webpack.Progress] 67% building 763/795 modules 32 active F:\springboot32e20828n\springboot32e20828n\src\main\resources\admin\node_modules\echarts\lib\coord\axisTickLabelBuilder.js
<s> [webpack.Progress] 67% building 763/796 modules 33 active F:\springboot32e20828n\springboot32e20828n\src\main\resources\admin\node_modules\echarts\lib\coord\axisModelCommonMixin.js
<s> [webpack.Progress] 67% building 763/797 modules 34 active F:\springboot32e20828n\springboot32e20828n\src\main\resources\admin\node_modules\echarts\lib\chart\helper\createSeriesData.js
<s> [webpack.Progress] 67% building 763/798 modules 35 active F:\springboot32e20828n\springboot32e20828n\src\main\resources\admin\node_modules\echarts\lib\coord\axisHelper.js
<s> [webpack.Progress] 67% building 764/798 modules 34 active F:\springboot32e20828n\springboot32e20828n\src\main\resources\admin\node_modules\echarts\lib\coord\axisHelper.js
<s> [webpack.Progress] 67% building 764/799 modules 35 active F:\springboot32e20828n\springboot32e20828n\src\main\resources\admin\node_modules\echarts\lib\data\helper\dataStackHelper.js
<s> [webpack.Progress] 67% building 764/800 modules 36 active F:\springboot32e20828n\springboot32e20828n\src\main\resources\admin\node_modules\echarts\lib\data\helper\createDimensions.js
<s> [webpack.Progress] 67% building 765/800 modules 35 active F:\springboot32e20828n\springboot32e20828n\src\main\resources\admin\node_modules\echarts\lib\data\helper\createDimensions.js
<s> [webpack.Progress] 67% building 765/801 modules 36 active F:\springboot32e20828n\springboot32e20828n\src\main\resources\admin\node_modules\element-ui\lib\utils\vdom.js
<s> [webpack.Progress] 67% building 766/801 modules 35 active F:\springboot32e20828n\springboot32e20828n\src\main\resources\admin\node_modules\element-ui\lib\utils\vdom.js
<s> [webpack.Progress] 67% building 767/801 modules 34 active F:\springboot32e20828n\springboot32e20828n\src\main\resources\admin\node_modules\element-ui\lib\utils\vdom.js
<s> [webpack.Progress] 67% building 768/801 modules 33 active F:\springboot32e20828n\springboot32e20828n\src\main\resources\admin\node_modules\element-ui\lib\utils\vdom.js
<s> [webpack.Progress] 67% building 769/801 modules 32 active F:\springboot32e20828n\springboot32e20828n\src\main\resources\admin\node_modules\element-ui\lib\utils\vdom.js
<s> [webpack.Progress] 67% building 770/801 modules 31 active F:\springboot32e20828n\springboot32e20828n\src\main\resources\admin\node_modules\element-ui\lib\utils\vdom.js
<s> [webpack.Progress] 67% building 771/801 modules 30 active F:\springboot32e20828n\springboot32e20828n\src\main\resources\admin\node_modules\element-ui\lib\utils\vdom.js
<s> [webpack.Progress] 67% building 772/801 modules 29 active F:\springboot32e20828n\springboot32e20828n\src\main\resources\admin\node_modules\element-ui\lib\utils\vdom.js
<s> [webpack.Progress] 67% building 772/802 modules 30 active F:\springboot32e20828n\springboot32e20828n\src\main\resources\admin\node_modules\element-ui\lib\button.js
<s> [webpack.Progress] 67% building 773/802 modules 29 active F:\springboot32e20828n\springboot32e20828n\src\main\resources\admin\node_modules\element-ui\lib\button.js
<s> [webpack.Progress] 67% building 774/802 modules 28 active F:\springboot32e20828n\springboot32e20828n\src\main\resources\admin\node_modules\element-ui\lib\button.js
<s> [webpack.Progress] 67% building 775/802 modules 27 active F:\springboot32e20828n\springboot32e20828n\src\main\resources\admin\node_modules\element-ui\lib\button.js
<s> [webpack.Progress] 67% building 775/803 modules 28 active F:\springboot32e20828n\springboot32e20828n\src\main\resources\admin\node_modules\element-ui\lib\utils\clickoutside.js
<s> [webpack.Progress] 67% building 775/804 modules 29 active F:\springboot32e20828n\springboot32e20828n\src\main\resources\admin\node_modules\echarts\lib\coord\geo\Region.js
<s> [webpack.Progress] 67% building 776/804 modules 28 active F:\springboot32e20828n\springboot32e20828n\src\main\resources\admin\node_modules\echarts\lib\coord\geo\Region.js
<s> [webpack.Progress] 67% building 777/804 modules 27 active F:\springboot32e20828n\springboot32e20828n\src\main\resources\admin\node_modules\echarts\lib\coord\geo\Region.js
<s> [webpack.Progress] 68% building 778/804 modules 26 active F:\springboot32e20828n\springboot32e20828n\src\main\resources\admin\node_modules\echarts\lib\coord\geo\Region.js
<s> [webpack.Progress] 68% building 779/804 modules 25 active F:\springboot32e20828n\springboot32e20828n\src\main\resources\admin\node_modules\echarts\lib\coord\geo\Region.js
<s> [webpack.Progress] 68% building 779/805 modules 26 active F:\springboot32e20828n\springboot32e20828n\src\main\resources\admin\node_modules\element-ui\lib\transitions\collapse-transition.js
<s> [webpack.Progress] 68% building 780/805 modules 25 active F:\springboot32e20828n\springboot32e20828n\src\main\resources\admin\node_modules\element-ui\lib\transitions\collapse-transition.js
<s> [webpack.Progress] 68% building 781/805 modules 24 active F:\springboot32e20828n\springboot32e20828n\src\main\resources\admin\node_modules\element-ui\lib\transitions\collapse-transition.js
<s> [webpack.Progress] 68% building 782/805 modules 23 active F:\springboot32e20828n\springboot32e20828n\src\main\resources\admin\node_modules\element-ui\lib\transitions\collapse-transition.js
<s> [webpack.Progress] 68% building 783/805 modules 22 active F:\springboot32e20828n\springboot32e20828n\src\main\resources\admin\node_modules\element-ui\lib\transitions\collapse-transition.js
<s> [webpack.Progress] 68% building 784/805 modules 21 active F:\springboot32e20828n\springboot32e20828n\src\main\resources\admin\node_modules\element-ui\lib\transitions\collapse-transition.js
<s> [webpack.Progress] 68% building 785/805 modules 20 active F:\springboot32e20828n\springboot32e20828n\src\main\resources\admin\node_modules\element-ui\lib\transitions\collapse-transition.js
<s> [webpack.Progress] 68% building 786/805 modules 19 active F:\springboot32e20828n\springboot32e20828n\src\main\resources\admin\node_modules\element-ui\lib\transitions\collapse-transition.js
<s> [webpack.Progress] 68% building 787/805 modules 18 active F:\springboot32e20828n\springboot32e20828n\src\main\resources\admin\node_modules\element-ui\lib\transitions\collapse-transition.js
<s> [webpack.Progress] 68% building 787/806 modules 19 active F:\springboot32e20828n\springboot32e20828n\src\main\resources\admin\node_modules\async-validator\es\rule\index.js
<s> [webpack.Progress] 68% building 788/806 modules 18 active F:\springboot32e20828n\springboot32e20828n\src\main\resources\admin\node_modules\async-validator\es\rule\index.js
<s> [webpack.Progress] 68% building 789/806 modules 17 active F:\springboot32e20828n\springboot32e20828n\src\main\resources\admin\node_modules\async-validator\es\rule\index.js
<s> [webpack.Progress] 68% building 790/806 modules 16 active F:\springboot32e20828n\springboot32e20828n\src\main\resources\admin\node_modules\async-validator\es\rule\index.js
<s> [webpack.Progress] 68% building 791/806 modules 15 active F:\springboot32e20828n\springboot32e20828n\src\main\resources\admin\node_modules\async-validator\es\rule\index.js
<s> [webpack.Progress] 68% building 792/806 modules 14 active F:\springboot32e20828n\springboot32e20828n\src\main\resources\admin\node_modules\async-validator\es\rule\index.js
<s> [webpack.Progress] 69% building 793/806 modules 13 active F:\springboot32e20828n\springboot32e20828n\src\main\resources\admin\node_modules\async-validator\es\rule\index.js
<s> [webpack.Progress] 69% building 794/806 modules 12 active F:\springboot32e20828n\springboot32e20828n\src\main\resources\admin\node_modules\async-validator\es\rule\index.js
<s> [webpack.Progress] 69% building 795/806 modules 11 active F:\springboot32e20828n\springboot32e20828n\src\main\resources\admin\node_modules\async-validator\es\rule\index.js
<s> [webpack.Progress] 69% building 796/806 modules 10 active F:\springboot32e20828n\springboot32e20828n\src\main\resources\admin\node_modules\async-validator\es\rule\index.js
<s> [webpack.Progress] 69% building 797/806 modules 9 active F:\springboot32e20828n\springboot32e20828n\src\main\resources\admin\node_modules\async-validator\es\rule\index.js
<s> [webpack.Progress] 69% building 798/806 modules 8 active F:\springboot32e20828n\springboot32e20828n\src\main\resources\admin\node_modules\async-validator\es\rule\index.js
<s> [webpack.Progress] 69% building 799/806 modules 7 active F:\springboot32e20828n\springboot32e20828n\src\main\resources\admin\node_modules\async-validator\es\rule\index.js
<s> [webpack.Progress] 69% building 799/807 modules 8 active F:\springboot32e20828n\springboot32e20828n\src\main\resources\admin\node_modules\zrender\lib\graphic\helper\smoothBezier.js
<s> [webpack.Progress] 69% building 800/807 modules 7 active F:\springboot32e20828n\springboot32e20828n\src\main\resources\admin\node_modules\zrender\lib\graphic\helper\smoothBezier.js
<s> [webpack.Progress] 69% building 800/808 modules 8 active F:\springboot32e20828n\springboot32e20828n\src\main\resources\admin\node_modules\echarts\lib\renderer\installSVGRenderer.js
<s> [webpack.Progress] 69% building 801/808 modules 7 active F:\springboot32e20828n\springboot32e20828n\src\main\resources\admin\node_modules\echarts\lib\renderer\installSVGRenderer.js
<s> [webpack.Progress] 69% building 802/808 modules 6 active F:\springboot32e20828n\springboot32e20828n\src\main\resources\admin\node_modules\echarts\lib\renderer\installSVGRenderer.js
<s> [webpack.Progress] 69% building 803/808 modules 5 active F:\springboot32e20828n\springboot32e20828n\src\main\resources\admin\node_modules\echarts\lib\renderer\installSVGRenderer.js
<s> [webpack.Progress] 69% building 803/809 modules 6 active F:\springboot32e20828n\springboot32e20828n\src\main\resources\admin\node_modules\core-js\modules\es.string.ends-with.js
<s> [webpack.Progress] 69% building 803/810 modules 7 active F:\springboot32e20828n\springboot32e20828n\src\main\resources\admin\node_modules\core-js\modules\es.object.keys.js
<s> [webpack.Progress] 69% building 803/811 modules 8 active F:\springboot32e20828n\springboot32e20828n\src\main\resources\admin\node_modules\core-js\modules\es.string.pad-start.js
<s> [webpack.Progress] 69% building 803/812 modules 9 active F:\springboot32e20828n\springboot32e20828n\src\main\resources\admin\node_modules\echarts\lib\chart\line\install.js
<s> [webpack.Progress] 69% building 803/813 modules 10 active F:\springboot32e20828n\springboot32e20828n\src\main\resources\admin\node_modules\echarts\lib\chart\bar\install.js
<s> [webpack.Progress] 69% building 803/814 modules 11 active F:\springboot32e20828n\springboot32e20828n\src\main\resources\admin\node_modules\echarts\lib\chart\bar\installPictorialBar.js
<s> [webpack.Progress] 69% building 803/815 modules 12 active F:\springboot32e20828n\springboot32e20828n\src\main\resources\admin\node_modules\echarts\lib\chart\pie\install.js
<s> [webpack.Progress] 69% building 803/816 modules 13 active F:\springboot32e20828n\springboot32e20828n\src\main\resources\admin\node_modules\echarts\lib\chart\scatter\install.js
<s> [webpack.Progress] 68% building 803/817 modules 14 active F:\springboot32e20828n\springboot32e20828n\src\main\resources\admin\node_modules\echarts\lib\chart\radar\install.js
<s> [webpack.Progress] 68% building 803/818 modules 15 active F:\springboot32e20828n\springboot32e20828n\src\main\resources\admin\node_modules\echarts\lib\chart\tree\install.js
<s> [webpack.Progress] 68% building 803/819 modules 16 active F:\springboot32e20828n\springboot32e20828n\src\main\resources\admin\node_modules\echarts\lib\chart\map\install.js
<s> [webpack.Progress] 68% building 803/820 modules 17 active F:\springboot32e20828n\springboot32e20828n\src\main\resources\admin\node_modules\echarts\lib\chart\treemap\install.js
<s> [webpack.Progress] 68% building 803/821 modules 18 active F:\springboot32e20828n\springboot32e20828n\src\main\resources\admin\node_modules\echarts\lib\chart\graph\install.js
<s> [webpack.Progress] 68% building 803/822 modules 19 active F:\springboot32e20828n\springboot32e20828n\src\main\resources\admin\node_modules\echarts\lib\chart\funnel\install.js
<s> [webpack.Progress] 68% building 803/823 modules 20 active F:\springboot32e20828n\springboot32e20828n\src\main\resources\admin\node_modules\echarts\lib\chart\gauge\install.js
<s> [webpack.Progress] 68% building 803/824 modules 21 active F:\springboot32e20828n\springboot32e20828n\src\main\resources\admin\node_modules\echarts\lib\chart\parallel\install.js
<s> [webpack.Progress] 68% building 803/825 modules 22 active F:\springboot32e20828n\springboot32e20828n\src\main\resources\admin\node_modules\echarts\lib\chart\sankey\install.js
<s> [webpack.Progress] 68% building 803/826 modules 23 active F:\springboot32e20828n\springboot32e20828n\src\main\resources\admin\node_modules\echarts\lib\chart\boxplot\install.js
<s> [webpack.Progress] 68% building 803/827 modules 24 active F:\springboot32e20828n\springboot32e20828n\src\main\resources\admin\node_modules\echarts\lib\chart\effectScatter\install.js
<s> [webpack.Progress] 68% building 803/828 modules 25 active F:\springboot32e20828n\springboot32e20828n\src\main\resources\admin\node_modules\echarts\lib\chart\candlestick\install.js
<s> [webpack.Progress] 68% building 803/829 modules 26 active F:\springboot32e20828n\springboot32e20828n\src\main\resources\admin\node_modules\echarts\lib\chart\lines\install.js
<s> [webpack.Progress] 68% building 803/830 modules 27 active F:\springboot32e20828n\springboot32e20828n\src\main\resources\admin\node_modules\echarts\lib\chart\heatmap\install.js
<s> [webpack.Progress] 67% building 803/831 modules 28 active F:\springboot32e20828n\springboot32e20828n\src\main\resources\admin\node_modules\echarts\lib\chart\themeRiver\install.js
<s> [webpack.Progress] 67% building 803/832 modules 29 active F:\springboot32e20828n\springboot32e20828n\src\main\resources\admin\node_modules\echarts\lib\chart\sunburst\install.js
<s> [webpack.Progress] 67% building 803/833 modules 30 active F:\springboot32e20828n\springboot32e20828n\src\main\resources\admin\node_modules\echarts\lib\component\grid\install.js
<s> [webpack.Progress] 67% building 803/834 modules 31 active F:\springboot32e20828n\springboot32e20828n\src\main\resources\admin\node_modules\echarts\lib\component\grid\installSimple.js
<s> [webpack.Progress] 67% building 803/835 modules 32 active F:\springboot32e20828n\springboot32e20828n\src\main\resources\admin\node_modules\echarts\lib\chart\custom\install.js
<s> [webpack.Progress] 67% building 803/836 modules 33 active F:\springboot32e20828n\springboot32e20828n\src\main\resources\admin\node_modules\echarts\lib\component\polar\install.js
<s> [webpack.Progress] 67% building 803/837 modules 34 active F:\springboot32e20828n\springboot32e20828n\src\main\resources\admin\node_modules\echarts\lib\component\radar\install.js
<s> [webpack.Progress] 67% building 803/838 modules 35 active F:\springboot32e20828n\springboot32e20828n\src\main\resources\admin\node_modules\echarts\lib\component\tooltip\install.js
<s> [webpack.Progress] 67% building 804/838 modules 34 active F:\springboot32e20828n\springboot32e20828n\src\main\resources\admin\node_modules\echarts\lib\component\tooltip\install.js
<s> [webpack.Progress] 67% building 804/839 modules 35 active F:\springboot32e20828n\springboot32e20828n\src\main\resources\admin\node_modules\echarts\lib\component\transform\install.js
<s> [webpack.Progress] 67% building 804/840 modules 36 active F:\springboot32e20828n\springboot32e20828n\src\main\resources\admin\node_modules\echarts\lib\component\aria\install.js
<s> [webpack.Progress] 67% building 804/841 modules 37 active F:\springboot32e20828n\springboot32e20828n\src\main\resources\admin\node_modules\core-js\modules\es.array.fill.js
<s> [webpack.Progress] 67% building 804/842 modules 38 active F:\springboot32e20828n\springboot32e20828n\src\main\resources\admin\node_modules\core-js\modules\es.number.is-integer.js
<s> [webpack.Progress] 67% building 804/843 modules 39 active F:\springboot32e20828n\springboot32e20828n\src\main\resources\admin\node_modules\core-js\modules\es.array.reduce.js
<s> [webpack.Progress] 67% building 804/844 modules 40 active F:\springboot32e20828n\springboot32e20828n\src\main\resources\admin\node_modules\core-js\modules\es.array.sort.js
<s> [webpack.Progress] 67% building 804/845 modules 41 active F:\springboot32e20828n\springboot32e20828n\src\main\resources\admin\node_modules\core-js\modules\es.number.is-nan.js
<s> [webpack.Progress] 67% building 804/846 modules 42 active F:\springboot32e20828n\springboot32e20828n\src\main\resources\admin\node_modules\echarts\lib\component\visualMap\installVisualMapPiecewise.js
<s> [webpack.Progress] 66% building 804/847 modules 43 active F:\springboot32e20828n\springboot32e20828n\src\main\resources\admin\node_modules\echarts\lib\component\visualMap\installVisualMapContinuous.js
<s> [webpack.Progress] 66% building 804/848 modules 44 active F:\springboot32e20828n\springboot32e20828n\src\main\resources\admin\node_modules\echarts\lib\component\visualMap\install.js
<s> [webpack.Progress] 66% building 804/849 modules 45 active F:\springboot32e20828n\springboot32e20828n\src\main\resources\admin\node_modules\echarts\lib\coord\scaleRawExtentInfo.js
<s> [webpack.Progress] 66% building 804/850 modules 46 active F:\springboot32e20828n\springboot32e20828n\src\main\resources\admin\node_modules\echarts\lib\model\referHelper.js
<s> [webpack.Progress] 66% building 805/850 modules 45 active F:\springboot32e20828n\springboot32e20828n\src\main\resources\admin\node_modules\echarts\lib\model\referHelper.js
<s> [webpack.Progress] 66% building 805/851 modules 46 active F:\springboot32e20828n\springboot32e20828n\src\main\resources\admin\node_modules\echarts\lib\component\dataZoom\installDataZoomSlider.js
<s> [webpack.Progress] 66% building 805/852 modules 47 active F:\springboot32e20828n\springboot32e20828n\src\main\resources\admin\node_modules\echarts\lib\component\dataZoom\installDataZoomInside.js
<s> [webpack.Progress] 66% building 805/853 modules 48 active F:\springboot32e20828n\springboot32e20828n\src\main\resources\admin\node_modules\echarts\lib\component\dataZoom\install.js
<s> [webpack.Progress] 66% building 805/854 modules 49 active F:\springboot32e20828n\springboot32e20828n\src\main\resources\admin\node_modules\echarts\lib\component\legend\installLegendPlain.js
<s> [webpack.Progress] 66% building 805/855 modules 50 active F:\springboot32e20828n\springboot32e20828n\src\main\resources\admin\node_modules\echarts\lib\component\legend\installLegendScroll.js
<s> [webpack.Progress] 66% building 805/856 modules 51 active F:\springboot32e20828n\springboot32e20828n\src\main\resources\admin\node_modules\echarts\lib\component\legend\install.js
<s> [webpack.Progress] 66% building 806/856 modules 50 active F:\springboot32e20828n\springboot32e20828n\src\main\resources\admin\node_modules\echarts\lib\component\legend\install.js
<s> [webpack.Progress] 66% building 806/857 modules 51 active F:\springboot32e20828n\springboot32e20828n\src\main\resources\admin\node_modules\echarts\lib\component\marker\installMarkArea.js
<s> [webpack.Progress] 66% building 806/858 modules 52 active F:\springboot32e20828n\springboot32e20828n\src\main\resources\admin\node_modules\echarts\lib\component\marker\installMarkPoint.js
<s> [webpack.Progress] 66% building 806/859 modules 53 active F:\springboot32e20828n\springboot32e20828n\src\main\resources\admin\node_modules\echarts\lib\component\marker\installMarkLine.js
<s> [webpack.Progress] 66% building 806/860 modules 54 active F:\springboot32e20828n\springboot32e20828n\src\main\resources\admin\node_modules\echarts\lib\component\timeline\install.js
<s> [webpack.Progress] 66% building 806/861 modules 55 active F:\springboot32e20828n\springboot32e20828n\src\main\resources\admin\node_modules\echarts\lib\component\title\install.js
<s> [webpack.Progress] 66% building 806/862 modules 56 active F:\springboot32e20828n\springboot32e20828n\src\main\resources\admin\node_modules\echarts\lib\component\axisPointer\install.js
<s> [webpack.Progress] 66% building 806/863 modules 57 active F:\springboot32e20828n\springboot32e20828n\src\main\resources\admin\node_modules\echarts\lib\component\toolbox\install.js
<s> [webpack.Progress] 65% building 806/864 modules 58 active F:\springboot32e20828n\springboot32e20828n\src\main\resources\admin\node_modules\echarts\lib\component\brush\install.js
<s> [webpack.Progress] 65% building 806/865 modules 59 active F:\springboot32e20828n\springboot32e20828n\src\main\resources\admin\node_modules\echarts\lib\component\calendar\install.js
<s> [webpack.Progress] 65% building 806/866 modules 60 active F:\springboot32e20828n\springboot32e20828n\src\main\resources\admin\node_modules\echarts\lib\component\graphic\install.js
<s> [webpack.Progress] 65% building 807/866 modules 59 active F:\springboot32e20828n\springboot32e20828n\src\main\resources\admin\node_modules\echarts\lib\component\graphic\install.js
<s> [webpack.Progress] 65% building 807/867 modules 60 active F:\springboot32e20828n\springboot32e20828n\src\main\resources\admin\node_modules\echarts\lib\component\parallel\install.js
<s> [webpack.Progress] 65% building 807/868 modules 61 active F:\springboot32e20828n\springboot32e20828n\src\main\resources\admin\node_modules\echarts\lib\component\geo\install.js
<s> [webpack.Progress] 65% building 807/869 modules 62 active F:\springboot32e20828n\springboot32e20828n\src\main\resources\admin\node_modules\echarts\lib\component\singleAxis\install.js
<s> [webpack.Progress] 65% building 807/870 modules 63 active F:\springboot32e20828n\springboot32e20828n\src\main\resources\admin\node_modules\echarts\lib\scale\Interval.js
<s> [webpack.Progress] 65% building 807/871 modules 64 active F:\springboot32e20828n\springboot32e20828n\src\main\resources\admin\node_modules\echarts\lib\scale\Ordinal.js
<s> [webpack.Progress] 65% building 807/872 modules 65 active F:\springboot32e20828n\springboot32e20828n\src\main\resources\admin\node_modules\echarts\lib\scale\Scale.js
<s> [webpack.Progress] 65% building 807/873 modules 66 active F:\springboot32e20828n\springboot32e20828n\src\main\resources\admin\node_modules\echarts\lib\scale\Time.js
<s> [webpack.Progress] 65% building 807/874 modules 67 active F:\springboot32e20828n\springboot32e20828n\src\main\resources\admin\node_modules\echarts\lib\scale\Log.js
<s> [webpack.Progress] 65% building 807/875 modules 68 active F:\springboot32e20828n\springboot32e20828n\src\main\resources\admin\node_modules\echarts\lib\layout\barGrid.js
<s> [webpack.Progress] 65% building 807/876 modules 69 active F:\springboot32e20828n\springboot32e20828n\src\main\resources\admin\node_modules\cache-loader\dist\cjs.js??ref--0-0!F:\springboot32e20828n\springboot32e20828n\src\main\resources\admin\node_modules\vue-loader\lib\index.js??vue-loader-options!F:\springboot32e20828n\springboot32e20828n\src\main\resources\admin\src\views\modules\zhiweidiaodong\add-or-update.vue
<s> [webpack.Progress] 65% building 807/877 modules 70 active F:\springboot32e20828n\springboot32e20828n\src\main\resources\admin\node_modules\cache-loader\dist\cjs.js??ref--0-0!F:\springboot32e20828n\springboot32e20828n\src\main\resources\admin\node_modules\vue-loader\lib\index.js??vue-loader-options!F:\springboot32e20828n\springboot32e20828n\src\main\resources\admin\src\views\modules\tongyixinxi\add-or-update.vue
<s> [webpack.Progress] 65% building 807/878 modules 71 active F:\springboot32e20828n\springboot32e20828n\src\main\resources\admin\node_modules\babel-helper-vue-jsx-merge-props\index.js
<s> [webpack.Progress] 65% building 807/879 modules 72 active F:\springboot32e20828n\springboot32e20828n\src\main\resources\admin\node_modules\cache-loader\dist\cjs.js??ref--0-0!F:\springboot32e20828n\springboot32e20828n\src\main\resources\admin\node_modules\vue-loader\lib\index.js??vue-loader-options!F:\springboot32e20828n\springboot32e20828n\src\main\resources\admin\src\views\modules\yuangongxinzi\add-or-update.vue
<s> [webpack.Progress] 65% building 808/879 modules 71 active F:\springboot32e20828n\springboot32e20828n\src\main\resources\admin\node_modules\cache-loader\dist\cjs.js??ref--0-0!F:\springboot32e20828n\springboot32e20828n\src\main\resources\admin\node_modules\vue-loader\lib\index.js??vue-loader-options!F:\springboot32e20828n\springboot32e20828n\src\main\resources\admin\src\views\modules\yuangongxinzi\add-or-update.vue
<s> [webpack.Progress] 65% building 809/879 modules 70 active F:\springboot32e20828n\springboot32e20828n\src\main\resources\admin\node_modules\cache-loader\dist\cjs.js??ref--0-0!F:\springboot32e20828n\springboot32e20828n\src\main\resources\admin\node_modules\vue-loader\lib\index.js??vue-loader-options!F:\springboot32e20828n\springboot32e20828n\src\main\resources\admin\src\views\modules\yuangongxinzi\add-or-update.vue
<s> [webpack.Progress] 65% building 809/880 modules 71 active F:\springboot32e20828n\springboot32e20828n\src\main\resources\admin\node_modules\cache-loader\dist\cjs.js??ref--0-0!F:\springboot32e20828n\springboot32e20828n\src\main\resources\admin\node_modules\vue-loader\lib\index.js??vue-loader-options!F:\springboot32e20828n\springboot32e20828n\src\main\resources\admin\src\views\modules\yuangongqiandao\add-or-update.vue
<s> [webpack.Progress] 65% building 810/880 modules 70 active F:\springboot32e20828n\springboot32e20828n\src\main\resources\admin\node_modules\cache-loader\dist\cjs.js??ref--0-0!F:\springboot32e20828n\springboot32e20828n\src\main\resources\admin\node_modules\vue-loader\lib\index.js??vue-loader-options!F:\springboot32e20828n\springboot32e20828n\src\main\resources\admin\src\views\modules\yuangongqiandao\add-or-update.vue
<s> [webpack.Progress] 65% building 811/880 modules 69 active F:\springboot32e20828n\springboot32e20828n\src\main\resources\admin\node_modules\cache-loader\dist\cjs.js??ref--0-0!F:\springboot32e20828n\springboot32e20828n\src\main\resources\admin\node_modules\vue-loader\lib\index.js??vue-loader-options!F:\springboot32e20828n\springboot32e20828n\src\main\resources\admin\src\views\modules\yuangongqiandao\add-or-update.vue
<s> [webpack.Progress] 65% building 812/880 modules 68 active F:\springboot32e20828n\springboot32e20828n\src\main\resources\admin\node_modules\cache-loader\dist\cjs.js??ref--0-0!F:\springboot32e20828n\springboot32e20828n\src\main\resources\admin\node_modules\vue-loader\lib\index.js??vue-loader-options!F:\springboot32e20828n\springboot32e20828n\src\main\resources\admin\src\views\modules\yuangongqiandao\add-or-update.vue
<s> [webpack.Progress] 65% building 813/880 modules 67 active F:\springboot32e20828n\springboot32e20828n\src\main\resources\admin\node_modules\cache-loader\dist\cjs.js??ref--0-0!F:\springboot32e20828n\springboot32e20828n\src\main\resources\admin\node_modules\vue-loader\lib\index.js??vue-loader-options!F:\springboot32e20828n\springboot32e20828n\src\main\resources\admin\src\views\modules\yuangongqiandao\add-or-update.vue
<s> [webpack.Progress] 65% building 814/880 modules 66 active F:\springboot32e20828n\springboot32e20828n\src\main\resources\admin\node_modules\cache-loader\dist\cjs.js??ref--0-0!F:\springboot32e20828n\springboot32e20828n\src\main\resources\admin\node_modules\vue-loader\lib\index.js??vue-loader-options!F:\springboot32e20828n\springboot32e20828n\src\main\resources\admin\src\views\modules\yuangongqiandao\add-or-update.vue
<s> [webpack.Progress] 65% building 815/880 modules 65 active F:\springboot32e20828n\springboot32e20828n\src\main\resources\admin\node_modules\cache-loader\dist\cjs.js??ref--0-0!F:\springboot32e20828n\springboot32e20828n\src\main\resources\admin\node_modules\vue-loader\lib\index.js??vue-loader-options!F:\springboot32e20828n\springboot32e20828n\src\main\resources\admin\src\views\modules\yuangongqiandao\add-or-update.vue
<s> [webpack.Progress] 65% building 816/880 modules 64 active F:\springboot32e20828n\springboot32e20828n\src\main\resources\admin\node_modules\cache-loader\dist\cjs.js??ref--0-0!F:\springboot32e20828n\springboot32e20828n\src\main\resources\admin\node_modules\vue-loader\lib\index.js??vue-loader-options!F:\springboot32e20828n\springboot32e20828n\src\main\resources\admin\src\views\modules\yuangongqiandao\add-or-update.vue
<s> [webpack.Progress] 65% building 817/880 modules 63 active F:\springboot32e20828n\springboot32e20828n\src\main\resources\admin\node_modules\cache-loader\dist\cjs.js??ref--0-0!F:\springboot32e20828n\springboot32e20828n\src\main\resources\admin\node_modules\vue-loader\lib\index.js??vue-loader-options!F:\springboot32e20828n\springboot32e20828n\src\main\resources\admin\src\views\modules\yuangongqiandao\add-or-update.vue
<s> [webpack.Progress] 65% building 818/880 modules 62 active F:\springboot32e20828n\springboot32e20828n\src\main\resources\admin\node_modules\cache-loader\dist\cjs.js??ref--0-0!F:\springboot32e20828n\springboot32e20828n\src\main\resources\admin\node_modules\vue-loader\lib\index.js??vue-loader-options!F:\springboot32e20828n\springboot32e20828n\src\main\resources\admin\src\views\modules\yuangongqiandao\add-or-update.vue
<s> [webpack.Progress] 65% building 819/880 modules 61 active F:\springboot32e20828n\springboot32e20828n\src\main\resources\admin\node_modules\cache-loader\dist\cjs.js??ref--0-0!F:\springboot32e20828n\springboot32e20828n\src\main\resources\admin\node_modules\vue-loader\lib\index.js??vue-loader-options!F:\springboot32e20828n\springboot32e20828n\src\main\resources\admin\src\views\modules\yuangongqiandao\add-or-update.vue
<s> [webpack.Progress] 65% building 820/880 modules 60 active F:\springboot32e20828n\springboot32e20828n\src\main\resources\admin\node_modules\cache-loader\dist\cjs.js??ref--0-0!F:\springboot32e20828n\springboot32e20828n\src\main\resources\admin\node_modules\vue-loader\lib\index.js??vue-loader-options!F:\springboot32e20828n\springboot32e20828n\src\main\resources\admin\src\views\modules\yuangongqiandao\add-or-update.vue
<s> [webpack.Progress] 65% building 821/880 modules 59 active F:\springboot32e20828n\springboot32e20828n\src\main\resources\admin\node_modules\cache-loader\dist\cjs.js??ref--0-0!F:\springboot32e20828n\springboot32e20828n\src\main\resources\admin\node_modules\vue-loader\lib\index.js??vue-loader-options!F:\springboot32e20828n\springboot32e20828n\src\main\resources\admin\src\views\modules\yuangongqiandao\add-or-update.vue
<s> [webpack.Progress] 66% building 822/880 modules 58 active F:\springboot32e20828n\springboot32e20828n\src\main\resources\admin\node_modules\cache-loader\dist\cjs.js??ref--0-0!F:\springboot32e20828n\springboot32e20828n\src\main\resources\admin\node_modules\vue-loader\lib\index.js??vue-loader-options!F:\springboot32e20828n\springboot32e20828n\src\main\resources\admin\src\views\modules\yuangongqiandao\add-or-update.vue
<s> [webpack.Progress] 66% building 823/880 modules 57 active F:\springboot32e20828n\springboot32e20828n\src\main\resources\admin\node_modules\cache-loader\dist\cjs.js??ref--0-0!F:\springboot32e20828n\springboot32e20828n\src\main\resources\admin\node_modules\vue-loader\lib\index.js??vue-loader-options!F:\springboot32e20828n\springboot32e20828n\src\main\resources\admin\src\views\modules\yuangongqiandao\add-or-update.vue
<s> [webpack.Progress] 66% building 824/880 modules 56 active F:\springboot32e20828n\springboot32e20828n\src\main\resources\admin\node_modules\cache-loader\dist\cjs.js??ref--0-0!F:\springboot32e20828n\springboot32e20828n\src\main\resources\admin\node_modules\vue-loader\lib\index.js??vue-loader-options!F:\springboot32e20828n\springboot32e20828n\src\main\resources\admin\src\views\modules\yuangongqiandao\add-or-update.vue
<s> [webpack.Progress] 66% building 825/880 modules 55 active F:\springboot32e20828n\springboot32e20828n\src\main\resources\admin\node_modules\cache-loader\dist\cjs.js??ref--0-0!F:\springboot32e20828n\springboot32e20828n\src\main\resources\admin\node_modules\vue-loader\lib\index.js??vue-loader-options!F:\springboot32e20828n\springboot32e20828n\src\main\resources\admin\src\views\modules\yuangongqiandao\add-or-update.vue
<s> [webpack.Progress] 66% building 826/880 modules 54 active F:\springboot32e20828n\springboot32e20828n\src\main\resources\admin\node_modules\cache-loader\dist\cjs.js??ref--0-0!F:\springboot32e20828n\springboot32e20828n\src\main\resources\admin\node_modules\vue-loader\lib\index.js??vue-loader-options!F:\springboot32e20828n\springboot32e20828n\src\main\resources\admin\src\views\modules\yuangongqiandao\add-or-update.vue
<s> [webpack.Progress] 66% building 827/880 modules 53 active F:\springboot32e20828n\springboot32e20828n\src\main\resources\admin\node_modules\cache-loader\dist\cjs.js??ref--0-0!F:\springboot32e20828n\springboot32e20828n\src\main\resources\admin\node_modules\vue-loader\lib\index.js??vue-loader-options!F:\springboot32e20828n\springboot32e20828n\src\main\resources\admin\src\views\modules\yuangongqiandao\add-or-update.vue
<s> [webpack.Progress] 66% building 828/880 modules 52 active F:\springboot32e20828n\springboot32e20828n\src\main\resources\admin\node_modules\cache-loader\dist\cjs.js??ref--0-0!F:\springboot32e20828n\springboot32e20828n\src\main\resources\admin\node_modules\vue-loader\lib\index.js??vue-loader-options!F:\springboot32e20828n\springboot32e20828n\src\main\resources\admin\src\views\modules\yuangongqiandao\add-or-update.vue
<s> [webpack.Progress] 66% building 829/880 modules 51 active F:\springboot32e20828n\springboot32e20828n\src\main\resources\admin\node_modules\cache-loader\dist\cjs.js??ref--0-0!F:\springboot32e20828n\springboot32e20828n\src\main\resources\admin\node_modules\vue-loader\lib\index.js??vue-loader-options!F:\springboot32e20828n\springboot32e20828n\src\main\resources\admin\src\views\modules\yuangongqiandao\add-or-update.vue
<s> [webpack.Progress] 66% building 830/880 modules 50 active F:\springboot32e20828n\springboot32e20828n\src\main\resources\admin\node_modules\cache-loader\dist\cjs.js??ref--0-0!F:\springboot32e20828n\springboot32e20828n\src\main\resources\admin\node_modules\vue-loader\lib\index.js??vue-loader-options!F:\springboot32e20828n\springboot32e20828n\src\main\resources\admin\src\views\modules\yuangongqiandao\add-or-update.vue
<s> [webpack.Progress] 66% building 831/880 modules 49 active F:\springboot32e20828n\springboot32e20828n\src\main\resources\admin\node_modules\cache-loader\dist\cjs.js??ref--0-0!F:\springboot32e20828n\springboot32e20828n\src\main\resources\admin\node_modules\vue-loader\lib\index.js??vue-loader-options!F:\springboot32e20828n\springboot32e20828n\src\main\resources\admin\src\views\modules\yuangongqiandao\add-or-update.vue
<s> [webpack.Progress] 66% building 832/880 modules 48 active F:\springboot32e20828n\springboot32e20828n\src\main\resources\admin\node_modules\cache-loader\dist\cjs.js??ref--0-0!F:\springboot32e20828n\springboot32e20828n\src\main\resources\admin\node_modules\vue-loader\lib\index.js??vue-loader-options!F:\springboot32e20828n\springboot32e20828n\src\main\resources\admin\src\views\modules\yuangongqiandao\add-or-update.vue
<s> [webpack.Progress] 66% building 833/880 modules 47 active F:\springboot32e20828n\springboot32e20828n\src\main\resources\admin\node_modules\cache-loader\dist\cjs.js??ref--0-0!F:\springboot32e20828n\springboot32e20828n\src\main\resources\admin\node_modules\vue-loader\lib\index.js??vue-loader-options!F:\springboot32e20828n\springboot32e20828n\src\main\resources\admin\src\views\modules\yuangongqiandao\add-or-update.vue
<s> [webpack.Progress] 66% building 834/880 modules 46 active F:\springboot32e20828n\springboot32e20828n\src\main\resources\admin\node_modules\cache-loader\dist\cjs.js??ref--0-0!F:\springboot32e20828n\springboot32e20828n\src\main\resources\admin\node_modules\vue-loader\lib\index.js??vue-loader-options!F:\springboot32e20828n\springboot32e20828n\src\main\resources\admin\src\views\modules\yuangongqiandao\add-or-update.vue
<s> [webpack.Progress] 66% building 835/880 modules 45 active F:\springboot32e20828n\springboot32e20828n\src\main\resources\admin\node_modules\cache-loader\dist\cjs.js??ref--0-0!F:\springboot32e20828n\springboot32e20828n\src\main\resources\admin\node_modules\vue-loader\lib\index.js??vue-loader-options!F:\springboot32e20828n\springboot32e20828n\src\main\resources\admin\src\views\modules\yuangongqiandao\add-or-update.vue
<s> [webpack.Progress] 67% building 836/880 modules 44 active F:\springboot32e20828n\springboot32e20828n\src\main\resources\admin\node_modules\cache-loader\dist\cjs.js??ref--0-0!F:\springboot32e20828n\springboot32e20828n\src\main\resources\admin\node_modules\vue-loader\lib\index.js??vue-loader-options!F:\springboot32e20828n\springboot32e20828n\src\main\resources\admin\src\views\modules\yuangongqiandao\add-or-update.vue
<s> [webpack.Progress] 67% building 837/880 modules 43 active F:\springboot32e20828n\springboot32e20828n\src\main\resources\admin\node_modules\cache-loader\dist\cjs.js??ref--0-0!F:\springboot32e20828n\springboot32e20828n\src\main\resources\admin\node_modules\vue-loader\lib\index.js??vue-loader-options!F:\springboot32e20828n\springboot32e20828n\src\main\resources\admin\src\views\modules\yuangongqiandao\add-or-update.vue
<s> [webpack.Progress] 67% building 838/880 modules 42 active F:\springboot32e20828n\springboot32e20828n\src\main\resources\admin\node_modules\cache-loader\dist\cjs.js??ref--0-0!F:\springboot32e20828n\springboot32e20828n\src\main\resources\admin\node_modules\vue-loader\lib\index.js??vue-loader-options!F:\springboot32e20828n\springboot32e20828n\src\main\resources\admin\src\views\modules\yuangongqiandao\add-or-update.vue
<s> [webpack.Progress] 67% building 839/880 modules 41 active F:\springboot32e20828n\springboot32e20828n\src\main\resources\admin\node_modules\cache-loader\dist\cjs.js??ref--0-0!F:\springboot32e20828n\springboot32e20828n\src\main\resources\admin\node_modules\vue-loader\lib\index.js??vue-loader-options!F:\springboot32e20828n\springboot32e20828n\src\main\resources\admin\src\views\modules\yuangongqiandao\add-or-update.vue
<s> [webpack.Progress] 67% building 840/880 modules 40 active F:\springboot32e20828n\springboot32e20828n\src\main\resources\admin\node_modules\cache-loader\dist\cjs.js??ref--0-0!F:\springboot32e20828n\springboot32e20828n\src\main\resources\admin\node_modules\vue-loader\lib\index.js??vue-loader-options!F:\springboot32e20828n\springboot32e20828n\src\main\resources\admin\src\views\modules\yuangongqiandao\add-or-update.vue
<s> [webpack.Progress] 67% building 841/880 modules 39 active F:\springboot32e20828n\springboot32e20828n\src\main\resources\admin\node_modules\cache-loader\dist\cjs.js??ref--0-0!F:\springboot32e20828n\springboot32e20828n\src\main\resources\admin\node_modules\vue-loader\lib\index.js??vue-loader-options!F:\springboot32e20828n\springboot32e20828n\src\main\resources\admin\src\views\modules\yuangongqiandao\add-or-update.vue
<s> [webpack.Progress] 67% building 842/880 modules 38 active F:\springboot32e20828n\springboot32e20828n\src\main\resources\admin\node_modules\cache-loader\dist\cjs.js??ref--0-0!F:\springboot32e20828n\springboot32e20828n\src\main\resources\admin\node_modules\vue-loader\lib\index.js??vue-loader-options!F:\springboot32e20828n\springboot32e20828n\src\main\resources\admin\src\views\modules\yuangongqiandao\add-or-update.vue
<s> [webpack.Progress] 67% building 843/880 modules 37 active F:\springboot32e20828n\springboot32e20828n\src\main\resources\admin\node_modules\cache-loader\dist\cjs.js??ref--0-0!F:\springboot32e20828n\springboot32e20828n\src\main\resources\admin\node_modules\vue-loader\lib\index.js??vue-loader-options!F:\springboot32e20828n\springboot32e20828n\src\main\resources\admin\src\views\modules\yuangongqiandao\add-or-update.vue
<s> [webpack.Progress] 67% building 844/880 modules 36 active F:\springboot32e20828n\springboot32e20828n\src\main\resources\admin\node_modules\cache-loader\dist\cjs.js??ref--0-0!F:\springboot32e20828n\springboot32e20828n\src\main\resources\admin\node_modules\vue-loader\lib\index.js??vue-loader-options!F:\springboot32e20828n\springboot32e20828n\src\main\resources\admin\src\views\modules\yuangongqiandao\add-or-update.vue
<s> [webpack.Progress] 67% building 844/881 modules 37 active F:\springboot32e20828n\springboot32e20828n\src\main\resources\admin\node_modules\cache-loader\dist\cjs.js??ref--0-0!F:\springboot32e20828n\springboot32e20828n\src\main\resources\admin\node_modules\vue-loader\lib\index.js??vue-loader-options!F:\springboot32e20828n\springboot32e20828n\src\main\resources\admin\src\views\modules\renshiguanliyuan\add-or-update.vue
<s> [webpack.Progress] 67% building 845/881 modules 36 active F:\springboot32e20828n\springboot32e20828n\src\main\resources\admin\node_modules\cache-loader\dist\cjs.js??ref--0-0!F:\springboot32e20828n\springboot32e20828n\src\main\resources\admin\node_modules\vue-loader\lib\index.js??vue-loader-options!F:\springboot32e20828n\springboot32e20828n\src\main\resources\admin\src\views\modules\renshiguanliyuan\add-or-update.vue
<s> [webpack.Progress] 67% building 846/881 modules 35 active F:\springboot32e20828n\springboot32e20828n\src\main\resources\admin\node_modules\cache-loader\dist\cjs.js??ref--0-0!F:\springboot32e20828n\springboot32e20828n\src\main\resources\admin\node_modules\vue-loader\lib\index.js??vue-loader-options!F:\springboot32e20828n\springboot32e20828n\src\main\resources\admin\src\views\modules\renshiguanliyuan\add-or-update.vue
<s> [webpack.Progress] 67% building 847/881 modules 34 active F:\springboot32e20828n\springboot32e20828n\src\main\resources\admin\node_modules\cache-loader\dist\cjs.js??ref--0-0!F:\springboot32e20828n\springboot32e20828n\src\main\resources\admin\node_modules\vue-loader\lib\index.js??vue-loader-options!F:\springboot32e20828n\springboot32e20828n\src\main\resources\admin\src\views\modules\renshiguanliyuan\add-or-update.vue
<s> [webpack.Progress] 67% building 848/881 modules 33 active F:\springboot32e20828n\springboot32e20828n\src\main\resources\admin\node_modules\cache-loader\dist\cjs.js??ref--0-0!F:\springboot32e20828n\springboot32e20828n\src\main\resources\admin\node_modules\vue-loader\lib\index.js??vue-loader-options!F:\springboot32e20828n\springboot32e20828n\src\main\resources\admin\src\views\modules\renshiguanliyuan\add-or-update.vue
<s> [webpack.Progress] 67% building 849/881 modules 32 active F:\springboot32e20828n\springboot32e20828n\src\main\resources\admin\node_modules\cache-loader\dist\cjs.js??ref--0-0!F:\springboot32e20828n\springboot32e20828n\src\main\resources\admin\node_modules\vue-loader\lib\index.js??vue-loader-options!F:\springboot32e20828n\springboot32e20828n\src\main\resources\admin\src\views\modules\renshiguanliyuan\add-or-update.vue
<s> [webpack.Progress] 67% building 850/881 modules 31 active F:\springboot32e20828n\springboot32e20828n\src\main\resources\admin\node_modules\cache-loader\dist\cjs.js??ref--0-0!F:\springboot32e20828n\springboot32e20828n\src\main\resources\admin\node_modules\vue-loader\lib\index.js??vue-loader-options!F:\springboot32e20828n\springboot32e20828n\src\main\resources\admin\src\views\modules\renshiguanliyuan\add-or-update.vue
<s> [webpack.Progress] 67% building 851/881 modules 30 active F:\springboot32e20828n\springboot32e20828n\src\main\resources\admin\node_modules\cache-loader\dist\cjs.js??ref--0-0!F:\springboot32e20828n\springboot32e20828n\src\main\resources\admin\node_modules\vue-loader\lib\index.js??vue-loader-options!F:\springboot32e20828n\springboot32e20828n\src\main\resources\admin\src\views\modules\renshiguanliyuan\add-or-update.vue
<s> [webpack.Progress] 68% building 852/881 modules 29 active F:\springboot32e20828n\springboot32e20828n\src\main\resources\admin\node_modules\cache-loader\dist\cjs.js??ref--0-0!F:\springboot32e20828n\springboot32e20828n\src\main\resources\admin\node_modules\vue-loader\lib\index.js??vue-loader-options!F:\springboot32e20828n\springboot32e20828n\src\main\resources\admin\src\views\modules\renshiguanliyuan\add-or-update.vue
<s> [webpack.Progress] 68% building 853/881 modules 28 active F:\springboot32e20828n\springboot32e20828n\src\main\resources\admin\node_modules\cache-loader\dist\cjs.js??ref--0-0!F:\springboot32e20828n\springboot32e20828n\src\main\resources\admin\node_modules\vue-loader\lib\index.js??vue-loader-options!F:\springboot32e20828n\springboot32e20828n\src\main\resources\admin\src\views\modules\renshiguanliyuan\add-or-update.vue
<s> [webpack.Progress] 68% building 854/881 modules 27 active F:\springboot32e20828n\springboot32e20828n\src\main\resources\admin\node_modules\cache-loader\dist\cjs.js??ref--0-0!F:\springboot32e20828n\springboot32e20828n\src\main\resources\admin\node_modules\vue-loader\lib\index.js??vue-loader-options!F:\springboot32e20828n\springboot32e20828n\src\main\resources\admin\src\views\modules\renshiguanliyuan\add-or-update.vue
<s> [webpack.Progress] 68% building 855/881 modules 26 active F:\springboot32e20828n\springboot32e20828n\src\main\resources\admin\node_modules\cache-loader\dist\cjs.js??ref--0-0!F:\springboot32e20828n\springboot32e20828n\src\main\resources\admin\node_modules\vue-loader\lib\index.js??vue-loader-options!F:\springboot32e20828n\springboot32e20828n\src\main\resources\admin\src\views\modules\renshiguanliyuan\add-or-update.vue
<s> [webpack.Progress] 68% building 856/881 modules 25 active F:\springboot32e20828n\springboot32e20828n\src\main\resources\admin\node_modules\cache-loader\dist\cjs.js??ref--0-0!F:\springboot32e20828n\springboot32e20828n\src\main\resources\admin\node_modules\vue-loader\lib\index.js??vue-loader-options!F:\springboot32e20828n\springboot32e20828n\src\main\resources\admin\src\views\modules\renshiguanliyuan\add-or-update.vue
<s> [webpack.Progress] 68% building 857/881 modules 24 active F:\springboot32e20828n\springboot32e20828n\src\main\resources\admin\node_modules\cache-loader\dist\cjs.js??ref--0-0!F:\springboot32e20828n\springboot32e20828n\src\main\resources\admin\node_modules\vue-loader\lib\index.js??vue-loader-options!F:\springboot32e20828n\springboot32e20828n\src\main\resources\admin\src\views\modules\renshiguanliyuan\add-or-update.vue
<s> [webpack.Progress] 68% building 858/881 modules 23 active F:\springboot32e20828n\springboot32e20828n\src\main\resources\admin\node_modules\cache-loader\dist\cjs.js??ref--0-0!F:\springboot32e20828n\springboot32e20828n\src\main\resources\admin\node_modules\vue-loader\lib\index.js??vue-loader-options!F:\springboot32e20828n\springboot32e20828n\src\main\resources\admin\src\views\modules\renshiguanliyuan\add-or-update.vue
<s> [webpack.Progress] 68% building 859/881 modules 22 active F:\springboot32e20828n\springboot32e20828n\src\main\resources\admin\node_modules\cache-loader\dist\cjs.js??ref--0-0!F:\springboot32e20828n\springboot32e20828n\src\main\resources\admin\node_modules\vue-loader\lib\index.js??vue-loader-options!F:\springboot32e20828n\springboot32e20828n\src\main\resources\admin\src\views\modules\renshiguanliyuan\add-or-update.vue
<s> [webpack.Progress] 68% building 860/881 modules 21 active F:\springboot32e20828n\springboot32e20828n\src\main\resources\admin\node_modules\cache-loader\dist\cjs.js??ref--0-0!F:\springboot32e20828n\springboot32e20828n\src\main\resources\admin\node_modules\vue-loader\lib\index.js??vue-loader-options!F:\springboot32e20828n\springboot32e20828n\src\main\resources\admin\src\views\modules\renshiguanliyuan\add-or-update.vue
<s> [webpack.Progress] 68% building 861/881 modules 20 active F:\springboot32e20828n\springboot32e20828n\src\main\resources\admin\node_modules\cache-loader\dist\cjs.js??ref--0-0!F:\springboot32e20828n\springboot32e20828n\src\main\resources\admin\node_modules\vue-loader\lib\index.js??vue-loader-options!F:\springboot32e20828n\springboot32e20828n\src\main\resources\admin\src\views\modules\renshiguanliyuan\add-or-update.vue
<s> [webpack.Progress] 68% building 862/881 modules 19 active F:\springboot32e20828n\springboot32e20828n\src\main\resources\admin\node_modules\cache-loader\dist\cjs.js??ref--0-0!F:\springboot32e20828n\springboot32e20828n\src\main\resources\admin\node_modules\vue-loader\lib\index.js??vue-loader-options!F:\springboot32e20828n\springboot32e20828n\src\main\resources\admin\src\views\modules\renshiguanliyuan\add-or-update.vue
<s> [webpack.Progress] 68% building 863/881 modules 18 active F:\springboot32e20828n\springboot32e20828n\src\main\resources\admin\node_modules\cache-loader\dist\cjs.js??ref--0-0!F:\springboot32e20828n\springboot32e20828n\src\main\resources\admin\node_modules\vue-loader\lib\index.js??vue-loader-options!F:\springboot32e20828n\springboot32e20828n\src\main\resources\admin\src\views\modules\renshiguanliyuan\add-or-update.vue
<s> [webpack.Progress] 68% building 864/881 modules 17 active F:\springboot32e20828n\springboot32e20828n\src\main\resources\admin\node_modules\cache-loader\dist\cjs.js??ref--0-0!F:\springboot32e20828n\springboot32e20828n\src\main\resources\admin\node_modules\vue-loader\lib\index.js??vue-loader-options!F:\springboot32e20828n\springboot32e20828n\src\main\resources\admin\src\views\modules\renshiguanliyuan\add-or-update.vue
<s> [webpack.Progress] 68% building 865/881 modules 16 active F:\springboot32e20828n\springboot32e20828n\src\main\resources\admin\node_modules\cache-loader\dist\cjs.js??ref--0-0!F:\springboot32e20828n\springboot32e20828n\src\main\resources\admin\node_modules\vue-loader\lib\index.js??vue-loader-options!F:\springboot32e20828n\springboot32e20828n\src\main\resources\admin\src\views\modules\renshiguanliyuan\add-or-update.vue
<s> [webpack.Progress] 68% building 866/881 modules 15 active F:\springboot32e20828n\springboot32e20828n\src\main\resources\admin\node_modules\cache-loader\dist\cjs.js??ref--0-0!F:\springboot32e20828n\springboot32e20828n\src\main\resources\admin\node_modules\vue-loader\lib\index.js??vue-loader-options!F:\springboot32e20828n\springboot32e20828n\src\main\resources\admin\src\views\modules\renshiguanliyuan\add-or-update.vue
<s> [webpack.Progress] 69% building 867/881 modules 14 active F:\springboot32e20828n\springboot32e20828n\src\main\resources\admin\node_modules\cache-loader\dist\cjs.js??ref--0-0!F:\springboot32e20828n\springboot32e20828n\src\main\resources\admin\node_modules\vue-loader\lib\index.js??vue-loader-options!F:\springboot32e20828n\springboot32e20828n\src\main\resources\admin\src\views\modules\renshiguanliyuan\add-or-update.vue
<s> [webpack.Progress] 69% building 868/881 modules 13 active F:\springboot32e20828n\springboot32e20828n\src\main\resources\admin\node_modules\cache-loader\dist\cjs.js??ref--0-0!F:\springboot32e20828n\springboot32e20828n\src\main\resources\admin\node_modules\vue-loader\lib\index.js??vue-loader-options!F:\springboot32e20828n\springboot32e20828n\src\main\resources\admin\src\views\modules\renshiguanliyuan\add-or-update.vue
<s> [webpack.Progress] 69% building 868/882 modules 14 active F:\springboot32e20828n\springboot32e20828n\src\main\resources\admin\node_modules\cache-loader\dist\cjs.js??ref--0-0!F:\springboot32e20828n\springboot32e20828n\src\main\resources\admin\node_modules\vue-loader\lib\index.js??vue-loader-options!F:\springboot32e20828n\springboot32e20828n\src\main\resources\admin\src\components\index\IndexMain.vue
<s> [webpack.Progress] 69% building 869/882 modules 13 active F:\springboot32e20828n\springboot32e20828n\src\main\resources\admin\node_modules\cache-loader\dist\cjs.js??ref--0-0!F:\springboot32e20828n\springboot32e20828n\src\main\resources\admin\node_modules\vue-loader\lib\index.js??vue-loader-options!F:\springboot32e20828n\springboot32e20828n\src\main\resources\admin\src\components\index\IndexMain.vue
<s> [webpack.Progress] 69% building 870/882 modules 12 active F:\springboot32e20828n\springboot32e20828n\src\main\resources\admin\node_modules\cache-loader\dist\cjs.js??ref--0-0!F:\springboot32e20828n\springboot32e20828n\src\main\resources\admin\node_modules\vue-loader\lib\index.js??vue-loader-options!F:\springboot32e20828n\springboot32e20828n\src\main\resources\admin\src\components\index\IndexMain.vue
<s> [webpack.Progress] 69% building 871/882 modules 11 active F:\springboot32e20828n\springboot32e20828n\src\main\resources\admin\node_modules\cache-loader\dist\cjs.js??ref--0-0!F:\springboot32e20828n\springboot32e20828n\src\main\resources\admin\node_modules\vue-loader\lib\index.js??vue-loader-options!F:\springboot32e20828n\springboot32e20828n\src\main\resources\admin\src\components\index\IndexMain.vue
<s> [webpack.Progress] 69% building 872/882 modules 10 active F:\springboot32e20828n\springboot32e20828n\src\main\resources\admin\node_modules\cache-loader\dist\cjs.js??ref--0-0!F:\springboot32e20828n\springboot32e20828n\src\main\resources\admin\node_modules\vue-loader\lib\index.js??vue-loader-options!F:\springboot32e20828n\springboot32e20828n\src\main\resources\admin\src\components\index\IndexMain.vue
<s> [webpack.Progress] 69% building 873/882 modules 9 active F:\springboot32e20828n\springboot32e20828n\src\main\resources\admin\node_modules\cache-loader\dist\cjs.js??ref--0-0!F:\springboot32e20828n\springboot32e20828n\src\main\resources\admin\node_modules\vue-loader\lib\index.js??vue-loader-options!F:\springboot32e20828n\springboot32e20828n\src\main\resources\admin\src\components\index\IndexMain.vue
<s> [webpack.Progress] 69% building 874/882 modules 8 active F:\springboot32e20828n\springboot32e20828n\src\main\resources\admin\node_modules\cache-loader\dist\cjs.js??ref--0-0!F:\springboot32e20828n\springboot32e20828n\src\main\resources\admin\node_modules\vue-loader\lib\index.js??vue-loader-options!F:\springboot32e20828n\springboot32e20828n\src\main\resources\admin\src\components\index\IndexMain.vue
<s> [webpack.Progress] 69% building 874/883 modules 9 active F:\springboot32e20828n\springboot32e20828n\src\main\resources\admin\node_modules\echarts\lib\chart\line\LineSeries.js
<s> [webpack.Progress] 69% building 874/884 modules 10 active F:\springboot32e20828n\springboot32e20828n\src\main\resources\admin\node_modules\echarts\lib\chart\line\LineView.js
<s> [webpack.Progress] 69% building 874/885 modules 11 active F:\springboot32e20828n\springboot32e20828n\src\main\resources\admin\node_modules\echarts\lib\layout\points.js
<s> [webpack.Progress] 69% building 874/886 modules 12 active F:\springboot32e20828n\springboot32e20828n\src\main\resources\admin\node_modules\echarts\lib\processor\dataSample.js
<s> [webpack.Progress] 69% building 874/887 modules 13 active F:\springboot32e20828n\springboot32e20828n\src\main\resources\admin\node_modules\echarts\lib\chart\bar\BarSeries.js
<s> [webpack.Progress] 69% building 874/888 modules 14 active F:\springboot32e20828n\springboot32e20828n\src\main\resources\admin\node_modules\echarts\lib\chart\pie\pieLayout.js
<s> [webpack.Progress] 68% building 874/889 modules 15 active F:\springboot32e20828n\springboot32e20828n\src\main\resources\admin\node_modules\echarts\lib\chart\bar\BarView.js
<s> [webpack.Progress] 68% building 874/890 modules 16 active F:\springboot32e20828n\springboot32e20828n\src\main\resources\admin\node_modules\echarts\lib\processor\dataFilter.js
<s> [webpack.Progress] 68% building 874/891 modules 17 active F:\springboot32e20828n\springboot32e20828n\src\main\resources\admin\node_modules\echarts\lib\processor\negativeDataFilter.js
<s> [webpack.Progress] 68% building 874/892 modules 18 active F:\springboot32e20828n\springboot32e20828n\src\main\resources\admin\node_modules\echarts\lib\chart\bar\PictorialBarView.js
<s> [webpack.Progress] 68% building 874/893 modules 19 active F:\springboot32e20828n\springboot32e20828n\src\main\resources\admin\node_modules\echarts\lib\chart\tree\TreeView.js
<s> [webpack.Progress] 68% building 874/894 modules 20 active F:\springboot32e20828n\springboot32e20828n\src\main\resources\admin\node_modules\echarts\lib\chart\treemap\treemapAction.js
<s> [webpack.Progress] 68% building 874/895 modules 21 active F:\springboot32e20828n\springboot32e20828n\src\main\resources\admin\node_modules\echarts\lib\chart\radar\RadarSeries.js
<s> [webpack.Progress] 68% building 874/896 modules 22 active F:\springboot32e20828n\springboot32e20828n\src\main\resources\admin\node_modules\echarts\lib\chart\map\mapSymbolLayout.js
<s> [webpack.Progress] 68% building 874/897 modules 23 active F:\springboot32e20828n\springboot32e20828n\src\main\resources\admin\node_modules\echarts\lib\chart\graph\categoryFilter.js
<s> [webpack.Progress] 68% building 874/898 modules 24 active F:\springboot32e20828n\springboot32e20828n\src\main\resources\admin\node_modules\echarts\lib\chart\parallel\parallelVisual.js
<s> [webpack.Progress] 68% building 874/899 modules 25 active F:\springboot32e20828n\springboot32e20828n\src\main\resources\admin\node_modules\echarts\lib\chart\sankey\SankeyView.js
<s> [webpack.Progress] 68% building 874/900 modules 26 active F:\springboot32e20828n\springboot32e20828n\src\main\resources\admin\node_modules\echarts\lib\chart\funnel\FunnelView.js
<s> [webpack.Progress] 68% building 874/901 modules 27 active F:\springboot32e20828n\springboot32e20828n\src\main\resources\admin\node_modules\echarts\lib\chart\candlestick\CandlestickView.js
<s> [webpack.Progress] 68% building 874/902 modules 28 active F:\springboot32e20828n\springboot32e20828n\src\main\resources\admin\node_modules\echarts\lib\chart\gauge\GaugeView.js
<s> [webpack.Progress] 68% building 874/903 modules 29 active F:\springboot32e20828n\springboot32e20828n\src\main\resources\admin\node_modules\echarts\lib\chart\boxplot\BoxplotSeries.js
<s> [webpack.Progress] 68% building 874/904 modules 30 active F:\springboot32e20828n\springboot32e20828n\src\main\resources\admin\node_modules\echarts\lib\chart\lines\LinesView.js
<s> [webpack.Progress] 67% building 874/905 modules 31 active F:\springboot32e20828n\springboot32e20828n\src\main\resources\admin\node_modules\echarts\lib\chart\effectScatter\EffectScatterView.js
<s> [webpack.Progress] 67% building 874/906 modules 32 active F:\springboot32e20828n\springboot32e20828n\src\main\resources\admin\node_modules\echarts\lib\chart\themeRiver\ThemeRiverView.js
<s> [webpack.Progress] 67% building 874/907 modules 33 active F:\springboot32e20828n\springboot32e20828n\src\main\resources\admin\node_modules\echarts\lib\chart\sunburst\SunburstView.js
<s> [webpack.Progress] 67% building 874/908 modules 34 active F:\springboot32e20828n\springboot32e20828n\src\main\resources\admin\node_modules\echarts\lib\chart\heatmap\HeatmapView.js
<s> [webpack.Progress] 67% building 874/909 modules 35 active F:\springboot32e20828n\springboot32e20828n\src\main\resources\admin\node_modules\echarts\lib\chart\heatmap\HeatmapSeries.js
<s> [webpack.Progress] 67% building 874/910 modules 36 active F:\springboot32e20828n\springboot32e20828n\src\main\resources\admin\node_modules\echarts\lib\chart\custom\CustomSeries.js
<s> [webpack.Progress] 67% building 875/910 modules 35 active F:\springboot32e20828n\springboot32e20828n\src\main\resources\admin\node_modules\echarts\lib\chart\custom\CustomSeries.js
<s> [webpack.Progress] 67% building 875/911 modules 36 active F:\springboot32e20828n\springboot32e20828n\src\main\resources\admin\node_modules\echarts\lib\component\tooltip\TooltipView.js
<s> [webpack.Progress] 67% building 875/912 modules 37 active F:\springboot32e20828n\springboot32e20828n\src\main\resources\admin\node_modules\echarts\lib\visual\aria.js
<s> [webpack.Progress] 67% building 875/913 modules 38 active F:\springboot32e20828n\springboot32e20828n\src\main\resources\admin\node_modules\echarts\lib\component\transform\filterTransform.js
<s> [webpack.Progress] 67% building 875/914 modules 39 active F:\springboot32e20828n\springboot32e20828n\src\main\resources\admin\node_modules\echarts\lib\component\transform\sortTransform.js
<s> [webpack.Progress] 67% building 875/915 modules 40 active F:\springboot32e20828n\springboot32e20828n\src\main\resources\admin\node_modules\echarts\lib\component\aria\preprocessor.js
<s> [webpack.Progress] 67% building 875/916 modules 41 active F:\springboot32e20828n\springboot32e20828n\src\main\resources\admin\node_modules\echarts\lib\component\visualMap\ContinuousModel.js
<s> [webpack.Progress] 67% building 875/917 modules 42 active F:\springboot32e20828n\springboot32e20828n\src\main\resources\admin\node_modules\echarts\lib\component\visualMap\PiecewiseModel.js
<s> [webpack.Progress] 67% building 875/918 modules 43 active F:\springboot32e20828n\springboot32e20828n\src\main\resources\admin\node_modules\echarts\lib\component\visualMap\installCommon.js
<s> [webpack.Progress] 67% building 875/919 modules 44 active F:\springboot32e20828n\springboot32e20828n\src\main\resources\admin\node_modules\echarts\lib\component\visualMap\PiecewiseView.js
<s> [webpack.Progress] 67% building 875/920 modules 45 active F:\springboot32e20828n\springboot32e20828n\src\main\resources\admin\node_modules\echarts\lib\component\visualMap\ContinuousView.js
<s> [webpack.Progress] 67% building 875/921 modules 46 active F:\springboot32e20828n\springboot32e20828n\src\main\resources\admin\node_modules\echarts\lib\component\tooltip\TooltipModel.js
<s> [webpack.Progress] 66% building 875/922 modules 47 active F:\springboot32e20828n\springboot32e20828n\src\main\resources\admin\node_modules\async-validator\es\rule\whitespace.js
<s> [webpack.Progress] 66% building 875/923 modules 48 active F:\springboot32e20828n\springboot32e20828n\src\main\resources\admin\node_modules\async-validator\es\rule\type.js
<s> [webpack.Progress] 66% building 875/924 modules 49 active F:\springboot32e20828n\springboot32e20828n\src\main\resources\admin\node_modules\async-validator\es\rule\range.js
<s> [webpack.Progress] 66% building 875/925 modules 50 active F:\springboot32e20828n\springboot32e20828n\src\main\resources\admin\node_modules\async-validator\es\rule\required.js
<s> [webpack.Progress] 66% building 875/926 modules 51 active F:\springboot32e20828n\springboot32e20828n\src\main\resources\admin\node_modules\async-validator\es\rule\pattern.js
<s> [webpack.Progress] 66% building 875/927 modules 52 active F:\springboot32e20828n\springboot32e20828n\src\main\resources\admin\node_modules\async-validator\es\rule\enum.js
<s> [webpack.Progress] 66% building 875/928 modules 53 active F:\springboot32e20828n\springboot32e20828n\src\main\resources\admin\node_modules\echarts\lib\component\dataZoom\SliderZoomModel.js
<s> [webpack.Progress] 66% building 875/929 modules 54 active F:\springboot32e20828n\springboot32e20828n\src\main\resources\admin\node_modules\echarts\lib\component\dataZoom\InsideZoomModel.js
<s> [webpack.Progress] 66% building 875/930 modules 55 active F:\springboot32e20828n\springboot32e20828n\src\main\resources\admin\node_modules\echarts\lib\component\dataZoom\installCommon.js
<s> [webpack.Progress] 66% building 875/931 modules 56 active F:\springboot32e20828n\springboot32e20828n\src\main\resources\admin\node_modules\echarts\lib\component\legend\LegendModel.js
<s> [webpack.Progress] 66% building 875/932 modules 57 active F:\springboot32e20828n\springboot32e20828n\src\main\resources\admin\node_modules\echarts\lib\component\legend\legendAction.js
<s> [webpack.Progress] 66% building 875/933 modules 58 active F:\springboot32e20828n\springboot32e20828n\src\main\resources\admin\node_modules\echarts\lib\component\legend\scrollableLegendAction.js
<s> [webpack.Progress] 66% building 875/934 modules 59 active F:\springboot32e20828n\springboot32e20828n\src\main\resources\admin\node_modules\echarts\lib\component\marker\checkMarkerInSeries.js
<s> [webpack.Progress] 66% building 875/935 modules 60 active F:\springboot32e20828n\springboot32e20828n\src\main\resources\admin\node_modules\echarts\lib\component\timeline\SliderTimelineModel.js
<s> [webpack.Progress] 66% building 875/936 modules 61 active F:\springboot32e20828n\springboot32e20828n\src\main\resources\admin\node_modules\echarts\lib\coord\radar\RadarModel.js
<s> [webpack.Progress] 66% building 875/937 modules 62 active F:\springboot32e20828n\springboot32e20828n\src\main\resources\admin\node_modules\echarts\lib\coord\radar\Radar.js
<s> [webpack.Progress] 65% building 875/938 modules 63 active F:\springboot32e20828n\springboot32e20828n\src\main\resources\admin\node_modules\echarts\lib\component\brush\preprocessor.js
<s> [webpack.Progress] 65% building 875/939 modules 64 active F:\springboot32e20828n\springboot32e20828n\src\main\resources\admin\node_modules\echarts\lib\coord\geo\GeoModel.js
<s> [webpack.Progress] 65% building 875/940 modules 65 active F:\springboot32e20828n\springboot32e20828n\src\main\resources\admin\node_modules\vue-quill-editor\dist\vue-quill-editor.js
<s> [webpack.Progress] 65% building 875/941 modules 66 active F:\springboot32e20828n\springboot32e20828n\src\main\resources\admin\node_modules\echarts\lib\scale\helper.js
<s> [webpack.Progress] 65% building 875/942 modules 67 active F:\springboot32e20828n\springboot32e20828n\src\main\resources\admin\node_modules\echarts\lib\util\vendor.js
<s> [webpack.Progress] 65% building 875/943 modules 68 active F:\springboot32e20828n\springboot32e20828n\src\main\resources\admin\node_modules\babel-runtime\node_modules\core-js\library\fn\symbol\iterator.js
<s> [webpack.Progress] 65% building 875/944 modules 69 active F:\springboot32e20828n\springboot32e20828n\src\main\resources\admin\node_modules\babel-runtime\node_modules\core-js\library\fn\object\assign.js
<s> [webpack.Progress] 65% building 875/945 modules 70 active F:\springboot32e20828n\springboot32e20828n\src\main\resources\admin\node_modules\echarts\lib\data\OrdinalMeta.js
<s> [webpack.Progress] 65% building 875/946 modules 71 active F:\springboot32e20828n\springboot32e20828n\src\main\resources\admin\node_modules\echarts\lib\coord\axisModelCreator.js
<s> [webpack.Progress] 65% building 875/947 modules 72 active F:\springboot32e20828n\springboot32e20828n\src\main\resources\admin\node_modules\echarts\lib\component\axisPointer\SingleAxisPointer.js
<s> [webpack.Progress] 65% building 875/948 modules 73 active F:\springboot32e20828n\springboot32e20828n\src\main\resources\admin\node_modules\echarts\lib\coord\geo\geoSourceManager.js
<s> [webpack.Progress] 65% building 875/949 modules 74 active F:\springboot32e20828n\springboot32e20828n\src\main\resources\admin\node_modules\core-js\internals\string-pad.js
<s> [webpack.Progress] 65% building 876/949 modules 73 active F:\springboot32e20828n\springboot32e20828n\src\main\resources\admin\node_modules\core-js\internals\string-pad.js
<s> [webpack.Progress] 65% building 877/949 modules 72 active F:\springboot32e20828n\springboot32e20828n\src\main\resources\admin\node_modules\core-js\internals\string-pad.js
<s> [webpack.Progress] 65% building 878/949 modules 71 active F:\springboot32e20828n\springboot32e20828n\src\main\resources\admin\node_modules\core-js\internals\string-pad.js
<s> [webpack.Progress] 65% building 879/949 modules 70 active F:\springboot32e20828n\springboot32e20828n\src\main\resources\admin\node_modules\core-js\internals\string-pad.js
<s> [webpack.Progress] 65% building 880/949 modules 69 active F:\springboot32e20828n\springboot32e20828n\src\main\resources\admin\node_modules\core-js\internals\string-pad.js
<s> [webpack.Progress] 65% building 881/949 modules 68 active F:\springboot32e20828n\springboot32e20828n\src\main\resources\admin\node_modules\core-js\internals\string-pad.js
<s> [webpack.Progress] 65% building 882/949 modules 67 active F:\springboot32e20828n\springboot32e20828n\src\main\resources\admin\node_modules\core-js\internals\string-pad.js
<s> [webpack.Progress] 65% building 882/950 modules 68 active F:\springboot32e20828n\springboot32e20828n\src\main\resources\admin\node_modules\core-js\internals\string-pad-webkit-bug.js
<s> [webpack.Progress] 65% building 883/950 modules 67 active F:\springboot32e20828n\springboot32e20828n\src\main\resources\admin\node_modules\core-js\internals\string-pad-webkit-bug.js
<s> [webpack.Progress] 65% building 884/950 modules 66 active F:\springboot32e20828n\springboot32e20828n\src\main\resources\admin\node_modules\core-js\internals\string-pad-webkit-bug.js
<s> [webpack.Progress] 65% building 885/950 modules 65 active F:\springboot32e20828n\springboot32e20828n\src\main\resources\admin\node_modules\core-js\internals\string-pad-webkit-bug.js
<s> [webpack.Progress] 65% building 886/950 modules 64 active F:\springboot32e20828n\springboot32e20828n\src\main\resources\admin\node_modules\core-js\internals\string-pad-webkit-bug.js
<s> [webpack.Progress] 66% building 887/950 modules 63 active F:\springboot32e20828n\springboot32e20828n\src\main\resources\admin\node_modules\core-js\internals\string-pad-webkit-bug.js
<s> [webpack.Progress] 66% building 888/950 modules 62 active F:\springboot32e20828n\springboot32e20828n\src\main\resources\admin\node_modules\core-js\internals\string-pad-webkit-bug.js
<s> [webpack.Progress] 66% building 889/950 modules 61 active F:\springboot32e20828n\springboot32e20828n\src\main\resources\admin\node_modules\core-js\internals\string-pad-webkit-bug.js
<s> [webpack.Progress] 66% building 890/950 modules 60 active F:\springboot32e20828n\springboot32e20828n\src\main\resources\admin\node_modules\core-js\internals\string-pad-webkit-bug.js
<s> [webpack.Progress] 66% building 891/950 modules 59 active F:\springboot32e20828n\springboot32e20828n\src\main\resources\admin\node_modules\core-js\internals\string-pad-webkit-bug.js
<s> [webpack.Progress] 66% building 892/950 modules 58 active F:\springboot32e20828n\springboot32e20828n\src\main\resources\admin\node_modules\core-js\internals\string-pad-webkit-bug.js
<s> [webpack.Progress] 66% building 893/950 modules 57 active F:\springboot32e20828n\springboot32e20828n\src\main\resources\admin\node_modules\core-js\internals\string-pad-webkit-bug.js
<s> [webpack.Progress] 66% building 894/950 modules 56 active F:\springboot32e20828n\springboot32e20828n\src\main\resources\admin\node_modules\core-js\internals\string-pad-webkit-bug.js
<s> [webpack.Progress] 66% building 895/950 modules 55 active F:\springboot32e20828n\springboot32e20828n\src\main\resources\admin\node_modules\core-js\internals\string-pad-webkit-bug.js
<s> [webpack.Progress] 66% building 896/950 modules 54 active F:\springboot32e20828n\springboot32e20828n\src\main\resources\admin\node_modules\core-js\internals\string-pad-webkit-bug.js
<s> [webpack.Progress] 66% building 897/950 modules 53 active F:\springboot32e20828n\springboot32e20828n\src\main\resources\admin\node_modules\core-js\internals\string-pad-webkit-bug.js
<s> [webpack.Progress] 66% building 898/950 modules 52 active F:\springboot32e20828n\springboot32e20828n\src\main\resources\admin\node_modules\core-js\internals\string-pad-webkit-bug.js
<s> [webpack.Progress] 66% building 899/950 modules 51 active F:\springboot32e20828n\springboot32e20828n\src\main\resources\admin\node_modules\core-js\internals\string-pad-webkit-bug.js
<s> [webpack.Progress] 66% building 900/950 modules 50 active F:\springboot32e20828n\springboot32e20828n\src\main\resources\admin\node_modules\core-js\internals\string-pad-webkit-bug.js
<s> [webpack.Progress] 66% building 901/950 modules 49 active F:\springboot32e20828n\springboot32e20828n\src\main\resources\admin\node_modules\core-js\internals\string-pad-webkit-bug.js
<s> [webpack.Progress] 66% building 902/950 modules 48 active F:\springboot32e20828n\springboot32e20828n\src\main\resources\admin\node_modules\core-js\internals\string-pad-webkit-bug.js
<s> [webpack.Progress] 67% building 903/950 modules 47 active F:\springboot32e20828n\springboot32e20828n\src\main\resources\admin\node_modules\core-js\internals\string-pad-webkit-bug.js
<s> [webpack.Progress] 67% building 904/950 modules 46 active F:\springboot32e20828n\springboot32e20828n\src\main\resources\admin\node_modules\core-js\internals\string-pad-webkit-bug.js
<s> [webpack.Progress] 67% building 905/950 modules 45 active F:\springboot32e20828n\springboot32e20828n\src\main\resources\admin\node_modules\core-js\internals\string-pad-webkit-bug.js
<s> [webpack.Progress] 67% building 905/951 modules 46 active F:\springboot32e20828n\springboot32e20828n\src\main\resources\admin\node_modules\echarts\lib\component\axis\AxisView.js
<s> [webpack.Progress] 67% building 905/952 modules 47 active F:\springboot32e20828n\springboot32e20828n\src\main\resources\admin\node_modules\echarts\lib\component\axis\SingleAxisView.js
<s> [webpack.Progress] 66% building 905/953 modules 48 active F:\springboot32e20828n\springboot32e20828n\src\main\resources\admin\node_modules\echarts\lib\coord\calendar\CalendarModel.js
<s> [webpack.Progress] 67% building 906/953 modules 47 active F:\springboot32e20828n\springboot32e20828n\src\main\resources\admin\node_modules\echarts\lib\coord\calendar\CalendarModel.js
<s> [webpack.Progress] 66% building 906/954 modules 48 active F:\springboot32e20828n\springboot32e20828n\src\main\resources\admin\node_modules\echarts\lib\component\toolbox\feature\DataZoom.js
<s> [webpack.Progress] 66% building 906/955 modules 49 active F:\springboot32e20828n\springboot32e20828n\src\main\resources\admin\node_modules\echarts\lib\coord\parallel\parallelPreprocessor.js
<s> [webpack.Progress] 66% building 907/955 modules 48 active F:\springboot32e20828n\springboot32e20828n\src\main\resources\admin\node_modules\echarts\lib\coord\parallel\parallelPreprocessor.js
<s> [webpack.Progress] 66% building 907/956 modules 49 active F:\springboot32e20828n\springboot32e20828n\src\main\resources\admin\node_modules\core-js\internals\array-fill.js
<s> [webpack.Progress] 66% building 908/956 modules 48 active F:\springboot32e20828n\springboot32e20828n\src\main\resources\admin\node_modules\core-js\internals\array-fill.js
<s> [webpack.Progress] 67% building 909/956 modules 47 active F:\springboot32e20828n\springboot32e20828n\src\main\resources\admin\node_modules\core-js\internals\array-fill.js
<s> [webpack.Progress] 66% building 909/957 modules 48 active F:\springboot32e20828n\springboot32e20828n\src\main\resources\admin\node_modules\core-js\internals\array-reduce.js
<s> [webpack.Progress] 67% building 910/957 modules 47 active F:\springboot32e20828n\springboot32e20828n\src\main\resources\admin\node_modules\core-js\internals\array-reduce.js
<s> [webpack.Progress] 66% building 910/958 modules 48 active F:\springboot32e20828n\springboot32e20828n\src\main\resources\admin\node_modules\core-js\internals\is-integer.js
<s> [webpack.Progress] 67% building 911/958 modules 47 active F:\springboot32e20828n\springboot32e20828n\src\main\resources\admin\node_modules\core-js\internals\is-integer.js
<s> [webpack.Progress] 67% building 912/958 modules 46 active F:\springboot32e20828n\springboot32e20828n\src\main\resources\admin\node_modules\core-js\internals\is-integer.js
<s> [webpack.Progress] 67% building 913/958 modules 45 active F:\springboot32e20828n\springboot32e20828n\src\main\resources\admin\node_modules\core-js\internals\is-integer.js
<s> [webpack.Progress] 67% building 914/958 modules 44 active F:\springboot32e20828n\springboot32e20828n\src\main\resources\admin\node_modules\core-js\internals\is-integer.js
<s> [webpack.Progress] 67% building 915/958 modules 43 active F:\springboot32e20828n\springboot32e20828n\src\main\resources\admin\node_modules\core-js\internals\is-integer.js
<s> [webpack.Progress] 67% building 915/959 modules 44 active F:\springboot32e20828n\springboot32e20828n\src\main\resources\admin\node_modules\echarts\lib\component\geo\GeoView.js
<s> [webpack.Progress] 67% building 916/959 modules 43 active F:\springboot32e20828n\springboot32e20828n\src\main\resources\admin\node_modules\echarts\lib\component\geo\GeoView.js
<s> [webpack.Progress] 67% building 917/959 modules 42 active F:\springboot32e20828n\springboot32e20828n\src\main\resources\admin\node_modules\echarts\lib\component\geo\GeoView.js
<s> [webpack.Progress] 67% building 918/959 modules 41 active F:\springboot32e20828n\springboot32e20828n\src\main\resources\admin\node_modules\echarts\lib\component\geo\GeoView.js
<s> [webpack.Progress] 67% building 919/959 modules 40 active F:\springboot32e20828n\springboot32e20828n\src\main\resources\admin\node_modules\echarts\lib\component\geo\GeoView.js
<s> [webpack.Progress] 67% building 919/960 modules 41 active F:\springboot32e20828n\springboot32e20828n\src\main\resources\admin\node_modules\vue-loader\lib\loaders\pitcher.js??ref--4!F:\springboot32e20828n\springboot32e20828n\src\main\resources\admin\node_modules\cache-loader\dist\cjs.js??ref--0-0!F:\springboot32e20828n\springboot32e20828n\src\main\resources\admin\node_modules\vue-loader\lib\index.js??vue-loader-options!F:\springboot32e20828n\springboot32e20828n\src\main\resources\admin\src\views\modules\zhiweidiaodong\add-or-update.vue?vue&type=template&id=8a064a5e&scoped=true&
<s> [webpack.Progress] 67% building 920/960 modules 40 active F:\springboot32e20828n\springboot32e20828n\src\main\resources\admin\node_modules\echarts\lib\component\geo\GeoView.js
<s> [webpack.Progress] 67% building 920/961 modules 41 active F:\springboot32e20828n\springboot32e20828n\src\main\resources\admin\node_modules\cache-loader\dist\cjs.js?{"cacheDirectory":"node_modules/.cache/vue-loader","cacheIdentifier":"457e6f19-vue-loader-template"}!F:\springboot32e20828n\springboot32e20828n\src\main\resources\admin\node_modules\vue-loader\lib\loaders\templateLoader.js??vue-loader-options!F:\springboot32e20828n\springboot32e20828n\src\main\resources\admin\node_modules\cache-loader\dist\cjs.js??ref--0-0!F:\springboot32e20828n\springboot32e20828n\src\main\resources\admin\node_modules\vue-loader\lib\index.js??vue-loader-options!F:\springboot32e20828n\springboot32e20828n\src\main\resources\admin\src\views\modules\zhiweidiaodong\add-or-update.vue?vue&type=template&id=8a064a5e&scoped=true&
<s> [webpack.Progress] 67% building 921/961 modules 40 active F:\springboot32e20828n\springboot32e20828n\src\main\resources\admin\node_modules\cache-loader\dist\cjs.js?{"cacheDirectory":"node_modules/.cache/vue-loader","cacheIdentifier":"457e6f19-vue-loader-template"}!F:\springboot32e20828n\springboot32e20828n\src\main\resources\admin\node_modules\vue-loader\lib\loaders\templateLoader.js??vue-loader-options!F:\springboot32e20828n\springboot32e20828n\src\main\resources\admin\node_modules\cache-loader\dist\cjs.js??ref--0-0!F:\springboot32e20828n\springboot32e20828n\src\main\resources\admin\node_modules\vue-loader\lib\index.js??vue-loader-options!F:\springboot32e20828n\springboot32e20828n\src\main\resources\admin\src\views\modules\zhiweidiaodong\add-or-update.vue?vue&type=template&id=8a064a5e&scoped=true&
<s> [webpack.Progress] 67% building 922/961 modules 39 active F:\springboot32e20828n\springboot32e20828n\src\main\resources\admin\node_modules\cache-loader\dist\cjs.js?{"cacheDirectory":"node_modules/.cache/vue-loader","cacheIdentifier":"457e6f19-vue-loader-template"}!F:\springboot32e20828n\springboot32e20828n\src\main\resources\admin\node_modules\vue-loader\lib\loaders\templateLoader.js??vue-loader-options!F:\springboot32e20828n\springboot32e20828n\src\main\resources\admin\node_modules\cache-loader\dist\cjs.js??ref--0-0!F:\springboot32e20828n\springboot32e20828n\src\main\resources\admin\node_modules\vue-loader\lib\index.js??vue-loader-options!F:\springboot32e20828n\springboot32e20828n\src\main\resources\admin\src\views\modules\zhiweidiaodong\add-or-update.vue?vue&type=template&id=8a064a5e&scoped=true&
<s> [webpack.Progress] 67% building 923/961 modules 38 active F:\springboot32e20828n\springboot32e20828n\src\main\resources\admin\node_modules\cache-loader\dist\cjs.js?{"cacheDirectory":"node_modules/.cache/vue-loader","cacheIdentifier":"457e6f19-vue-loader-template"}!F:\springboot32e20828n\springboot32e20828n\src\main\resources\admin\node_modules\vue-loader\lib\loaders\templateLoader.js??vue-loader-options!F:\springboot32e20828n\springboot32e20828n\src\main\resources\admin\node_modules\cache-loader\dist\cjs.js??ref--0-0!F:\springboot32e20828n\springboot32e20828n\src\main\resources\admin\node_modules\vue-loader\lib\index.js??vue-loader-options!F:\springboot32e20828n\springboot32e20828n\src\main\resources\admin\src\views\modules\zhiweidiaodong\add-or-update.vue?vue&type=template&id=8a064a5e&scoped=true&
<s> [webpack.Progress] 67% building 924/961 modules 37 active F:\springboot32e20828n\springboot32e20828n\src\main\resources\admin\node_modules\cache-loader\dist\cjs.js?{"cacheDirectory":"node_modules/.cache/vue-loader","cacheIdentifier":"457e6f19-vue-loader-template"}!F:\springboot32e20828n\springboot32e20828n\src\main\resources\admin\node_modules\vue-loader\lib\loaders\templateLoader.js??vue-loader-options!F:\springboot32e20828n\springboot32e20828n\src\main\resources\admin\node_modules\cache-loader\dist\cjs.js??ref--0-0!F:\springboot32e20828n\springboot32e20828n\src\main\resources\admin\node_modules\vue-loader\lib\index.js??vue-loader-options!F:\springboot32e20828n\springboot32e20828n\src\main\resources\admin\src\views\modules\zhiweidiaodong\add-or-update.vue?vue&type=template&id=8a064a5e&scoped=true&
<s> [webpack.Progress] 67% building 924/962 modules 38 active F:\springboot32e20828n\springboot32e20828n\src\main\resources\admin\node_modules\vue-loader\lib\loaders\pitcher.js??ref--4!F:\springboot32e20828n\springboot32e20828n\src\main\resources\admin\node_modules\cache-loader\dist\cjs.js??ref--0-0!F:\springboot32e20828n\springboot32e20828n\src\main\resources\admin\node_modules\vue-loader\lib\index.js??vue-loader-options!F:\springboot32e20828n\springboot32e20828n\src\main\resources\admin\src\views\modules\tongyixinxi\add-or-update.vue?vue&type=template&id=cff13ae0&scoped=true&
<s> [webpack.Progress] 67% building 925/962 modules 37 active F:\springboot32e20828n\springboot32e20828n\src\main\resources\admin\node_modules\cache-loader\dist\cjs.js?{"cacheDirectory":"node_modules/.cache/vue-loader","cacheIdentifier":"457e6f19-vue-loader-template"}!F:\springboot32e20828n\springboot32e20828n\src\main\resources\admin\node_modules\vue-loader\lib\loaders\templateLoader.js??vue-loader-options!F:\springboot32e20828n\springboot32e20828n\src\main\resources\admin\node_modules\cache-loader\dist\cjs.js??ref--0-0!F:\springboot32e20828n\springboot32e20828n\src\main\resources\admin\node_modules\vue-loader\lib\index.js??vue-loader-options!F:\springboot32e20828n\springboot32e20828n\src\main\resources\admin\src\views\modules\zhiweidiaodong\add-or-update.vue?vue&type=template&id=8a064a5e&scoped=true&
<s> [webpack.Progress] 67% building 925/963 modules 38 active F:\springboot32e20828n\springboot32e20828n\src\main\resources\admin\node_modules\vue-loader\lib\loaders\pitcher.js??ref--4!F:\springboot32e20828n\springboot32e20828n\src\main\resources\admin\node_modules\vue-style-loader\index.js??ref--8-oneOf-1-0!F:\springboot32e20828n\springboot32e20828n\src\main\resources\admin\node_modules\css-loader\dist\cjs.js??ref--8-oneOf-1-1!F:\springboot32e20828n\springboot32e20828n\src\main\resources\admin\node_modules\postcss-loader\src\index.js??ref--8-oneOf-1-2!F:\springboot32e20828n\springboot32e20828n\src\main\resources\admin\node_modules\sass-loader\dist\cjs.js??ref--8-oneOf-1-3!F:\springboot32e20828n\springboot32e20828n\src\main\resources\admin\node_modules\cache-loader\dist\cjs.js??ref--0-0!F:\springboot32e20828n\springboot32e20828n\src\main\resources\admin\node_modules\vue-loader\lib\index.js??vue-loader-options!F:\springboot32e20828n\springboot32e20828n\src\main\resources\admin\src\views\modules\tongyixinxi\add-or-update.vue?vue&type=style&index=0&id=cff13ae0&lang=scss&scoped=true&
<s> [webpack.Progress] 67% building 926/963 modules 37 active F:\springboot32e20828n\springboot32e20828n\src\main\resources\admin\node_modules\cache-loader\dist\cjs.js?{"cacheDirectory":"node_modules/.cache/vue-loader","cacheIdentifier":"457e6f19-vue-loader-template"}!F:\springboot32e20828n\springboot32e20828n\src\main\resources\admin\node_modules\vue-loader\lib\loaders\templateLoader.js??vue-loader-options!F:\springboot32e20828n\springboot32e20828n\src\main\resources\admin\node_modules\cache-loader\dist\cjs.js??ref--0-0!F:\springboot32e20828n\springboot32e20828n\src\main\resources\admin\node_modules\vue-loader\lib\index.js??vue-loader-options!F:\springboot32e20828n\springboot32e20828n\src\main\resources\admin\src\views\modules\zhiweidiaodong\add-or-update.vue?vue&type=template&id=8a064a5e&scoped=true&
<s> [webpack.Progress] 67% building 926/964 modules 38 active F:\springboot32e20828n\springboot32e20828n\src\main\resources\admin\node_modules\cache-loader\dist\cjs.js?{"cacheDirectory":"node_modules/.cache/vue-loader","cacheIdentifier":"457e6f19-vue-loader-template"}!F:\springboot32e20828n\springboot32e20828n\src\main\resources\admin\node_modules\vue-loader\lib\loaders\templateLoader.js??vue-loader-options!F:\springboot32e20828n\springboot32e20828n\src\main\resources\admin\node_modules\cache-loader\dist\cjs.js??ref--0-0!F:\springboot32e20828n\springboot32e20828n\src\main\resources\admin\node_modules\vue-loader\lib\index.js??vue-loader-options!F:\springboot32e20828n\springboot32e20828n\src\main\resources\admin\src\views\modules\tongyixinxi\add-or-update.vue?vue&type=template&id=cff13ae0&scoped=true&
<s> [webpack.Progress] 67% building 926/965 modules 39 active F:\springboot32e20828n\springboot32e20828n\src\main\resources\admin\node_modules\vue-style-loader\index.js??ref--8-oneOf-1-0!F:\springboot32e20828n\springboot32e20828n\src\main\resources\admin\node_modules\css-loader\dist\cjs.js??ref--8-oneOf-1-1!F:\springboot32e20828n\springboot32e20828n\src\main\resources\admin\node_modules\vue-loader\lib\loaders\stylePostLoader.js!F:\springboot32e20828n\springboot32e20828n\src\main\resources\admin\node_modules\postcss-loader\src\index.js??ref--8-oneOf-1-2!F:\springboot32e20828n\springboot32e20828n\src\main\resources\admin\node_modules\sass-loader\dist\cjs.js??ref--8-oneOf-1-3!F:\springboot32e20828n\springboot32e20828n\src\main\resources\admin\node_modules\cache-loader\dist\cjs.js??ref--0-0!F:\springboot32e20828n\springboot32e20828n\src\main\resources\admin\node_modules\vue-loader\lib\index.js??vue-loader-options!F:\springboot32e20828n\springboot32e20828n\src\main\resources\admin\src\views\modules\tongyixinxi\add-or-update.vue?vue&type=style&index=0&id=cff13ae0&lang=scss&scoped=true&
<s> [webpack.Progress] 67% building 927/965 modules 38 active F:\springboot32e20828n\springboot32e20828n\src\main\resources\admin\node_modules\cache-loader\dist\cjs.js?{"cacheDirectory":"node_modules/.cache/vue-loader","cacheIdentifier":"457e6f19-vue-loader-template"}!F:\springboot32e20828n\springboot32e20828n\src\main\resources\admin\node_modules\vue-loader\lib\loaders\templateLoader.js??vue-loader-options!F:\springboot32e20828n\springboot32e20828n\src\main\resources\admin\node_modules\cache-loader\dist\cjs.js??ref--0-0!F:\springboot32e20828n\springboot32e20828n\src\main\resources\admin\node_modules\vue-loader\lib\index.js??vue-loader-options!F:\springboot32e20828n\springboot32e20828n\src\main\resources\admin\src\views\modules\tongyixinxi\add-or-update.vue?vue&type=template&id=cff13ae0&scoped=true&
<s> [webpack.Progress] 67% building 927/966 modules 39 active F:\springboot32e20828n\springboot32e20828n\src\main\resources\admin\node_modules\css-loader\dist\cjs.js??ref--8-oneOf-1-1!F:\springboot32e20828n\springboot32e20828n\src\main\resources\admin\node_modules\vue-loader\lib\loaders\stylePostLoader.js!F:\springboot32e20828n\springboot32e20828n\src\main\resources\admin\node_modules\postcss-loader\src\index.js??ref--8-oneOf-1-2!F:\springboot32e20828n\springboot32e20828n\src\main\resources\admin\node_modules\sass-loader\dist\cjs.js??ref--8-oneOf-1-3!F:\springboot32e20828n\springboot32e20828n\src\main\resources\admin\node_modules\cache-loader\dist\cjs.js??ref--0-0!F:\springboot32e20828n\springboot32e20828n\src\main\resources\admin\node_modules\vue-loader\lib\index.js??vue-loader-options!F:\springboot32e20828n\springboot32e20828n\src\main\resources\admin\src\views\modules\tongyixinxi\add-or-update.vue?vue&type=style&index=0&id=cff13ae0&lang=scss&scoped=true&
<s> [webpack.Progress] 67% building 928/966 modules 38 active F:\springboot32e20828n\springboot32e20828n\src\main\resources\admin\node_modules\css-loader\dist\cjs.js??ref--8-oneOf-1-1!F:\springboot32e20828n\springboot32e20828n\src\main\resources\admin\node_modules\vue-loader\lib\loaders\stylePostLoader.js!F:\springboot32e20828n\springboot32e20828n\src\main\resources\admin\node_modules\postcss-loader\src\index.js??ref--8-oneOf-1-2!F:\springboot32e20828n\springboot32e20828n\src\main\resources\admin\node_modules\sass-loader\dist\cjs.js??ref--8-oneOf-1-3!F:\springboot32e20828n\springboot32e20828n\src\main\resources\admin\node_modules\cache-loader\dist\cjs.js??ref--0-0!F:\springboot32e20828n\springboot32e20828n\src\main\resources\admin\node_modules\vue-loader\lib\index.js??vue-loader-options!F:\springboot32e20828n\springboot32e20828n\src\main\resources\admin\src\views\modules\tongyixinxi\add-or-update.vue?vue&type=style&index=0&id=cff13ae0&lang=scss&scoped=true&
<s> [webpack.Progress] 67% building 928/967 modules 39 active F:\springboot32e20828n\springboot32e20828n\src\main\resources\admin\node_modules\vue-loader\lib\loaders\pitcher.js??ref--4!F:\springboot32e20828n\springboot32e20828n\src\main\resources\admin\node_modules\cache-loader\dist\cjs.js??ref--12-0!F:\springboot32e20828n\springboot32e20828n\src\main\resources\admin\node_modules\babel-loader\lib\index.js!F:\springboot32e20828n\springboot32e20828n\src\main\resources\admin\node_modules\cache-loader\dist\cjs.js??ref--0-0!F:\springboot32e20828n\springboot32e20828n\src\main\resources\admin\node_modules\vue-loader\lib\index.js??vue-loader-options!F:\springboot32e20828n\springboot32e20828n\src\main\resources\admin\src\views\modules\tongyixinxi\add-or-update.vue?vue&type=script&lang=js&
<s> [webpack.Progress] 67% building 929/967 modules 38 active F:\springboot32e20828n\springboot32e20828n\src\main\resources\admin\node_modules\css-loader\dist\cjs.js??ref--8-oneOf-1-1!F:\springboot32e20828n\springboot32e20828n\src\main\resources\admin\node_modules\vue-loader\lib\loaders\stylePostLoader.js!F:\springboot32e20828n\springboot32e20828n\src\main\resources\admin\node_modules\postcss-loader\src\index.js??ref--8-oneOf-1-2!F:\springboot32e20828n\springboot32e20828n\src\main\resources\admin\node_modules\sass-loader\dist\cjs.js??ref--8-oneOf-1-3!F:\springboot32e20828n\springboot32e20828n\src\main\resources\admin\node_modules\cache-loader\dist\cjs.js??ref--0-0!F:\springboot32e20828n\springboot32e20828n\src\main\resources\admin\node_modules\vue-loader\lib\index.js??vue-loader-options!F:\springboot32e20828n\springboot32e20828n\src\main\resources\admin\src\views\modules\tongyixinxi\add-or-update.vue?vue&type=style&index=0&id=cff13ae0&lang=scss&scoped=true&
<s> [webpack.Progress] 67% building 929/968 modules 39 active F:\springboot32e20828n\springboot32e20828n\src\main\resources\admin\node_modules\cache-loader\dist\cjs.js??ref--12-0!F:\springboot32e20828n\springboot32e20828n\src\main\resources\admin\node_modules\babel-loader\lib\index.js!F:\springboot32e20828n\springboot32e20828n\src\main\resources\admin\node_modules\cache-loader\dist\cjs.js??ref--0-0!F:\springboot32e20828n\springboot32e20828n\src\main\resources\admin\node_modules\vue-loader\lib\index.js??vue-loader-options!F:\springboot32e20828n\springboot32e20828n\src\main\resources\admin\src\views\modules\tongyixinxi\add-or-update.vue?vue&type=script&lang=js&
<s> [webpack.Progress] 67% building 929/969 modules 40 active F:\springboot32e20828n\springboot32e20828n\src\main\resources\admin\node_modules\vue-loader\lib\loaders\pitcher.js??ref--4!F:\springboot32e20828n\springboot32e20828n\src\main\resources\admin\node_modules\vue-style-loader\index.js??ref--8-oneOf-1-0!F:\springboot32e20828n\springboot32e20828n\src\main\resources\admin\node_modules\css-loader\dist\cjs.js??ref--8-oneOf-1-1!F:\springboot32e20828n\springboot32e20828n\src\main\resources\admin\node_modules\postcss-loader\src\index.js??ref--8-oneOf-1-2!F:\springboot32e20828n\springboot32e20828n\src\main\resources\admin\node_modules\sass-loader\dist\cjs.js??ref--8-oneOf-1-3!F:\springboot32e20828n\springboot32e20828n\src\main\resources\admin\node_modules\cache-loader\dist\cjs.js??ref--0-0!F:\springboot32e20828n\springboot32e20828n\src\main\resources\admin\node_modules\vue-loader\lib\index.js??vue-loader-options!F:\springboot32e20828n\springboot32e20828n\src\main\resources\admin\src\views\modules\zhiweidiaodong\add-or-update.vue?vue&type=style&index=0&id=8a064a5e&lang=scss&scoped=true&
<s> [webpack.Progress] 67% building 930/969 modules 39 active F:\springboot32e20828n\springboot32e20828n\src\main\resources\admin\node_modules\cache-loader\dist\cjs.js??ref--12-0!F:\springboot32e20828n\springboot32e20828n\src\main\resources\admin\node_modules\babel-loader\lib\index.js!F:\springboot32e20828n\springboot32e20828n\src\main\resources\admin\node_modules\cache-loader\dist\cjs.js??ref--0-0!F:\springboot32e20828n\springboot32e20828n\src\main\resources\admin\node_modules\vue-loader\lib\index.js??vue-loader-options!F:\springboot32e20828n\springboot32e20828n\src\main\resources\admin\src\views\modules\tongyixinxi\add-or-update.vue?vue&type=script&lang=js&
<s> [webpack.Progress] 67% building 930/970 modules 40 active F:\springboot32e20828n\springboot32e20828n\src\main\resources\admin\node_modules\vue-style-loader\index.js??ref--8-oneOf-1-0!F:\springboot32e20828n\springboot32e20828n\src\main\resources\admin\node_modules\css-loader\dist\cjs.js??ref--8-oneOf-1-1!F:\springboot32e20828n\springboot32e20828n\src\main\resources\admin\node_modules\vue-loader\lib\loaders\stylePostLoader.js!F:\springboot32e20828n\springboot32e20828n\src\main\resources\admin\node_modules\postcss-loader\src\index.js??ref--8-oneOf-1-2!F:\springboot32e20828n\springboot32e20828n\src\main\resources\admin\node_modules\sass-loader\dist\cjs.js??ref--8-oneOf-1-3!F:\springboot32e20828n\springboot32e20828n\src\main\resources\admin\node_modules\cache-loader\dist\cjs.js??ref--0-0!F:\springboot32e20828n\springboot32e20828n\src\main\resources\admin\node_modules\vue-loader\lib\index.js??vue-loader-options!F:\springboot32e20828n\springboot32e20828n\src\main\resources\admin\src\views\modules\zhiweidiaodong\add-or-update.vue?vue&type=style&index=0&id=8a064a5e&lang=scss&scoped=true&
<s> [webpack.Progress] 67% building 931/970 modules 39 active F:\springboot32e20828n\springboot32e20828n\src\main\resources\admin\node_modules\cache-loader\dist\cjs.js??ref--12-0!F:\springboot32e20828n\springboot32e20828n\src\main\resources\admin\node_modules\babel-loader\lib\index.js!F:\springboot32e20828n\springboot32e20828n\src\main\resources\admin\node_modules\cache-loader\dist\cjs.js??ref--0-0!F:\springboot32e20828n\springboot32e20828n\src\main\resources\admin\node_modules\vue-loader\lib\index.js??vue-loader-options!F:\springboot32e20828n\springboot32e20828n\src\main\resources\admin\src\views\modules\tongyixinxi\add-or-update.vue?vue&type=script&lang=js&
<s> [webpack.Progress] 67% building 931/971 modules 40 active F:\springboot32e20828n\springboot32e20828n\src\main\resources\admin\node_modules\css-loader\dist\cjs.js??ref--8-oneOf-1-1!F:\springboot32e20828n\springboot32e20828n\src\main\resources\admin\node_modules\vue-loader\lib\loaders\stylePostLoader.js!F:\springboot32e20828n\springboot32e20828n\src\main\resources\admin\node_modules\postcss-loader\src\index.js??ref--8-oneOf-1-2!F:\springboot32e20828n\springboot32e20828n\src\main\resources\admin\node_modules\sass-loader\dist\cjs.js??ref--8-oneOf-1-3!F:\springboot32e20828n\springboot32e20828n\src\main\resources\admin\node_modules\cache-loader\dist\cjs.js??ref--0-0!F:\springboot32e20828n\springboot32e20828n\src\main\resources\admin\node_modules\vue-loader\lib\index.js??vue-loader-options!F:\springboot32e20828n\springboot32e20828n\src\main\resources\admin\src\views\modules\zhiweidiaodong\add-or-update.vue?vue&type=style&index=0&id=8a064a5e&lang=scss&scoped=true&
<s> [webpack.Progress] 67% building 932/971 modules 39 active F:\springboot32e20828n\springboot32e20828n\src\main\resources\admin\node_modules\css-loader\dist\cjs.js??ref--8-oneOf-1-1!F:\springboot32e20828n\springboot32e20828n\src\main\resources\admin\node_modules\vue-loader\lib\loaders\stylePostLoader.js!F:\springboot32e20828n\springboot32e20828n\src\main\resources\admin\node_modules\postcss-loader\src\index.js??ref--8-oneOf-1-2!F:\springboot32e20828n\springboot32e20828n\src\main\resources\admin\node_modules\sass-loader\dist\cjs.js??ref--8-oneOf-1-3!F:\springboot32e20828n\springboot32e20828n\src\main\resources\admin\node_modules\cache-loader\dist\cjs.js??ref--0-0!F:\springboot32e20828n\springboot32e20828n\src\main\resources\admin\node_modules\vue-loader\lib\index.js??vue-loader-options!F:\springboot32e20828n\springboot32e20828n\src\main\resources\admin\src\views\modules\zhiweidiaodong\add-or-update.vue?vue&type=style&index=0&id=8a064a5e&lang=scss&scoped=true&
<s> [webpack.Progress] 67% building 933/971 modules 38 active F:\springboot32e20828n\springboot32e20828n\src\main\resources\admin\node_modules\css-loader\dist\cjs.js??ref--8-oneOf-1-1!F:\springboot32e20828n\springboot32e20828n\src\main\resources\admin\node_modules\vue-loader\lib\loaders\stylePostLoader.js!F:\springboot32e20828n\springboot32e20828n\src\main\resources\admin\node_modules\postcss-loader\src\index.js??ref--8-oneOf-1-2!F:\springboot32e20828n\springboot32e20828n\src\main\resources\admin\node_modules\sass-loader\dist\cjs.js??ref--8-oneOf-1-3!F:\springboot32e20828n\springboot32e20828n\src\main\resources\admin\node_modules\cache-loader\dist\cjs.js??ref--0-0!F:\springboot32e20828n\springboot32e20828n\src\main\resources\admin\node_modules\vue-loader\lib\index.js??vue-loader-options!F:\springboot32e20828n\springboot32e20828n\src\main\resources\admin\src\views\modules\zhiweidiaodong\add-or-update.vue?vue&type=style&index=0&id=8a064a5e&lang=scss&scoped=true&
<s> [webpack.Progress] 67% building 934/971 modules 37 active F:\springboot32e20828n\springboot32e20828n\src\main\resources\admin\node_modules\css-loader\dist\cjs.js??ref--8-oneOf-1-1!F:\springboot32e20828n\springboot32e20828n\src\main\resources\admin\node_modules\vue-loader\lib\loaders\stylePostLoader.js!F:\springboot32e20828n\springboot32e20828n\src\main\resources\admin\node_modules\postcss-loader\src\index.js??ref--8-oneOf-1-2!F:\springboot32e20828n\springboot32e20828n\src\main\resources\admin\node_modules\sass-loader\dist\cjs.js??ref--8-oneOf-1-3!F:\springboot32e20828n\springboot32e20828n\src\main\resources\admin\node_modules\cache-loader\dist\cjs.js??ref--0-0!F:\springboot32e20828n\springboot32e20828n\src\main\resources\admin\node_modules\vue-loader\lib\index.js??vue-loader-options!F:\springboot32e20828n\springboot32e20828n\src\main\resources\admin\src\views\modules\zhiweidiaodong\add-or-update.vue?vue&type=style&index=0&id=8a064a5e&lang=scss&scoped=true&
<s> [webpack.Progress] 67% building 934/972 modules 38 active F:\springboot32e20828n\springboot32e20828n\src\main\resources\admin\node_modules\vue-loader\lib\loaders\pitcher.js??ref--4!F:\springboot32e20828n\springboot32e20828n\src\main\resources\admin\node_modules\cache-loader\dist\cjs.js??ref--12-0!F:\springboot32e20828n\springboot32e20828n\src\main\resources\admin\node_modules\babel-loader\lib\index.js!F:\springboot32e20828n\springboot32e20828n\src\main\resources\admin\node_modules\cache-loader\dist\cjs.js??ref--0-0!F:\springboot32e20828n\springboot32e20828n\src\main\resources\admin\node_modules\vue-loader\lib\index.js??vue-loader-options!F:\springboot32e20828n\springboot32e20828n\src\main\resources\admin\src\views\modules\zhiweidiaodong\add-or-update.vue?vue&type=script&lang=js&
<s> [webpack.Progress] 67% building 935/972 modules 37 active F:\springboot32e20828n\springboot32e20828n\src\main\resources\admin\node_modules\css-loader\dist\cjs.js??ref--8-oneOf-1-1!F:\springboot32e20828n\springboot32e20828n\src\main\resources\admin\node_modules\vue-loader\lib\loaders\stylePostLoader.js!F:\springboot32e20828n\springboot32e20828n\src\main\resources\admin\node_modules\postcss-loader\src\index.js??ref--8-oneOf-1-2!F:\springboot32e20828n\springboot32e20828n\src\main\resources\admin\node_modules\sass-loader\dist\cjs.js??ref--8-oneOf-1-3!F:\springboot32e20828n\springboot32e20828n\src\main\resources\admin\node_modules\cache-loader\dist\cjs.js??ref--0-0!F:\springboot32e20828n\springboot32e20828n\src\main\resources\admin\node_modules\vue-loader\lib\index.js??vue-loader-options!F:\springboot32e20828n\springboot32e20828n\src\main\resources\admin\src\views\modules\zhiweidiaodong\add-or-update.vue?vue&type=style&index=0&id=8a064a5e&lang=scss&scoped=true&
<s> [webpack.Progress] 67% building 935/973 modules 38 active F:\springboot32e20828n\springboot32e20828n\src\main\resources\admin\node_modules\cache-loader\dist\cjs.js??ref--12-0!F:\springboot32e20828n\springboot32e20828n\src\main\resources\admin\node_modules\babel-loader\lib\index.js!F:\springboot32e20828n\springboot32e20828n\src\main\resources\admin\node_modules\cache-loader\dist\cjs.js??ref--0-0!F:\springboot32e20828n\springboot32e20828n\src\main\resources\admin\node_modules\vue-loader\lib\index.js??vue-loader-options!F:\springboot32e20828n\springboot32e20828n\src\main\resources\admin\src\views\modules\zhiweidiaodong\add-or-update.vue?vue&type=script&lang=js&
<s> [webpack.Progress] 67% building 936/973 modules 37 active F:\springboot32e20828n\springboot32e20828n\src\main\resources\admin\node_modules\cache-loader\dist\cjs.js??ref--12-0!F:\springboot32e20828n\springboot32e20828n\src\main\resources\admin\node_modules\babel-loader\lib\index.js!F:\springboot32e20828n\springboot32e20828n\src\main\resources\admin\node_modules\cache-loader\dist\cjs.js??ref--0-0!F:\springboot32e20828n\springboot32e20828n\src\main\resources\admin\node_modules\vue-loader\lib\index.js??vue-loader-options!F:\springboot32e20828n\springboot32e20828n\src\main\resources\admin\src\views\modules\zhiweidiaodong\add-or-update.vue?vue&type=script&lang=js&
<s> [webpack.Progress] 67% building 937/973 modules 36 active F:\springboot32e20828n\springboot32e20828n\src\main\resources\admin\node_modules\cache-loader\dist\cjs.js??ref--12-0!F:\springboot32e20828n\springboot32e20828n\src\main\resources\admin\node_modules\babel-loader\lib\index.js!F:\springboot32e20828n\springboot32e20828n\src\main\resources\admin\node_modules\cache-loader\dist\cjs.js??ref--0-0!F:\springboot32e20828n\springboot32e20828n\src\main\resources\admin\node_modules\vue-loader\lib\index.js??vue-loader-options!F:\springboot32e20828n\springboot32e20828n\src\main\resources\admin\src\views\modules\zhiweidiaodong\add-or-update.vue?vue&type=script&lang=js&
<s> [webpack.Progress] 67% building 938/973 modules 35 active F:\springboot32e20828n\springboot32e20828n\src\main\resources\admin\node_modules\cache-loader\dist\cjs.js??ref--12-0!F:\springboot32e20828n\springboot32e20828n\src\main\resources\admin\node_modules\babel-loader\lib\index.js!F:\springboot32e20828n\springboot32e20828n\src\main\resources\admin\node_modules\cache-loader\dist\cjs.js??ref--0-0!F:\springboot32e20828n\springboot32e20828n\src\main\resources\admin\node_modules\vue-loader\lib\index.js??vue-loader-options!F:\springboot32e20828n\springboot32e20828n\src\main\resources\admin\src\views\modules\zhiweidiaodong\add-or-update.vue?vue&type=script&lang=js&
<s> [webpack.Progress] 67% building 939/973 modules 34 active F:\springboot32e20828n\springboot32e20828n\src\main\resources\admin\node_modules\cache-loader\dist\cjs.js??ref--12-0!F:\springboot32e20828n\springboot32e20828n\src\main\resources\admin\node_modules\babel-loader\lib\index.js!F:\springboot32e20828n\springboot32e20828n\src\main\resources\admin\node_modules\cache-loader\dist\cjs.js??ref--0-0!F:\springboot32e20828n\springboot32e20828n\src\main\resources\admin\node_modules\vue-loader\lib\index.js??vue-loader-options!F:\springboot32e20828n\springboot32e20828n\src\main\resources\admin\src\views\modules\zhiweidiaodong\add-or-update.vue?vue&type=script&lang=js&
<s> [webpack.Progress] 67% building 939/974 modules 35 active F:\springboot32e20828n\springboot32e20828n\src\main\resources\admin\node_modules\vue-loader\lib\loaders\pitcher.js??ref--4!F:\springboot32e20828n\springboot32e20828n\src\main\resources\admin\node_modules\cache-loader\dist\cjs.js??ref--0-0!F:\springboot32e20828n\springboot32e20828n\src\main\resources\admin\node_modules\vue-loader\lib\index.js??vue-loader-options!F:\springboot32e20828n\springboot32e20828n\src\main\resources\admin\src\views\modules\yuangongxinzi\add-or-update.vue?vue&type=template&id=c6a1abb0&scoped=true&
<s> [webpack.Progress] 67% building 940/974 modules 34 active F:\springboot32e20828n\springboot32e20828n\src\main\resources\admin\node_modules\cache-loader\dist\cjs.js??ref--12-0!F:\springboot32e20828n\springboot32e20828n\src\main\resources\admin\node_modules\babel-loader\lib\index.js!F:\springboot32e20828n\springboot32e20828n\src\main\resources\admin\node_modules\cache-loader\dist\cjs.js??ref--0-0!F:\springboot32e20828n\springboot32e20828n\src\main\resources\admin\node_modules\vue-loader\lib\index.js??vue-loader-options!F:\springboot32e20828n\springboot32e20828n\src\main\resources\admin\src\views\modules\zhiweidiaodong\add-or-update.vue?vue&type=script&lang=js&
<s> [webpack.Progress] 67% building 940/975 modules 35 active F:\springboot32e20828n\springboot32e20828n\src\main\resources\admin\node_modules\vue-loader\lib\loaders\pitcher.js??ref--4!F:\springboot32e20828n\springboot32e20828n\src\main\resources\admin\node_modules\vue-style-loader\index.js??ref--8-oneOf-1-0!F:\springboot32e20828n\springboot32e20828n\src\main\resources\admin\node_modules\css-loader\dist\cjs.js??ref--8-oneOf-1-1!F:\springboot32e20828n\springboot32e20828n\src\main\resources\admin\node_modules\postcss-loader\src\index.js??ref--8-oneOf-1-2!F:\springboot32e20828n\springboot32e20828n\src\main\resources\admin\node_modules\sass-loader\dist\cjs.js??ref--8-oneOf-1-3!F:\springboot32e20828n\springboot32e20828n\src\main\resources\admin\node_modules\cache-loader\dist\cjs.js??ref--0-0!F:\springboot32e20828n\springboot32e20828n\src\main\resources\admin\node_modules\vue-loader\lib\index.js??vue-loader-options!F:\springboot32e20828n\springboot32e20828n\src\main\resources\admin\src\views\modules\yuangongxinzi\add-or-update.vue?vue&type=style&index=0&id=c6a1abb0&lang=scss&scoped=true&
<s> [webpack.Progress] 67% building 941/975 modules 34 active F:\springboot32e20828n\springboot32e20828n\src\main\resources\admin\node_modules\cache-loader\dist\cjs.js??ref--12-0!F:\springboot32e20828n\springboot32e20828n\src\main\resources\admin\node_modules\babel-loader\lib\index.js!F:\springboot32e20828n\springboot32e20828n\src\main\resources\admin\node_modules\cache-loader\dist\cjs.js??ref--0-0!F:\springboot32e20828n\springboot32e20828n\src\main\resources\admin\node_modules\vue-loader\lib\index.js??vue-loader-options!F:\springboot32e20828n\springboot32e20828n\src\main\resources\admin\src\views\modules\zhiweidiaodong\add-or-update.vue?vue&type=script&lang=js&
<s> [webpack.Progress] 67% building 941/976 modules 35 active F:\springboot32e20828n\springboot32e20828n\src\main\resources\admin\node_modules\vue-loader\lib\loaders\pitcher.js??ref--4!F:\springboot32e20828n\springboot32e20828n\src\main\resources\admin\node_modules\cache-loader\dist\cjs.js??ref--12-0!F:\springboot32e20828n\springboot32e20828n\src\main\resources\admin\node_modules\babel-loader\lib\index.js!F:\springboot32e20828n\springboot32e20828n\src\main\resources\admin\node_modules\cache-loader\dist\cjs.js??ref--0-0!F:\springboot32e20828n\springboot32e20828n\src\main\resources\admin\node_modules\vue-loader\lib\index.js??vue-loader-options!F:\springboot32e20828n\springboot32e20828n\src\main\resources\admin\src\views\modules\yuangongxinzi\add-or-update.vue?vue&type=script&lang=js&
<s> [webpack.Progress] 67% building 942/976 modules 34 active F:\springboot32e20828n\springboot32e20828n\src\main\resources\admin\node_modules\cache-loader\dist\cjs.js??ref--12-0!F:\springboot32e20828n\springboot32e20828n\src\main\resources\admin\node_modules\babel-loader\lib\index.js!F:\springboot32e20828n\springboot32e20828n\src\main\resources\admin\node_modules\cache-loader\dist\cjs.js??ref--0-0!F:\springboot32e20828n\springboot32e20828n\src\main\resources\admin\node_modules\vue-loader\lib\index.js??vue-loader-options!F:\springboot32e20828n\springboot32e20828n\src\main\resources\admin\src\views\modules\zhiweidiaodong\add-or-update.vue?vue&type=script&lang=js&
<s> [webpack.Progress] 67% building 942/977 modules 35 active F:\springboot32e20828n\springboot32e20828n\src\main\resources\admin\node_modules\cache-loader\dist\cjs.js?{"cacheDirectory":"node_modules/.cache/vue-loader","cacheIdentifier":"457e6f19-vue-loader-template"}!F:\springboot32e20828n\springboot32e20828n\src\main\resources\admin\node_modules\vue-loader\lib\loaders\templateLoader.js??vue-loader-options!F:\springboot32e20828n\springboot32e20828n\src\main\resources\admin\node_modules\cache-loader\dist\cjs.js??ref--0-0!F:\springboot32e20828n\springboot32e20828n\src\main\resources\admin\node_modules\vue-loader\lib\index.js??vue-loader-options!F:\springboot32e20828n\springboot32e20828n\src\main\resources\admin\src\views\modules\yuangongxinzi\add-or-update.vue?vue&type=template&id=c6a1abb0&scoped=true&
<s> [webpack.Progress] 67% building 942/978 modules 36 active F:\springboot32e20828n\springboot32e20828n\src\main\resources\admin\node_modules\vue-style-loader\index.js??ref--8-oneOf-1-0!F:\springboot32e20828n\springboot32e20828n\src\main\resources\admin\node_modules\css-loader\dist\cjs.js??ref--8-oneOf-1-1!F:\springboot32e20828n\springboot32e20828n\src\main\resources\admin\node_modules\vue-loader\lib\loaders\stylePostLoader.js!F:\springboot32e20828n\springboot32e20828n\src\main\resources\admin\node_modules\postcss-loader\src\index.js??ref--8-oneOf-1-2!F:\springboot32e20828n\springboot32e20828n\src\main\resources\admin\node_modules\sass-loader\dist\cjs.js??ref--8-oneOf-1-3!F:\springboot32e20828n\springboot32e20828n\src\main\resources\admin\node_modules\cache-loader\dist\cjs.js??ref--0-0!F:\springboot32e20828n\springboot32e20828n\src\main\resources\admin\node_modules\vue-loader\lib\index.js??vue-loader-options!F:\springboot32e20828n\springboot32e20828n\src\main\resources\admin\src\views\modules\yuangongxinzi\add-or-update.vue?vue&type=style&index=0&id=c6a1abb0&lang=scss&scoped=true&
<s> [webpack.Progress] 67% building 943/978 modules 35 active F:\springboot32e20828n\springboot32e20828n\src\main\resources\admin\node_modules\cache-loader\dist\cjs.js?{"cacheDirectory":"node_modules/.cache/vue-loader","cacheIdentifier":"457e6f19-vue-loader-template"}!F:\springboot32e20828n\springboot32e20828n\src\main\resources\admin\node_modules\vue-loader\lib\loaders\templateLoader.js??vue-loader-options!F:\springboot32e20828n\springboot32e20828n\src\main\resources\admin\node_modules\cache-loader\dist\cjs.js??ref--0-0!F:\springboot32e20828n\springboot32e20828n\src\main\resources\admin\node_modules\vue-loader\lib\index.js??vue-loader-options!F:\springboot32e20828n\springboot32e20828n\src\main\resources\admin\src\views\modules\yuangongxinzi\add-or-update.vue?vue&type=template&id=c6a1abb0&scoped=true&
<s> [webpack.Progress] 67% building 943/979 modules 36 active F:\springboot32e20828n\springboot32e20828n\src\main\resources\admin\node_modules\cache-loader\dist\cjs.js??ref--12-0!F:\springboot32e20828n\springboot32e20828n\src\main\resources\admin\node_modules\babel-loader\lib\index.js!F:\springboot32e20828n\springboot32e20828n\src\main\resources\admin\node_modules\cache-loader\dist\cjs.js??ref--0-0!F:\springboot32e20828n\springboot32e20828n\src\main\resources\admin\node_modules\vue-loader\lib\index.js??vue-loader-options!F:\springboot32e20828n\springboot32e20828n\src\main\resources\admin\src\views\modules\yuangongxinzi\add-or-update.vue?vue&type=script&lang=js&
<s> [webpack.Progress] 67% building 943/980 modules 37 active F:\springboot32e20828n\springboot32e20828n\src\main\resources\admin\node_modules\css-loader\dist\cjs.js??ref--8-oneOf-1-1!F:\springboot32e20828n\springboot32e20828n\src\main\resources\admin\node_modules\vue-loader\lib\loaders\stylePostLoader.js!F:\springboot32e20828n\springboot32e20828n\src\main\resources\admin\node_modules\postcss-loader\src\index.js??ref--8-oneOf-1-2!F:\springboot32e20828n\springboot32e20828n\src\main\resources\admin\node_modules\sass-loader\dist\cjs.js??ref--8-oneOf-1-3!F:\springboot32e20828n\springboot32e20828n\src\main\resources\admin\node_modules\cache-loader\dist\cjs.js??ref--0-0!F:\springboot32e20828n\springboot32e20828n\src\main\resources\admin\node_modules\vue-loader\lib\index.js??vue-loader-options!F:\springboot32e20828n\springboot32e20828n\src\main\resources\admin\src\views\modules\yuangongxinzi\add-or-update.vue?vue&type=style&index=0&id=c6a1abb0&lang=scss&scoped=true&
<s> [webpack.Progress] 67% building 943/981 modules 38 active F:\springboot32e20828n\springboot32e20828n\src\main\resources\admin\node_modules\echarts\lib\coord\single\singleCreator.js
<s> [webpack.Progress] 67% building 943/982 modules 39 active F:\springboot32e20828n\springboot32e20828n\src\main\resources\admin\node_modules\echarts\lib\coord\single\AxisModel.js
<s> [webpack.Progress] 67% building 944/982 modules 38 active F:\springboot32e20828n\springboot32e20828n\src\main\resources\admin\node_modules\echarts\lib\coord\single\AxisModel.js
<s> [webpack.Progress] 67% building 944/983 modules 39 active F:\springboot32e20828n\springboot32e20828n\src\main\resources\admin\node_modules\echarts\lib\coord\geo\geoCreator.js
<s> [webpack.Progress] 67% building 944/984 modules 40 active F:\springboot32e20828n\springboot32e20828n\src\main\resources\admin\node_modules\echarts\lib\component\axis\parallelAxisAction.js
<s> [webpack.Progress] 67% building 944/985 modules 41 active F:\springboot32e20828n\springboot32e20828n\src\main\resources\admin\node_modules\vue-loader\lib\loaders\pitcher.js??ref--4!F:\springboot32e20828n\springboot32e20828n\src\main\resources\admin\node_modules\cache-loader\dist\cjs.js??ref--0-0!F:\springboot32e20828n\springboot32e20828n\src\main\resources\admin\node_modules\vue-loader\lib\index.js??vue-loader-options!F:\springboot32e20828n\springboot32e20828n\src\main\resources\admin\src\views\modules\yuangongqiandao\add-or-update.vue?vue&type=template&id=4cc55289&scoped=true&
<s> [webpack.Progress] 67% building 945/985 modules 40 active F:\springboot32e20828n\springboot32e20828n\src\main\resources\admin\node_modules\echarts\lib\component\axis\parallelAxisAction.js
<s> [webpack.Progress] 67% building 945/986 modules 41 active F:\springboot32e20828n\springboot32e20828n\src\main\resources\admin\node_modules\vue-loader\lib\loaders\pitcher.js??ref--4!F:\springboot32e20828n\springboot32e20828n\src\main\resources\admin\node_modules\vue-style-loader\index.js??ref--8-oneOf-1-0!F:\springboot32e20828n\springboot32e20828n\src\main\resources\admin\node_modules\css-loader\dist\cjs.js??ref--8-oneOf-1-1!F:\springboot32e20828n\springboot32e20828n\src\main\resources\admin\node_modules\postcss-loader\src\index.js??ref--8-oneOf-1-2!F:\springboot32e20828n\springboot32e20828n\src\main\resources\admin\node_modules\sass-loader\dist\cjs.js??ref--8-oneOf-1-3!F:\springboot32e20828n\springboot32e20828n\src\main\resources\admin\node_modules\cache-loader\dist\cjs.js??ref--0-0!F:\springboot32e20828n\springboot32e20828n\src\main\resources\admin\node_modules\vue-loader\lib\index.js??vue-loader-options!F:\springboot32e20828n\springboot32e20828n\src\main\resources\admin\src\views\modules\yuangongqiandao\add-or-update.vue?vue&type=style&index=0&id=4cc55289&lang=scss&scoped=true&
<s> [webpack.Progress] 67% building 946/986 modules 40 active F:\springboot32e20828n\springboot32e20828n\src\main\resources\admin\node_modules\echarts\lib\component\axis\parallelAxisAction.js
<s> [webpack.Progress] 67% building 946/987 modules 41 active F:\springboot32e20828n\springboot32e20828n\src\main\resources\admin\node_modules\vue-loader\lib\loaders\pitcher.js??ref--4!F:\springboot32e20828n\springboot32e20828n\src\main\resources\admin\node_modules\cache-loader\dist\cjs.js??ref--12-0!F:\springboot32e20828n\springboot32e20828n\src\main\resources\admin\node_modules\babel-loader\lib\index.js!F:\springboot32e20828n\springboot32e20828n\src\main\resources\admin\node_modules\cache-loader\dist\cjs.js??ref--0-0!F:\springboot32e20828n\springboot32e20828n\src\main\resources\admin\node_modules\vue-loader\lib\index.js??vue-loader-options!F:\springboot32e20828n\springboot32e20828n\src\main\resources\admin\src\views\modules\yuangongqiandao\add-or-update.vue?vue&type=script&lang=js&
<s> [webpack.Progress] 67% building 947/987 modules 40 active F:\springboot32e20828n\springboot32e20828n\src\main\resources\admin\node_modules\echarts\lib\component\axis\parallelAxisAction.js
<s> [webpack.Progress] 67% building 947/988 modules 41 active F:\springboot32e20828n\springboot32e20828n\src\main\resources\admin\node_modules\cache-loader\dist\cjs.js?{"cacheDirectory":"node_modules/.cache/vue-loader","cacheIdentifier":"457e6f19-vue-loader-template"}!F:\springboot32e20828n\springboot32e20828n\src\main\resources\admin\node_modules\vue-loader\lib\loaders\templateLoader.js??vue-loader-options!F:\springboot32e20828n\springboot32e20828n\src\main\resources\admin\node_modules\cache-loader\dist\cjs.js??ref--0-0!F:\springboot32e20828n\springboot32e20828n\src\main\resources\admin\node_modules\vue-loader\lib\index.js??vue-loader-options!F:\springboot32e20828n\springboot32e20828n\src\main\resources\admin\src\views\modules\yuangongqiandao\add-or-update.vue?vue&type=template&id=4cc55289&scoped=true&
<s> [webpack.Progress] 67% building 947/989 modules 42 active F:\springboot32e20828n\springboot32e20828n\src\main\resources\admin\node_modules\vue-style-loader\index.js??ref--8-oneOf-1-0!F:\springboot32e20828n\springboot32e20828n\src\main\resources\admin\node_modules\css-loader\dist\cjs.js??ref--8-oneOf-1-1!F:\springboot32e20828n\springboot32e20828n\src\main\resources\admin\node_modules\vue-loader\lib\loaders\stylePostLoader.js!F:\springboot32e20828n\springboot32e20828n\src\main\resources\admin\node_modules\postcss-loader\src\index.js??ref--8-oneOf-1-2!F:\springboot32e20828n\springboot32e20828n\src\main\resources\admin\node_modules\sass-loader\dist\cjs.js??ref--8-oneOf-1-3!F:\springboot32e20828n\springboot32e20828n\src\main\resources\admin\node_modules\cache-loader\dist\cjs.js??ref--0-0!F:\springboot32e20828n\springboot32e20828n\src\main\resources\admin\node_modules\vue-loader\lib\index.js??vue-loader-options!F:\springboot32e20828n\springboot32e20828n\src\main\resources\admin\src\views\modules\yuangongqiandao\add-or-update.vue?vue&type=style&index=0&id=4cc55289&lang=scss&scoped=true&
<s> [webpack.Progress] 67% building 948/989 modules 41 active F:\springboot32e20828n\springboot32e20828n\src\main\resources\admin\node_modules\cache-loader\dist\cjs.js?{"cacheDirectory":"node_modules/.cache/vue-loader","cacheIdentifier":"457e6f19-vue-loader-template"}!F:\springboot32e20828n\springboot32e20828n\src\main\resources\admin\node_modules\vue-loader\lib\loaders\templateLoader.js??vue-loader-options!F:\springboot32e20828n\springboot32e20828n\src\main\resources\admin\node_modules\cache-loader\dist\cjs.js??ref--0-0!F:\springboot32e20828n\springboot32e20828n\src\main\resources\admin\node_modules\vue-loader\lib\index.js??vue-loader-options!F:\springboot32e20828n\springboot32e20828n\src\main\resources\admin\src\views\modules\yuangongqiandao\add-or-update.vue?vue&type=template&id=4cc55289&scoped=true&
<s> [webpack.Progress] 67% building 948/990 modules 42 active F:\springboot32e20828n\springboot32e20828n\src\main\resources\admin\node_modules\cache-loader\dist\cjs.js??ref--12-0!F:\springboot32e20828n\springboot32e20828n\src\main\resources\admin\node_modules\babel-loader\lib\index.js!F:\springboot32e20828n\springboot32e20828n\src\main\resources\admin\node_modules\cache-loader\dist\cjs.js??ref--0-0!F:\springboot32e20828n\springboot32e20828n\src\main\resources\admin\node_modules\vue-loader\lib\index.js??vue-loader-options!F:\springboot32e20828n\springboot32e20828n\src\main\resources\admin\src\views\modules\yuangongqiandao\add-or-update.vue?vue&type=script&lang=js&
<s> [webpack.Progress] 67% building 948/991 modules 43 active F:\springboot32e20828n\springboot32e20828n\src\main\resources\admin\node_modules\css-loader\dist\cjs.js??ref--8-oneOf-1-1!F:\springboot32e20828n\springboot32e20828n\src\main\resources\admin\node_modules\vue-loader\lib\loaders\stylePostLoader.js!F:\springboot32e20828n\springboot32e20828n\src\main\resources\admin\node_modules\postcss-loader\src\index.js??ref--8-oneOf-1-2!F:\springboot32e20828n\springboot32e20828n\src\main\resources\admin\node_modules\sass-loader\dist\cjs.js??ref--8-oneOf-1-3!F:\springboot32e20828n\springboot32e20828n\src\main\resources\admin\node_modules\cache-loader\dist\cjs.js??ref--0-0!F:\springboot32e20828n\springboot32e20828n\src\main\resources\admin\node_modules\vue-loader\lib\index.js??vue-loader-options!F:\springboot32e20828n\springboot32e20828n\src\main\resources\admin\src\views\modules\yuangongqiandao\add-or-update.vue?vue&type=style&index=0&id=4cc55289&lang=scss&scoped=true&
<s> [webpack.Progress] 67% building 949/991 modules 42 active F:\springboot32e20828n\springboot32e20828n\src\main\resources\admin\node_modules\css-loader\dist\cjs.js??ref--8-oneOf-1-1!F:\springboot32e20828n\springboot32e20828n\src\main\resources\admin\node_modules\vue-loader\lib\loaders\stylePostLoader.js!F:\springboot32e20828n\springboot32e20828n\src\main\resources\admin\node_modules\postcss-loader\src\index.js??ref--8-oneOf-1-2!F:\springboot32e20828n\springboot32e20828n\src\main\resources\admin\node_modules\sass-loader\dist\cjs.js??ref--8-oneOf-1-3!F:\springboot32e20828n\springboot32e20828n\src\main\resources\admin\node_modules\cache-loader\dist\cjs.js??ref--0-0!F:\springboot32e20828n\springboot32e20828n\src\main\resources\admin\node_modules\vue-loader\lib\index.js??vue-loader-options!F:\springboot32e20828n\springboot32e20828n\src\main\resources\admin\src\views\modules\yuangongqiandao\add-or-update.vue?vue&type=style&index=0&id=4cc55289&lang=scss&scoped=true&
<s> [webpack.Progress] 67% building 950/991 modules 41 active F:\springboot32e20828n\springboot32e20828n\src\main\resources\admin\node_modules\css-loader\dist\cjs.js??ref--8-oneOf-1-1!F:\springboot32e20828n\springboot32e20828n\src\main\resources\admin\node_modules\vue-loader\lib\loaders\stylePostLoader.js!F:\springboot32e20828n\springboot32e20828n\src\main\resources\admin\node_modules\postcss-loader\src\index.js??ref--8-oneOf-1-2!F:\springboot32e20828n\springboot32e20828n\src\main\resources\admin\node_modules\sass-loader\dist\cjs.js??ref--8-oneOf-1-3!F:\springboot32e20828n\springboot32e20828n\src\main\resources\admin\node_modules\cache-loader\dist\cjs.js??ref--0-0!F:\springboot32e20828n\springboot32e20828n\src\main\resources\admin\node_modules\vue-loader\lib\index.js??vue-loader-options!F:\springboot32e20828n\springboot32e20828n\src\main\resources\admin\src\views\modules\yuangongqiandao\add-or-update.vue?vue&type=style&index=0&id=4cc55289&lang=scss&scoped=true&
<s> [webpack.Progress] 67% building 951/991 modules 40 active F:\springboot32e20828n\springboot32e20828n\src\main\resources\admin\node_modules\css-loader\dist\cjs.js??ref--8-oneOf-1-1!F:\springboot32e20828n\springboot32e20828n\src\main\resources\admin\node_modules\vue-loader\lib\loaders\stylePostLoader.js!F:\springboot32e20828n\springboot32e20828n\src\main\resources\admin\node_modules\postcss-loader\src\index.js??ref--8-oneOf-1-2!F:\springboot32e20828n\springboot32e20828n\src\main\resources\admin\node_modules\sass-loader\dist\cjs.js??ref--8-oneOf-1-3!F:\springboot32e20828n\springboot32e20828n\src\main\resources\admin\node_modules\cache-loader\dist\cjs.js??ref--0-0!F:\springboot32e20828n\springboot32e20828n\src\main\resources\admin\node_modules\vue-loader\lib\index.js??vue-loader-options!F:\springboot32e20828n\springboot32e20828n\src\main\resources\admin\src\views\modules\yuangongqiandao\add-or-update.vue?vue&type=style&index=0&id=4cc55289&lang=scss&scoped=true&
<s> [webpack.Progress] 67% building 952/991 modules 39 active F:\springboot32e20828n\springboot32e20828n\src\main\resources\admin\node_modules\css-loader\dist\cjs.js??ref--8-oneOf-1-1!F:\springboot32e20828n\springboot32e20828n\src\main\resources\admin\node_modules\vue-loader\lib\loaders\stylePostLoader.js!F:\springboot32e20828n\springboot32e20828n\src\main\resources\admin\node_modules\postcss-loader\src\index.js??ref--8-oneOf-1-2!F:\springboot32e20828n\springboot32e20828n\src\main\resources\admin\node_modules\sass-loader\dist\cjs.js??ref--8-oneOf-1-3!F:\springboot32e20828n\springboot32e20828n\src\main\resources\admin\node_modules\cache-loader\dist\cjs.js??ref--0-0!F:\springboot32e20828n\springboot32e20828n\src\main\resources\admin\node_modules\vue-loader\lib\index.js??vue-loader-options!F:\springboot32e20828n\springboot32e20828n\src\main\resources\admin\src\views\modules\yuangongqiandao\add-or-update.vue?vue&type=style&index=0&id=4cc55289&lang=scss&scoped=true&
<s> [webpack.Progress] 67% building 953/991 modules 38 active F:\springboot32e20828n\springboot32e20828n\src\main\resources\admin\node_modules\css-loader\dist\cjs.js??ref--8-oneOf-1-1!F:\springboot32e20828n\springboot32e20828n\src\main\resources\admin\node_modules\vue-loader\lib\loaders\stylePostLoader.js!F:\springboot32e20828n\springboot32e20828n\src\main\resources\admin\node_modules\postcss-loader\src\index.js??ref--8-oneOf-1-2!F:\springboot32e20828n\springboot32e20828n\src\main\resources\admin\node_modules\sass-loader\dist\cjs.js??ref--8-oneOf-1-3!F:\springboot32e20828n\springboot32e20828n\src\main\resources\admin\node_modules\cache-loader\dist\cjs.js??ref--0-0!F:\springboot32e20828n\springboot32e20828n\src\main\resources\admin\node_modules\vue-loader\lib\index.js??vue-loader-options!F:\springboot32e20828n\springboot32e20828n\src\main\resources\admin\src\views\modules\yuangongqiandao\add-or-update.vue?vue&type=style&index=0&id=4cc55289&lang=scss&scoped=true&
<s> [webpack.Progress] 67% building 954/991 modules 37 active F:\springboot32e20828n\springboot32e20828n\src\main\resources\admin\node_modules\css-loader\dist\cjs.js??ref--8-oneOf-1-1!F:\springboot32e20828n\springboot32e20828n\src\main\resources\admin\node_modules\vue-loader\lib\loaders\stylePostLoader.js!F:\springboot32e20828n\springboot32e20828n\src\main\resources\admin\node_modules\postcss-loader\src\index.js??ref--8-oneOf-1-2!F:\springboot32e20828n\springboot32e20828n\src\main\resources\admin\node_modules\sass-loader\dist\cjs.js??ref--8-oneOf-1-3!F:\springboot32e20828n\springboot32e20828n\src\main\resources\admin\node_modules\cache-loader\dist\cjs.js??ref--0-0!F:\springboot32e20828n\springboot32e20828n\src\main\resources\admin\node_modules\vue-loader\lib\index.js??vue-loader-options!F:\springboot32e20828n\springboot32e20828n\src\main\resources\admin\src\views\modules\yuangongqiandao\add-or-update.vue?vue&type=style&index=0&id=4cc55289&lang=scss&scoped=true&
<s> [webpack.Progress] 67% building 954/992 modules 38 active F:\springboot32e20828n\springboot32e20828n\src\main\resources\admin\node_modules\vue-loader\lib\loaders\pitcher.js??ref--4!F:\springboot32e20828n\springboot32e20828n\src\main\resources\admin\node_modules\cache-loader\dist\cjs.js??ref--0-0!F:\springboot32e20828n\springboot32e20828n\src\main\resources\admin\node_modules\vue-loader\lib\index.js??vue-loader-options!F:\springboot32e20828n\springboot32e20828n\src\main\resources\admin\src\views\modules\renshiguanliyuan\add-or-update.vue?vue&type=template&id=84958d98&scoped=true&
<s> [webpack.Progress] 67% building 955/992 modules 37 active F:\springboot32e20828n\springboot32e20828n\src\main\resources\admin\node_modules\css-loader\dist\cjs.js??ref--8-oneOf-1-1!F:\springboot32e20828n\springboot32e20828n\src\main\resources\admin\node_modules\vue-loader\lib\loaders\stylePostLoader.js!F:\springboot32e20828n\springboot32e20828n\src\main\resources\admin\node_modules\postcss-loader\src\index.js??ref--8-oneOf-1-2!F:\springboot32e20828n\springboot32e20828n\src\main\resources\admin\node_modules\sass-loader\dist\cjs.js??ref--8-oneOf-1-3!F:\springboot32e20828n\springboot32e20828n\src\main\resources\admin\node_modules\cache-loader\dist\cjs.js??ref--0-0!F:\springboot32e20828n\springboot32e20828n\src\main\resources\admin\node_modules\vue-loader\lib\index.js??vue-loader-options!F:\springboot32e20828n\springboot32e20828n\src\main\resources\admin\src\views\modules\yuangongqiandao\add-or-update.vue?vue&type=style&index=0&id=4cc55289&lang=scss&scoped=true&
<s> [webpack.Progress] 67% building 955/993 modules 38 active F:\springboot32e20828n\springboot32e20828n\src\main\resources\admin\node_modules\vue-loader\lib\loaders\pitcher.js??ref--4!F:\springboot32e20828n\springboot32e20828n\src\main\resources\admin\node_modules\vue-style-loader\index.js??ref--8-oneOf-1-0!F:\springboot32e20828n\springboot32e20828n\src\main\resources\admin\node_modules\css-loader\dist\cjs.js??ref--8-oneOf-1-1!F:\springboot32e20828n\springboot32e20828n\src\main\resources\admin\node_modules\postcss-loader\src\index.js??ref--8-oneOf-1-2!F:\springboot32e20828n\springboot32e20828n\src\main\resources\admin\node_modules\sass-loader\dist\cjs.js??ref--8-oneOf-1-3!F:\springboot32e20828n\springboot32e20828n\src\main\resources\admin\node_modules\cache-loader\dist\cjs.js??ref--0-0!F:\springboot32e20828n\springboot32e20828n\src\main\resources\admin\node_modules\vue-loader\lib\index.js??vue-loader-options!F:\springboot32e20828n\springboot32e20828n\src\main\resources\admin\src\views\modules\renshiguanliyuan\add-or-update.vue?vue&type=style&index=0&id=84958d98&lang=scss&scoped=true&
<s> [webpack.Progress] 67% building 956/993 modules 37 active F:\springboot32e20828n\springboot32e20828n\src\main\resources\admin\node_modules\css-loader\dist\cjs.js??ref--8-oneOf-1-1!F:\springboot32e20828n\springboot32e20828n\src\main\resources\admin\node_modules\vue-loader\lib\loaders\stylePostLoader.js!F:\springboot32e20828n\springboot32e20828n\src\main\resources\admin\node_modules\postcss-loader\src\index.js??ref--8-oneOf-1-2!F:\springboot32e20828n\springboot32e20828n\src\main\resources\admin\node_modules\sass-loader\dist\cjs.js??ref--8-oneOf-1-3!F:\springboot32e20828n\springboot32e20828n\src\main\resources\admin\node_modules\cache-loader\dist\cjs.js??ref--0-0!F:\springboot32e20828n\springboot32e20828n\src\main\resources\admin\node_modules\vue-loader\lib\index.js??vue-loader-options!F:\springboot32e20828n\springboot32e20828n\src\main\resources\admin\src\views\modules\yuangongqiandao\add-or-update.vue?vue&type=style&index=0&id=4cc55289&lang=scss&scoped=true&
<s> [webpack.Progress] 67% building 956/994 modules 38 active F:\springboot32e20828n\springboot32e20828n\src\main\resources\admin\node_modules\cache-loader\dist\cjs.js?{"cacheDirectory":"node_modules/.cache/vue-loader","cacheIdentifier":"457e6f19-vue-loader-template"}!F:\springboot32e20828n\springboot32e20828n\src\main\resources\admin\node_modules\vue-loader\lib\loaders\templateLoader.js??vue-loader-options!F:\springboot32e20828n\springboot32e20828n\src\main\resources\admin\node_modules\cache-loader\dist\cjs.js??ref--0-0!F:\springboot32e20828n\springboot32e20828n\src\main\resources\admin\node_modules\vue-loader\lib\index.js??vue-loader-options!F:\springboot32e20828n\springboot32e20828n\src\main\resources\admin\src\views\modules\renshiguanliyuan\add-or-update.vue?vue&type=template&id=84958d98&scoped=true&
<s> [webpack.Progress] 67% building 956/995 modules 39 active F:\springboot32e20828n\springboot32e20828n\src\main\resources\admin\node_modules\vue-style-loader\index.js??ref--8-oneOf-1-0!F:\springboot32e20828n\springboot32e20828n\src\main\resources\admin\node_modules\css-loader\dist\cjs.js??ref--8-oneOf-1-1!F:\springboot32e20828n\springboot32e20828n\src\main\resources\admin\node_modules\vue-loader\lib\loaders\stylePostLoader.js!F:\springboot32e20828n\springboot32e20828n\src\main\resources\admin\node_modules\postcss-loader\src\index.js??ref--8-oneOf-1-2!F:\springboot32e20828n\springboot32e20828n\src\main\resources\admin\node_modules\sass-loader\dist\cjs.js??ref--8-oneOf-1-3!F:\springboot32e20828n\springboot32e20828n\src\main\resources\admin\node_modules\cache-loader\dist\cjs.js??ref--0-0!F:\springboot32e20828n\springboot32e20828n\src\main\resources\admin\node_modules\vue-loader\lib\index.js??vue-loader-options!F:\springboot32e20828n\springboot32e20828n\src\main\resources\admin\src\views\modules\renshiguanliyuan\add-or-update.vue?vue&type=style&index=0&id=84958d98&lang=scss&scoped=true&
<s> [webpack.Progress] 67% building 957/995 modules 38 active F:\springboot32e20828n\springboot32e20828n\src\main\resources\admin\node_modules\cache-loader\dist\cjs.js?{"cacheDirectory":"node_modules/.cache/vue-loader","cacheIdentifier":"457e6f19-vue-loader-template"}!F:\springboot32e20828n\springboot32e20828n\src\main\resources\admin\node_modules\vue-loader\lib\loaders\templateLoader.js??vue-loader-options!F:\springboot32e20828n\springboot32e20828n\src\main\resources\admin\node_modules\cache-loader\dist\cjs.js??ref--0-0!F:\springboot32e20828n\springboot32e20828n\src\main\resources\admin\node_modules\vue-loader\lib\index.js??vue-loader-options!F:\springboot32e20828n\springboot32e20828n\src\main\resources\admin\src\views\modules\renshiguanliyuan\add-or-update.vue?vue&type=template&id=84958d98&scoped=true&
<s> [webpack.Progress] 67% building 957/996 modules 39 active F:\springboot32e20828n\springboot32e20828n\src\main\resources\admin\node_modules\css-loader\dist\cjs.js??ref--8-oneOf-1-1!F:\springboot32e20828n\springboot32e20828n\src\main\resources\admin\node_modules\vue-loader\lib\loaders\stylePostLoader.js!F:\springboot32e20828n\springboot32e20828n\src\main\resources\admin\node_modules\postcss-loader\src\index.js??ref--8-oneOf-1-2!F:\springboot32e20828n\springboot32e20828n\src\main\resources\admin\node_modules\sass-loader\dist\cjs.js??ref--8-oneOf-1-3!F:\springboot32e20828n\springboot32e20828n\src\main\resources\admin\node_modules\cache-loader\dist\cjs.js??ref--0-0!F:\springboot32e20828n\springboot32e20828n\src\main\resources\admin\node_modules\vue-loader\lib\index.js??vue-loader-options!F:\springboot32e20828n\springboot32e20828n\src\main\resources\admin\src\views\modules\renshiguanliyuan\add-or-update.vue?vue&type=style&index=0&id=84958d98&lang=scss&scoped=true&
<s> [webpack.Progress] 67% building 958/996 modules 38 active F:\springboot32e20828n\springboot32e20828n\src\main\resources\admin\node_modules\css-loader\dist\cjs.js??ref--8-oneOf-1-1!F:\springboot32e20828n\springboot32e20828n\src\main\resources\admin\node_modules\vue-loader\lib\loaders\stylePostLoader.js!F:\springboot32e20828n\springboot32e20828n\src\main\resources\admin\node_modules\postcss-loader\src\index.js??ref--8-oneOf-1-2!F:\springboot32e20828n\springboot32e20828n\src\main\resources\admin\node_modules\sass-loader\dist\cjs.js??ref--8-oneOf-1-3!F:\springboot32e20828n\springboot32e20828n\src\main\resources\admin\node_modules\cache-loader\dist\cjs.js??ref--0-0!F:\springboot32e20828n\springboot32e20828n\src\main\resources\admin\node_modules\vue-loader\lib\index.js??vue-loader-options!F:\springboot32e20828n\springboot32e20828n\src\main\resources\admin\src\views\modules\renshiguanliyuan\add-or-update.vue?vue&type=style&index=0&id=84958d98&lang=scss&scoped=true&
<s> [webpack.Progress] 67% building 958/997 modules 39 active F:\springboot32e20828n\springboot32e20828n\src\main\resources\admin\node_modules\vue-loader\lib\loaders\pitcher.js??ref--4!F:\springboot32e20828n\springboot32e20828n\src\main\resources\admin\node_modules\cache-loader\dist\cjs.js??ref--12-0!F:\springboot32e20828n\springboot32e20828n\src\main\resources\admin\node_modules\babel-loader\lib\index.js!F:\springboot32e20828n\springboot32e20828n\src\main\resources\admin\node_modules\cache-loader\dist\cjs.js??ref--0-0!F:\springboot32e20828n\springboot32e20828n\src\main\resources\admin\node_modules\vue-loader\lib\index.js??vue-loader-options!F:\springboot32e20828n\springboot32e20828n\src\main\resources\admin\src\views\modules\renshiguanliyuan\add-or-update.vue?vue&type=script&lang=js&
<s> [webpack.Progress] 67% building 959/997 modules 38 active F:\springboot32e20828n\springboot32e20828n\src\main\resources\admin\node_modules\css-loader\dist\cjs.js??ref--8-oneOf-1-1!F:\springboot32e20828n\springboot32e20828n\src\main\resources\admin\node_modules\vue-loader\lib\loaders\stylePostLoader.js!F:\springboot32e20828n\springboot32e20828n\src\main\resources\admin\node_modules\postcss-loader\src\index.js??ref--8-oneOf-1-2!F:\springboot32e20828n\springboot32e20828n\src\main\resources\admin\node_modules\sass-loader\dist\cjs.js??ref--8-oneOf-1-3!F:\springboot32e20828n\springboot32e20828n\src\main\resources\admin\node_modules\cache-loader\dist\cjs.js??ref--0-0!F:\springboot32e20828n\springboot32e20828n\src\main\resources\admin\node_modules\vue-loader\lib\index.js??vue-loader-options!F:\springboot32e20828n\springboot32e20828n\src\main\resources\admin\src\views\modules\renshiguanliyuan\add-or-update.vue?vue&type=style&index=0&id=84958d98&lang=scss&scoped=true&
<s> [webpack.Progress] 67% building 959/998 modules 39 active F:\springboot32e20828n\springboot32e20828n\src\main\resources\admin\node_modules\cache-loader\dist\cjs.js??ref--12-0!F:\springboot32e20828n\springboot32e20828n\src\main\resources\admin\node_modules\babel-loader\lib\index.js!F:\springboot32e20828n\springboot32e20828n\src\main\resources\admin\node_modules\cache-loader\dist\cjs.js??ref--0-0!F:\springboot32e20828n\springboot32e20828n\src\main\resources\admin\node_modules\vue-loader\lib\index.js??vue-loader-options!F:\springboot32e20828n\springboot32e20828n\src\main\resources\admin\src\views\modules\renshiguanliyuan\add-or-update.vue?vue&type=script&lang=js&
<s> [webpack.Progress] 67% building 959/999 modules 40 active F:\springboot32e20828n\springboot32e20828n\src\main\resources\admin\node_modules\echarts\lib\action\roamHelper.js
<s> [webpack.Progress] 67% building 959/1000 modules 41 active F:\springboot32e20828n\springboot32e20828n\src\main\resources\admin\node_modules\echarts\lib\component\axis\ParallelAxisView.js
<s> [webpack.Progress] 67% building 959/1001 modules 42 active F:\springboot32e20828n\springboot32e20828n\src\main\resources\admin\node_modules\echarts\lib\chart\bar\BaseBarSeries.js
<s> [webpack.Progress] 67% building 959/1002 modules 43 active F:\springboot32e20828n\springboot32e20828n\src\main\resources\admin\node_modules\echarts\lib\chart\helper\sectorHelper.js
<s> [webpack.Progress] 67% building 959/1003 modules 44 active F:\springboot32e20828n\springboot32e20828n\src\main\resources\admin\node_modules\echarts\lib\label\sectorLabel.js
<s> [webpack.Progress] 67% building 959/1004 modules 45 active F:\springboot32e20828n\springboot32e20828n\src\main\resources\admin\node_modules\echarts\lib\chart\helper\labelHelper.js
<s> [webpack.Progress] 67% building 959/1005 modules 46 active F:\springboot32e20828n\springboot32e20828n\src\main\resources\admin\node_modules\echarts\lib\chart\helper\createClipPathFromCoordSys.js
<s> [webpack.Progress] 67% building 959/1006 modules 47 active F:\springboot32e20828n\springboot32e20828n\src\main\resources\admin\node_modules\echarts\lib\chart\helper\treeHelper.js
<s> [webpack.Progress] 67% building 960/1006 modules 46 active F:\springboot32e20828n\springboot32e20828n\src\main\resources\admin\node_modules\echarts\lib\chart\helper\treeHelper.js
<s> [webpack.Progress] 67% building 960/1007 modules 47 active F:\springboot32e20828n\springboot32e20828n\src\main\resources\admin\node_modules\zrender\lib\contain\polygon.js
<s> [webpack.Progress] 67% building 960/1008 modules 48 active F:\springboot32e20828n\springboot32e20828n\src\main\resources\admin\node_modules\echarts\lib\component\tooltip\helper.js
<s> [webpack.Progress] 67% building 960/1009 modules 49 active F:\springboot32e20828n\springboot32e20828n\src\main\resources\admin\node_modules\echarts\lib\util\conditionalExpression.js
<s> [webpack.Progress] 67% building 960/1010 modules 50 active F:\springboot32e20828n\springboot32e20828n\src\main\resources\admin\node_modules\echarts\lib\component\visualMap\visualMapAction.js
<s> [webpack.Progress] 67% building 961/1010 modules 49 active F:\springboot32e20828n\springboot32e20828n\src\main\resources\admin\node_modules\echarts\lib\component\visualMap\visualMapAction.js
<s> [webpack.Progress] 67% building 962/1010 modules 48 active F:\springboot32e20828n\springboot32e20828n\src\main\resources\admin\node_modules\echarts\lib\component\visualMap\visualMapAction.js
<s> [webpack.Progress] 67% building 963/1010 modules 47 active F:\springboot32e20828n\springboot32e20828n\src\main\resources\admin\node_modules\echarts\lib\component\visualMap\visualMapAction.js
<s> [webpack.Progress] 67% building 964/1010 modules 46 active F:\springboot32e20828n\springboot32e20828n\src\main\resources\admin\node_modules\echarts\lib\component\visualMap\visualMapAction.js
<s> [webpack.Progress] 67% building 965/1010 modules 45 active F:\springboot32e20828n\springboot32e20828n\src\main\resources\admin\node_modules\echarts\lib\component\visualMap\visualMapAction.js
<s> [webpack.Progress] 67% building 966/1010 modules 44 active F:\springboot32e20828n\springboot32e20828n\src\main\resources\admin\node_modules\echarts\lib\component\visualMap\visualMapAction.js
<s> [webpack.Progress] 67% building 967/1010 modules 43 active F:\springboot32e20828n\springboot32e20828n\src\main\resources\admin\node_modules\echarts\lib\component\visualMap\visualMapAction.js
<s> [webpack.Progress] 67% building 968/1010 modules 42 active F:\springboot32e20828n\springboot32e20828n\src\main\resources\admin\node_modules\echarts\lib\component\visualMap\visualMapAction.js
<s> [webpack.Progress] 67% building 969/1010 modules 41 active F:\springboot32e20828n\springboot32e20828n\src\main\resources\admin\node_modules\echarts\lib\component\visualMap\visualMapAction.js
<s> [webpack.Progress] 67% building 969/1011 modules 42 active F:\springboot32e20828n\springboot32e20828n\src\main\resources\admin\node_modules\echarts\lib\component\visualMap\VisualMapView.js
<s> [webpack.Progress] 67% building 969/1012 modules 43 active F:\springboot32e20828n\springboot32e20828n\src\main\resources\admin\node_modules\echarts\lib\component\visualMap\helper.js
<s> [webpack.Progress] 67% building 969/1013 modules 44 active F:\springboot32e20828n\springboot32e20828n\src\main\resources\admin\node_modules\echarts\lib\visual\visualDefault.js
<s> [webpack.Progress] 67% building 969/1014 modules 45 active F:\springboot32e20828n\springboot32e20828n\src\main\resources\admin\node_modules\echarts\lib\component\visualMap\preprocessor.js
<s> [webpack.Progress] 67% building 969/1015 modules 46 active F:\springboot32e20828n\springboot32e20828n\src\main\resources\admin\node_modules\echarts\lib\component\visualMap\visualEncoding.js
<s> [webpack.Progress] 67% building 969/1016 modules 47 active F:\springboot32e20828n\springboot32e20828n\src\main\resources\admin\node_modules\echarts\lib\visual\VisualMapping.js
<s> [webpack.Progress] 67% building 969/1017 modules 48 active F:\springboot32e20828n\springboot32e20828n\src\main\resources\admin\node_modules\echarts\lib\component\visualMap\VisualMapModel.js
<s> [webpack.Progress] 67% building 969/1018 modules 49 active F:\springboot32e20828n\springboot32e20828n\src\main\resources\admin\node_modules\echarts\lib\component\axisPointer\viewHelper.js
<s> [webpack.Progress] 67% building 969/1019 modules 50 active F:\springboot32e20828n\springboot32e20828n\src\main\resources\admin\node_modules\echarts\lib\component\axisPointer\globalListener.js
<s> [webpack.Progress] 67% building 969/1020 modules 51 active F:\springboot32e20828n\springboot32e20828n\src\main\resources\admin\node_modules\echarts\lib\component\axisPointer\findPointFromSeries.js
<s> [webpack.Progress] 67% building 970/1020 modules 50 active F:\springboot32e20828n\springboot32e20828n\src\main\resources\admin\node_modules\echarts\lib\component\axisPointer\findPointFromSeries.js
<s> [webpack.Progress] 67% building 971/1020 modules 49 active F:\springboot32e20828n\springboot32e20828n\src\main\resources\admin\node_modules\echarts\lib\component\axisPointer\findPointFromSeries.js
<s> [webpack.Progress] 67% building 972/1020 modules 48 active F:\springboot32e20828n\springboot32e20828n\src\main\resources\admin\node_modules\echarts\lib\component\axisPointer\findPointFromSeries.js
<s> [webpack.Progress] 67% building 972/1021 modules 49 active F:\springboot32e20828n\springboot32e20828n\src\main\resources\admin\node_modules\echarts\lib\component\tooltip\TooltipRichContent.js
<s> [webpack.Progress] 67% building 973/1021 modules 48 active F:\springboot32e20828n\springboot32e20828n\src\main\resources\admin\node_modules\echarts\lib\component\tooltip\TooltipRichContent.js
<s> [webpack.Progress] 67% building 974/1021 modules 47 active F:\springboot32e20828n\springboot32e20828n\src\main\resources\admin\node_modules\echarts\lib\component\tooltip\TooltipRichContent.js
<s> [webpack.Progress] 67% building 975/1021 modules 46 active F:\springboot32e20828n\springboot32e20828n\src\main\resources\admin\node_modules\echarts\lib\component\tooltip\TooltipRichContent.js
<s> [webpack.Progress] 67% building 975/1022 modules 47 active F:\springboot32e20828n\springboot32e20828n\src\main\resources\admin\node_modules\echarts\lib\component\tooltip\TooltipHTMLContent.js
<s> [webpack.Progress] 67% building 976/1022 modules 46 active F:\springboot32e20828n\springboot32e20828n\src\main\resources\admin\node_modules\echarts\lib\component\tooltip\TooltipHTMLContent.js
<s> [webpack.Progress] 67% building 977/1022 modules 45 active F:\springboot32e20828n\springboot32e20828n\src\main\resources\admin\node_modules\echarts\lib\component\tooltip\TooltipHTMLContent.js
<s> [webpack.Progress] 67% building 977/1023 modules 46 active F:\springboot32e20828n\springboot32e20828n\src\main\resources\admin\node_modules\echarts\lib\component\dataZoom\dataZoomProcessor.js
<s> [webpack.Progress] 67% building 977/1024 modules 47 active F:\springboot32e20828n\springboot32e20828n\src\main\resources\admin\node_modules\echarts\lib\component\dataZoom\DataZoomModel.js
<s> [webpack.Progress] 67% building 977/1025 modules 48 active F:\springboot32e20828n\springboot32e20828n\src\main\resources\admin\node_modules\echarts\lib\component\dataZoom\dataZoomAction.js
<s> [webpack.Progress] 67% building 977/1026 modules 49 active F:\springboot32e20828n\springboot32e20828n\src\main\resources\admin\node_modules\echarts\lib\chart\sunburst\SunburstPiece.js
<s> [webpack.Progress] 67% building 977/1027 modules 50 active F:\springboot32e20828n\springboot32e20828n\src\main\resources\admin\node_modules\echarts\lib\chart\lines\linesLayout.js
<s> [webpack.Progress] 67% building 977/1028 modules 51 active F:\springboot32e20828n\springboot32e20828n\src\main\resources\admin\node_modules\echarts\lib\chart\sunburst\sunburstAction.js
<s> [webpack.Progress] 66% building 977/1029 modules 52 active F:\springboot32e20828n\springboot32e20828n\src\main\resources\admin\node_modules\echarts\lib\chart\helper\EffectPolyline.js
<s> [webpack.Progress] 66% building 977/1030 modules 53 active F:\springboot32e20828n\springboot32e20828n\src\main\resources\admin\node_modules\echarts\lib\chart\helper\LargeLineDraw.js
<s> [webpack.Progress] 66% building 977/1031 modules 54 active F:\springboot32e20828n\springboot32e20828n\src\main\resources\admin\node_modules\echarts\lib\chart\helper\Line.js
<s> [webpack.Progress] 66% building 977/1032 modules 55 active F:\springboot32e20828n\springboot32e20828n\src\main\resources\admin\node_modules\echarts\lib\chart\helper\Polyline.js
<s> [webpack.Progress] 66% building 977/1033 modules 56 active F:\springboot32e20828n\springboot32e20828n\src\main\resources\admin\node_modules\vue-style-loader\index.js??ref--6-oneOf-3-0!F:\springboot32e20828n\springboot32e20828n\src\main\resources\admin\node_modules\css-loader\dist\cjs.js??ref--6-oneOf-3-1!F:\springboot32e20828n\springboot32e20828n\src\main\resources\admin\node_modules\postcss-loader\src\index.js??ref--6-oneOf-3-2!F:\springboot32e20828n\springboot32e20828n\src\main\resources\admin\node_modules\animate.css\animate.css
<s> [webpack.Progress] 66% building 978/1033 modules 55 active F:\springboot32e20828n\springboot32e20828n\src\main\resources\admin\node_modules\echarts\lib\chart\helper\Polyline.js
<s> [webpack.Progress] 66% building 978/1034 modules 56 active F:\springboot32e20828n\springboot32e20828n\src\main\resources\admin\node_modules\css-loader\dist\cjs.js??ref--6-oneOf-3-1!F:\springboot32e20828n\springboot32e20828n\src\main\resources\admin\node_modules\postcss-loader\src\index.js??ref--6-oneOf-3-2!F:\springboot32e20828n\springboot32e20828n\src\main\resources\admin\node_modules\animate.css\animate.css
<s> [webpack.Progress] 66% building 978/1035 modules 57 active F:\springboot32e20828n\springboot32e20828n\src\main\resources\admin\node_modules\vue-loader\lib\loaders\pitcher.js??ref--4!F:\springboot32e20828n\springboot32e20828n\src\main\resources\admin\node_modules\cache-loader\dist\cjs.js??ref--0-0!F:\springboot32e20828n\springboot32e20828n\src\main\resources\admin\node_modules\vue-loader\lib\index.js??vue-loader-options!F:\springboot32e20828n\springboot32e20828n\src\main\resources\admin\src\components\index\IndexMain.vue?vue&type=template&id=16fdb8a4&scoped=true&
<s> [webpack.Progress] 66% building 979/1035 modules 56 active F:\springboot32e20828n\springboot32e20828n\src\main\resources\admin\node_modules\css-loader\dist\cjs.js??ref--6-oneOf-3-1!F:\springboot32e20828n\springboot32e20828n\src\main\resources\admin\node_modules\postcss-loader\src\index.js??ref--6-oneOf-3-2!F:\springboot32e20828n\springboot32e20828n\src\main\resources\admin\node_modules\animate.css\animate.css
<s> [webpack.Progress] 66% building 979/1036 modules 57 active F:\springboot32e20828n\springboot32e20828n\src\main\resources\admin\node_modules\vue-loader\lib\loaders\pitcher.js??ref--4!F:\springboot32e20828n\springboot32e20828n\src\main\resources\admin\node_modules\vue-style-loader\index.js??ref--8-oneOf-1-0!F:\springboot32e20828n\springboot32e20828n\src\main\resources\admin\node_modules\css-loader\dist\cjs.js??ref--8-oneOf-1-1!F:\springboot32e20828n\springboot32e20828n\src\main\resources\admin\node_modules\postcss-loader\src\index.js??ref--8-oneOf-1-2!F:\springboot32e20828n\springboot32e20828n\src\main\resources\admin\node_modules\sass-loader\dist\cjs.js??ref--8-oneOf-1-3!F:\springboot32e20828n\springboot32e20828n\src\main\resources\admin\node_modules\cache-loader\dist\cjs.js??ref--0-0!F:\springboot32e20828n\springboot32e20828n\src\main\resources\admin\node_modules\vue-loader\lib\index.js??vue-loader-options!F:\springboot32e20828n\springboot32e20828n\src\main\resources\admin\src\components\index\IndexMain.vue?vue&type=style&index=0&id=16fdb8a4&lang=scss&scoped=true&
<s> [webpack.Progress] 66% building 980/1036 modules 56 active F:\springboot32e20828n\springboot32e20828n\src\main\resources\admin\node_modules\css-loader\dist\cjs.js??ref--6-oneOf-3-1!F:\springboot32e20828n\springboot32e20828n\src\main\resources\admin\node_modules\postcss-loader\src\index.js??ref--6-oneOf-3-2!F:\springboot32e20828n\springboot32e20828n\src\main\resources\admin\node_modules\animate.css\animate.css
<s> [webpack.Progress] 66% building 980/1037 modules 57 active F:\springboot32e20828n\springboot32e20828n\src\main\resources\admin\node_modules\cache-loader\dist\cjs.js?{"cacheDirectory":"node_modules/.cache/vue-loader","cacheIdentifier":"457e6f19-vue-loader-template"}!F:\springboot32e20828n\springboot32e20828n\src\main\resources\admin\node_modules\vue-loader\lib\loaders\templateLoader.js??vue-loader-options!F:\springboot32e20828n\springboot32e20828n\src\main\resources\admin\node_modules\cache-loader\dist\cjs.js??ref--0-0!F:\springboot32e20828n\springboot32e20828n\src\main\resources\admin\node_modules\vue-loader\lib\index.js??vue-loader-options!F:\springboot32e20828n\springboot32e20828n\src\main\resources\admin\src\components\index\IndexMain.vue?vue&type=template&id=16fdb8a4&scoped=true&
<s> [webpack.Progress] 66% building 980/1038 modules 58 active F:\springboot32e20828n\springboot32e20828n\src\main\resources\admin\node_modules\vue-style-loader\index.js??ref--8-oneOf-1-0!F:\springboot32e20828n\springboot32e20828n\src\main\resources\admin\node_modules\css-loader\dist\cjs.js??ref--8-oneOf-1-1!F:\springboot32e20828n\springboot32e20828n\src\main\resources\admin\node_modules\vue-loader\lib\loaders\stylePostLoader.js!F:\springboot32e20828n\springboot32e20828n\src\main\resources\admin\node_modules\postcss-loader\src\index.js??ref--8-oneOf-1-2!F:\springboot32e20828n\springboot32e20828n\src\main\resources\admin\node_modules\sass-loader\dist\cjs.js??ref--8-oneOf-1-3!F:\springboot32e20828n\springboot32e20828n\src\main\resources\admin\node_modules\cache-loader\dist\cjs.js??ref--0-0!F:\springboot32e20828n\springboot32e20828n\src\main\resources\admin\node_modules\vue-loader\lib\index.js??vue-loader-options!F:\springboot32e20828n\springboot32e20828n\src\main\resources\admin\src\components\index\IndexMain.vue?vue&type=style&index=0&id=16fdb8a4&lang=scss&scoped=true&
<s> [webpack.Progress] 66% building 981/1038 modules 57 active F:\springboot32e20828n\springboot32e20828n\src\main\resources\admin\node_modules\cache-loader\dist\cjs.js?{"cacheDirectory":"node_modules/.cache/vue-loader","cacheIdentifier":"457e6f19-vue-loader-template"}!F:\springboot32e20828n\springboot32e20828n\src\main\resources\admin\node_modules\vue-loader\lib\loaders\templateLoader.js??vue-loader-options!F:\springboot32e20828n\springboot32e20828n\src\main\resources\admin\node_modules\cache-loader\dist\cjs.js??ref--0-0!F:\springboot32e20828n\springboot32e20828n\src\main\resources\admin\node_modules\vue-loader\lib\index.js??vue-loader-options!F:\springboot32e20828n\springboot32e20828n\src\main\resources\admin\src\components\index\IndexMain.vue?vue&type=template&id=16fdb8a4&scoped=true&
<s> [webpack.Progress] 66% building 981/1039 modules 58 active F:\springboot32e20828n\springboot32e20828n\src\main\resources\admin\node_modules\css-loader\dist\cjs.js??ref--8-oneOf-1-1!F:\springboot32e20828n\springboot32e20828n\src\main\resources\admin\node_modules\vue-loader\lib\loaders\stylePostLoader.js!F:\springboot32e20828n\springboot32e20828n\src\main\resources\admin\node_modules\postcss-loader\src\index.js??ref--8-oneOf-1-2!F:\springboot32e20828n\springboot32e20828n\src\main\resources\admin\node_modules\sass-loader\dist\cjs.js??ref--8-oneOf-1-3!F:\springboot32e20828n\springboot32e20828n\src\main\resources\admin\node_modules\cache-loader\dist\cjs.js??ref--0-0!F:\springboot32e20828n\springboot32e20828n\src\main\resources\admin\node_modules\vue-loader\lib\index.js??vue-loader-options!F:\springboot32e20828n\springboot32e20828n\src\main\resources\admin\src\components\index\IndexMain.vue?vue&type=style&index=0&id=16fdb8a4&lang=scss&scoped=true&
<s> [webpack.Progress] 66% building 982/1039 modules 57 active F:\springboot32e20828n\springboot32e20828n\src\main\resources\admin\node_modules\css-loader\dist\cjs.js??ref--8-oneOf-1-1!F:\springboot32e20828n\springboot32e20828n\src\main\resources\admin\node_modules\vue-loader\lib\loaders\stylePostLoader.js!F:\springboot32e20828n\springboot32e20828n\src\main\resources\admin\node_modules\postcss-loader\src\index.js??ref--8-oneOf-1-2!F:\springboot32e20828n\springboot32e20828n\src\main\resources\admin\node_modules\sass-loader\dist\cjs.js??ref--8-oneOf-1-3!F:\springboot32e20828n\springboot32e20828n\src\main\resources\admin\node_modules\cache-loader\dist\cjs.js??ref--0-0!F:\springboot32e20828n\springboot32e20828n\src\main\resources\admin\node_modules\vue-loader\lib\index.js??vue-loader-options!F:\springboot32e20828n\springboot32e20828n\src\main\resources\admin\src\components\index\IndexMain.vue?vue&type=style&index=0&id=16fdb8a4&lang=scss&scoped=true&
<s> [webpack.Progress] 66% building 982/1040 modules 58 active F:\springboot32e20828n\springboot32e20828n\src\main\resources\admin\node_modules\vue-loader\lib\loaders\pitcher.js??ref--4!F:\springboot32e20828n\springboot32e20828n\src\main\resources\admin\node_modules\cache-loader\dist\cjs.js??ref--12-0!F:\springboot32e20828n\springboot32e20828n\src\main\resources\admin\node_modules\babel-loader\lib\index.js!F:\springboot32e20828n\springboot32e20828n\src\main\resources\admin\node_modules\cache-loader\dist\cjs.js??ref--0-0!F:\springboot32e20828n\springboot32e20828n\src\main\resources\admin\node_modules\vue-loader\lib\index.js??vue-loader-options!F:\springboot32e20828n\springboot32e20828n\src\main\resources\admin\src\components\index\IndexMain.vue?vue&type=script&lang=js&
<s> [webpack.Progress] 66% building 983/1040 modules 57 active F:\springboot32e20828n\springboot32e20828n\src\main\resources\admin\node_modules\css-loader\dist\cjs.js??ref--8-oneOf-1-1!F:\springboot32e20828n\springboot32e20828n\src\main\resources\admin\node_modules\vue-loader\lib\loaders\stylePostLoader.js!F:\springboot32e20828n\springboot32e20828n\src\main\resources\admin\node_modules\postcss-loader\src\index.js??ref--8-oneOf-1-2!F:\springboot32e20828n\springboot32e20828n\src\main\resources\admin\node_modules\sass-loader\dist\cjs.js??ref--8-oneOf-1-3!F:\springboot32e20828n\springboot32e20828n\src\main\resources\admin\node_modules\cache-loader\dist\cjs.js??ref--0-0!F:\springboot32e20828n\springboot32e20828n\src\main\resources\admin\node_modules\vue-loader\lib\index.js??vue-loader-options!F:\springboot32e20828n\springboot32e20828n\src\main\resources\admin\src\components\index\IndexMain.vue?vue&type=style&index=0&id=16fdb8a4&lang=scss&scoped=true&
<s> [webpack.Progress] 66% building 983/1041 modules 58 active F:\springboot32e20828n\springboot32e20828n\src\main\resources\admin\node_modules\cache-loader\dist\cjs.js??ref--12-0!F:\springboot32e20828n\springboot32e20828n\src\main\resources\admin\node_modules\babel-loader\lib\index.js!F:\springboot32e20828n\springboot32e20828n\src\main\resources\admin\node_modules\cache-loader\dist\cjs.js??ref--0-0!F:\springboot32e20828n\springboot32e20828n\src\main\resources\admin\node_modules\vue-loader\lib\index.js??vue-loader-options!F:\springboot32e20828n\springboot32e20828n\src\main\resources\admin\src\components\index\IndexMain.vue?vue&type=script&lang=js&
<s> [webpack.Progress] 66% building 983/1042 modules 59 active F:\springboot32e20828n\springboot32e20828n\src\main\resources\admin\node_modules\echarts\lib\coord\radar\IndicatorAxis.js
<s> [webpack.Progress] 66% building 983/1043 modules 60 active F:\springboot32e20828n\springboot32e20828n\src\main\resources\admin\node_modules\echarts\lib\coord\axisAlignTicks.js
<s> [webpack.Progress] 66% building 983/1044 modules 61 active F:\springboot32e20828n\springboot32e20828n\src\main\resources\admin\node_modules\echarts\lib\coord\axisDefault.js
<s> [webpack.Progress] 66% building 983/1045 modules 62 active F:\springboot32e20828n\springboot32e20828n\src\main\resources\admin\node_modules\echarts\lib\component\timeline\TimelineModel.js
<s> [webpack.Progress] 66% building 984/1045 modules 61 active F:\springboot32e20828n\springboot32e20828n\src\main\resources\admin\node_modules\echarts\lib\component\timeline\TimelineModel.js
<s> [webpack.Progress] 66% building 985/1045 modules 60 active F:\springboot32e20828n\springboot32e20828n\src\main\resources\admin\node_modules\echarts\lib\component\timeline\TimelineModel.js
<s> [webpack.Progress] 66% building 986/1045 modules 59 active F:\springboot32e20828n\springboot32e20828n\src\main\resources\admin\node_modules\echarts\lib\component\timeline\TimelineModel.js
<s> [webpack.Progress] 66% building 987/1045 modules 58 active F:\springboot32e20828n\springboot32e20828n\src\main\resources\admin\node_modules\echarts\lib\component\timeline\TimelineModel.js
<s> [webpack.Progress] 66% building 987/1046 modules 59 active F:\springboot32e20828n\springboot32e20828n\src\main\resources\admin\node_modules\echarts\lib\chart\helper\EffectLine.js
<s> [webpack.Progress] 66% building 987/1047 modules 60 active F:\springboot32e20828n\springboot32e20828n\src\main\resources\admin\node_modules\isarray\index.js
<s> [webpack.Progress] 66% building 987/1048 modules 61 active F:\springboot32e20828n\springboot32e20828n\src\main\resources\admin\node_modules\base64-js\index.js
<s> [webpack.Progress] 66% building 987/1049 modules 62 active F:\springboot32e20828n\springboot32e20828n\src\main\resources\admin\node_modules\ieee754\index.js
<s> [webpack.Progress] 66% building 987/1050 modules 63 active F:\springboot32e20828n\springboot32e20828n\src\main\resources\admin\node_modules\echarts\lib\chart\helper\LineDraw.js
<s> [webpack.Progress] 66% building 987/1051 modules 64 active F:\springboot32e20828n\springboot32e20828n\src\main\resources\admin\node_modules\echarts\lib\coord\CoordinateSystem.js
<s> [webpack.Progress] 66% building 987/1052 modules 65 active F:\springboot32e20828n\springboot32e20828n\src\main\resources\admin\node_modules\echarts\lib\component\helper\sliderMove.js
<s> [webpack.Progress] 66% building 987/1053 modules 66 active F:\springboot32e20828n\springboot32e20828n\src\main\resources\admin\node_modules\echarts\lib\chart\heatmap\HeatmapLayer.js
<s> [webpack.Progress] 66% building 987/1054 modules 67 active F:\springboot32e20828n\springboot32e20828n\src\main\resources\admin\node_modules\echarts\lib\chart\gauge\PointerPath.js
<s> [webpack.Progress] 66% building 987/1055 modules 68 active F:\springboot32e20828n\springboot32e20828n\src\main\resources\admin\node_modules\echarts\lib\chart\line\poly.js
<s> [webpack.Progress] 66% building 987/1056 modules 69 active F:\springboot32e20828n\springboot32e20828n\src\main\resources\admin\node_modules\echarts\lib\chart\helper\whiskerBoxCommon.js
<s> [webpack.Progress] 66% building 988/1056 modules 68 active F:\springboot32e20828n\springboot32e20828n\src\main\resources\admin\node_modules\echarts\lib\chart\helper\whiskerBoxCommon.js
<s> [webpack.Progress] 66% building 988/1057 modules 69 active F:\springboot32e20828n\springboot32e20828n\src\main\resources\admin\node_modules\echarts\lib\chart\helper\EffectSymbol.js
<s> [webpack.Progress] 66% building 988/1058 modules 70 active F:\springboot32e20828n\springboot32e20828n\src\main\resources\admin\node_modules\echarts\lib\coord\axisCommonTypes.js
<s> [webpack.Progress] 66% building 989/1058 modules 69 active F:\springboot32e20828n\springboot32e20828n\src\main\resources\admin\node_modules\echarts\lib\coord\axisCommonTypes.js
<s> [webpack.Progress] 66% building 990/1058 modules 68 active F:\springboot32e20828n\springboot32e20828n\src\main\resources\admin\node_modules\echarts\lib\coord\axisCommonTypes.js
<s> [webpack.Progress] 66% building 991/1058 modules 67 active F:\springboot32e20828n\springboot32e20828n\src\main\resources\admin\node_modules\echarts\lib\coord\axisCommonTypes.js
<s> [webpack.Progress] 66% building 991/1059 modules 68 active F:\springboot32e20828n\springboot32e20828n\src\main\resources\admin\node_modules\echarts\lib\coord\single\singleAxisHelper.js
<s> [webpack.Progress] 66% building 991/1060 modules 69 active F:\springboot32e20828n\springboot32e20828n\src\main\resources\admin\node_modules\echarts\lib\coord\geo\GeoJSONResource.js
<s> [webpack.Progress] 66% building 992/1060 modules 68 active F:\springboot32e20828n\springboot32e20828n\src\main\resources\admin\node_modules\echarts\lib\coord\geo\GeoJSONResource.js
<s> [webpack.Progress] 66% building 993/1060 modules 67 active F:\springboot32e20828n\springboot32e20828n\src\main\resources\admin\node_modules\echarts\lib\coord\geo\GeoJSONResource.js
<s> [webpack.Progress] 66% building 993/1061 modules 68 active F:\springboot32e20828n\springboot32e20828n\src\main\resources\admin\node_modules\echarts\lib\coord\geo\GeoSVGResource.js
<s> [webpack.Progress] 66% building 993/1062 modules 69 active F:\springboot32e20828n\springboot32e20828n\src\main\resources\admin\node_modules\echarts\lib\component\axisPointer\BaseAxisPointer.js
<s> [webpack.Progress] 66% building 994/1062 modules 68 active F:\springboot32e20828n\springboot32e20828n\src\main\resources\admin\node_modules\echarts\lib\component\axisPointer\BaseAxisPointer.js
<s> [webpack.Progress] 66% building 995/1062 modules 67 active F:\springboot32e20828n\springboot32e20828n\src\main\resources\admin\node_modules\echarts\lib\component\axisPointer\BaseAxisPointer.js
<s> [webpack.Progress] 66% building 996/1062 modules 66 active F:\springboot32e20828n\springboot32e20828n\src\main\resources\admin\node_modules\echarts\lib\component\axisPointer\BaseAxisPointer.js
<s> [webpack.Progress] 66% building 997/1062 modules 65 active F:\springboot32e20828n\springboot32e20828n\src\main\resources\admin\node_modules\echarts\lib\component\axisPointer\BaseAxisPointer.js
<s> [webpack.Progress] 66% building 998/1062 modules 64 active F:\springboot32e20828n\springboot32e20828n\src\main\resources\admin\node_modules\echarts\lib\component\axisPointer\BaseAxisPointer.js
<s> [webpack.Progress] 66% building 999/1062 modules 63 active F:\springboot32e20828n\springboot32e20828n\src\main\resources\admin\node_modules\echarts\lib\component\axisPointer\BaseAxisPointer.js
<s> [webpack.Progress] 66% building 1000/1062 modules 62 active F:\springboot32e20828n\springboot32e20828n\src\main\resources\admin\node_modules\echarts\lib\component\axisPointer\BaseAxisPointer.js
<s> [webpack.Progress] 66% building 1001/1062 modules 61 active F:\springboot32e20828n\springboot32e20828n\src\main\resources\admin\node_modules\echarts\lib\component\axisPointer\BaseAxisPointer.js
<s> [webpack.Progress] 66% building 1001/1063 modules 62 active F:\springboot32e20828n\springboot32e20828n\src\main\resources\admin\node_modules\echarts\lib\component\toolbox\featureManager.js
<s> [webpack.Progress] 66% building 1001/1064 modules 63 active F:\springboot32e20828n\springboot32e20828n\src\main\resources\admin\node_modules\zrender\lib\svg\Painter.js
<s> [webpack.Progress] 66% building 1001/1065 modules 64 active F:\springboot32e20828n\springboot32e20828n\src\main\resources\admin\node_modules\echarts\lib\component\dataZoom\history.js
<s> [webpack.Progress] 66% building 1001/1066 modules 65 active F:\springboot32e20828n\springboot32e20828n\src\main\resources\admin\node_modules\echarts\lib\component\helper\BrushTargetManager.js
<s> [webpack.Progress] 66% building 1002/1066 modules 64 active F:\springboot32e20828n\springboot32e20828n\src\main\resources\admin\node_modules\echarts\lib\component\helper\BrushTargetManager.js
<s> [webpack.Progress] 66% building 1002/1067 modules 65 active F:\springboot32e20828n\springboot32e20828n\src\main\resources\admin\node_modules\echarts\lib\component\helper\BrushController.js
<s> [webpack.Progress] 66% building 1002/1068 modules 66 active F:\springboot32e20828n\springboot32e20828n\src\main\resources\admin\node_modules\echarts\lib\component\axis\axisSplitHelper.js
<s> [webpack.Progress] 66% building 1003/1068 modules 65 active F:\springboot32e20828n\springboot32e20828n\src\main\resources\admin\node_modules\echarts\lib\component\axis\axisSplitHelper.js
<s> [webpack.Progress] 66% building 1003/1069 modules 66 active F:\springboot32e20828n\springboot32e20828n\src\main\resources\admin\node_modules\echarts\lib\component\helper\MapDraw.js
<s> [webpack.Progress] 66% building 1004/1069 modules 65 active F:\springboot32e20828n\springboot32e20828n\src\main\resources\admin\node_modules\echarts\lib\component\helper\MapDraw.js
<s> [webpack.Progress] 66% building 1005/1069 modules 64 active F:\springboot32e20828n\springboot32e20828n\src\main\resources\admin\node_modules\echarts\lib\component\helper\MapDraw.js
<s> [webpack.Progress] 66% building 1006/1069 modules 63 active F:\springboot32e20828n\springboot32e20828n\src\main\resources\admin\node_modules\echarts\lib\component\helper\MapDraw.js
<s> [webpack.Progress] 66% building 1007/1069 modules 62 active F:\springboot32e20828n\springboot32e20828n\src\main\resources\admin\node_modules\echarts\lib\component\helper\MapDraw.js
<s> [webpack.Progress] 66% building 1008/1069 modules 61 active F:\springboot32e20828n\springboot32e20828n\src\main\resources\admin\node_modules\echarts\lib\component\helper\MapDraw.js
<s> [webpack.Progress] 66% building 1009/1069 modules 60 active F:\springboot32e20828n\springboot32e20828n\src\main\resources\admin\node_modules\echarts\lib\component\helper\MapDraw.js
<s> [webpack.Progress] 66% building 1010/1069 modules 59 active F:\springboot32e20828n\springboot32e20828n\src\main\resources\admin\node_modules\echarts\lib\component\helper\MapDraw.js
<s> [webpack.Progress] 66% building 1011/1069 modules 58 active F:\springboot32e20828n\springboot32e20828n\src\main\resources\admin\node_modules\echarts\lib\component\helper\MapDraw.js
<s> [webpack.Progress] 66% building 1012/1069 modules 57 active F:\springboot32e20828n\springboot32e20828n\src\main\resources\admin\node_modules\echarts\lib\component\helper\MapDraw.js
<s> [webpack.Progress] 66% building 1013/1069 modules 56 active F:\springboot32e20828n\springboot32e20828n\src\main\resources\admin\node_modules\echarts\lib\component\helper\MapDraw.js
<s> [webpack.Progress] 66% building 1013/1070 modules 57 active F:\springboot32e20828n\springboot32e20828n\src\main\resources\admin\node_modules\echarts\lib\util\shape\sausage.js
<s> [webpack.Progress] 66% building 1013/1071 modules 58 active F:\springboot32e20828n\springboot32e20828n\src\main\resources\admin\node_modules\echarts\lib\component\axisPointer\modelHelper.js
<s> [webpack.Progress] 66% building 1013/1072 modules 59 active F:\springboot32e20828n\springboot32e20828n\src\main\resources\admin\node_modules\echarts\lib\component\axis\AxisBuilder.js
<s> [webpack.Progress] 66% building 1014/1072 modules 58 active F:\springboot32e20828n\springboot32e20828n\src\main\resources\admin\node_modules\echarts\lib\component\axis\AxisBuilder.js
<s> [webpack.Progress] 66% building 1015/1072 modules 57 active F:\springboot32e20828n\springboot32e20828n\src\main\resources\admin\node_modules\echarts\lib\component\axis\AxisBuilder.js
<s> [webpack.Progress] 66% building 1016/1072 modules 56 active F:\springboot32e20828n\springboot32e20828n\src\main\resources\admin\node_modules\echarts\lib\component\axis\AxisBuilder.js
<s> [webpack.Progress] 66% building 1017/1072 modules 55 active F:\springboot32e20828n\springboot32e20828n\src\main\resources\admin\node_modules\echarts\lib\component\axis\AxisBuilder.js
<s> [webpack.Progress] 66% building 1018/1072 modules 54 active F:\springboot32e20828n\springboot32e20828n\src\main\resources\admin\node_modules\echarts\lib\component\axis\AxisBuilder.js
<s> [webpack.Progress] 67% building 1019/1072 modules 53 active F:\springboot32e20828n\springboot32e20828n\src\main\resources\admin\node_modules\echarts\lib\component\axis\AxisBuilder.js
<s> [webpack.Progress] 67% building 1020/1072 modules 52 active F:\springboot32e20828n\springboot32e20828n\src\main\resources\admin\node_modules\echarts\lib\component\axis\AxisBuilder.js
<s> [webpack.Progress] 67% building 1021/1072 modules 51 active F:\springboot32e20828n\springboot32e20828n\src\main\resources\admin\node_modules\echarts\lib\component\axis\AxisBuilder.js
<s> [webpack.Progress] 67% building 1021/1073 modules 52 active F:\springboot32e20828n\springboot32e20828n\src\main\resources\admin\node_modules\echarts\lib\chart\helper\SymbolDraw.js
<s> [webpack.Progress] 67% building 1022/1073 modules 51 active F:\springboot32e20828n\springboot32e20828n\src\main\resources\admin\node_modules\echarts\lib\chart\helper\SymbolDraw.js
<s> [webpack.Progress] 67% building 1023/1073 modules 50 active F:\springboot32e20828n\springboot32e20828n\src\main\resources\admin\node_modules\echarts\lib\chart\helper\SymbolDraw.js
<s> [webpack.Progress] 67% building 1024/1073 modules 49 active F:\springboot32e20828n\springboot32e20828n\src\main\resources\admin\node_modules\echarts\lib\chart\helper\SymbolDraw.js
<s> [webpack.Progress] 67% building 1025/1073 modules 48 active F:\springboot32e20828n\springboot32e20828n\src\main\resources\admin\node_modules\echarts\lib\chart\helper\SymbolDraw.js
<s> [webpack.Progress] 67% building 1026/1073 modules 47 active F:\springboot32e20828n\springboot32e20828n\src\main\resources\admin\node_modules\echarts\lib\chart\helper\SymbolDraw.js
<s> [webpack.Progress] 67% building 1027/1073 modules 46 active F:\springboot32e20828n\springboot32e20828n\src\main\resources\admin\node_modules\echarts\lib\chart\helper\SymbolDraw.js
<s> [webpack.Progress] 67% building 1027/1074 modules 47 active F:\springboot32e20828n\springboot32e20828n\src\main\resources\admin\node_modules\echarts\lib\coord\single\Single.js
<s> [webpack.Progress] 67% building 1027/1075 modules 48 active F:\springboot32e20828n\springboot32e20828n\src\main\resources\admin\node_modules\echarts\lib\coord\geo\Geo.js
<s> [webpack.Progress] 67% building 1027/1076 modules 49 active F:\springboot32e20828n\springboot32e20828n\src\main\resources\admin\node_modules\echarts\lib\chart\candlestick\candlestickVisual.js
<s> [webpack.Progress] 67% building 1028/1076 modules 48 active F:\springboot32e20828n\springboot32e20828n\src\main\resources\admin\node_modules\echarts\lib\chart\candlestick\candlestickVisual.js
<s> [webpack.Progress] 67% building 1029/1076 modules 47 active F:\springboot32e20828n\springboot32e20828n\src\main\resources\admin\node_modules\echarts\lib\chart\candlestick\candlestickVisual.js
<s> [webpack.Progress] 67% building 1030/1076 modules 46 active F:\springboot32e20828n\springboot32e20828n\src\main\resources\admin\node_modules\echarts\lib\chart\candlestick\candlestickVisual.js
<s> [webpack.Progress] 67% building 1031/1076 modules 45 active F:\springboot32e20828n\springboot32e20828n\src\main\resources\admin\node_modules\echarts\lib\chart\candlestick\candlestickVisual.js
<s> [webpack.Progress] 67% building 1031/1077 modules 46 active F:\springboot32e20828n\springboot32e20828n\src\main\resources\admin\node_modules\echarts\lib\visual\LegendVisualProvider.js
<s> [webpack.Progress] 67% building 1032/1077 modules 45 active F:\springboot32e20828n\springboot32e20828n\src\main\resources\admin\node_modules\echarts\lib\visual\LegendVisualProvider.js
<s> [webpack.Progress] 67% building 1033/1077 modules 44 active F:\springboot32e20828n\springboot32e20828n\src\main\resources\admin\node_modules\echarts\lib\visual\LegendVisualProvider.js
<s> [webpack.Progress] 67% building 1034/1077 modules 43 active F:\springboot32e20828n\springboot32e20828n\src\main\resources\admin\node_modules\echarts\lib\visual\LegendVisualProvider.js
<s> [webpack.Progress] 67% building 1035/1077 modules 42 active F:\springboot32e20828n\springboot32e20828n\src\main\resources\admin\node_modules\echarts\lib\visual\LegendVisualProvider.js
<s> [webpack.Progress] 67% building 1036/1077 modules 41 active F:\springboot32e20828n\springboot32e20828n\src\main\resources\admin\node_modules\echarts\lib\visual\LegendVisualProvider.js
<s> [webpack.Progress] 67% building 1037/1077 modules 40 active F:\springboot32e20828n\springboot32e20828n\src\main\resources\admin\node_modules\echarts\lib\visual\LegendVisualProvider.js
<s> [webpack.Progress] 67% building 1037/1078 modules 41 active F:\springboot32e20828n\springboot32e20828n\src\main\resources\admin\node_modules\babel-runtime\node_modules\core-js\library\fn\symbol\index.js
<s> [webpack.Progress] 67% building 1037/1079 modules 42 active F:\springboot32e20828n\springboot32e20828n\src\main\resources\admin\node_modules\echarts\lib\chart\helper\createSeriesDataSimply.js
<s> [webpack.Progress] 67% building 1038/1079 modules 41 active F:\springboot32e20828n\springboot32e20828n\src\main\resources\admin\node_modules\echarts\lib\chart\helper\createSeriesDataSimply.js
<s> [webpack.Progress] 67% building 1039/1079 modules 40 active F:\springboot32e20828n\springboot32e20828n\src\main\resources\admin\node_modules\echarts\lib\chart\helper\createSeriesDataSimply.js
<s> [webpack.Progress] 67% building 1039/1080 modules 41 active F:\springboot32e20828n\springboot32e20828n\src\main\resources\admin\node_modules\echarts\lib\component\helper\cursorHelper.js
<s> [webpack.Progress] 67% building 1039/1081 modules 42 active F:\springboot32e20828n\springboot32e20828n\src\main\resources\admin\node_modules\echarts\lib\component\helper\RoamController.js
<s> [webpack.Progress] 67% building 1040/1081 modules 41 active F:\springboot32e20828n\springboot32e20828n\src\main\resources\admin\node_modules\echarts\lib\component\helper\RoamController.js
<s> [webpack.Progress] 67% building 1041/1081 modules 40 active F:\springboot32e20828n\springboot32e20828n\src\main\resources\admin\node_modules\echarts\lib\component\helper\RoamController.js
<s> [webpack.Progress] 67% building 1041/1082 modules 41 active F:\springboot32e20828n\springboot32e20828n\src\main\resources\admin\node_modules\echarts\lib\component\helper\brushHelper.js
<s> [webpack.Progress] 67% building 1042/1082 modules 40 active F:\springboot32e20828n\springboot32e20828n\src\main\resources\admin\node_modules\echarts\lib\component\helper\brushHelper.js
<s> [webpack.Progress] 67% building 1042/1083 modules 41 active F:\springboot32e20828n\springboot32e20828n\src\main\resources\admin\node_modules\echarts\lib\component\helper\roamHelper.js
<s> [webpack.Progress] 67% building 1042/1084 modules 42 active F:\springboot32e20828n\springboot32e20828n\src\main\resources\admin\node_modules\echarts\lib\coord\View.js
<s> [webpack.Progress] 67% building 1042/1085 modules 43 active F:\springboot32e20828n\springboot32e20828n\src\main\resources\admin\node_modules\echarts\lib\chart\tree\layoutHelper.js
<s> [webpack.Progress] 67% building 1043/1085 modules 42 active F:\springboot32e20828n\springboot32e20828n\src\main\resources\admin\node_modules\echarts\lib\chart\tree\layoutHelper.js
<s> [webpack.Progress] 67% building 1043/1086 modules 43 active F:\springboot32e20828n\springboot32e20828n\src\main\resources\admin\node_modules\echarts\lib\chart\helper\Symbol.js
<s> [webpack.Progress] 67% building 1044/1086 modules 42 active F:\springboot32e20828n\springboot32e20828n\src\main\resources\admin\node_modules\echarts\lib\chart\helper\Symbol.js
<s> [webpack.Progress] 67% building 1045/1086 modules 41 active F:\springboot32e20828n\springboot32e20828n\src\main\resources\admin\node_modules\echarts\lib\chart\helper\Symbol.js
<s> [webpack.Progress] 67% building 1046/1086 modules 40 active F:\springboot32e20828n\springboot32e20828n\src\main\resources\admin\node_modules\echarts\lib\chart\helper\Symbol.js
<s> [webpack.Progress] 67% building 1047/1086 modules 39 active F:\springboot32e20828n\springboot32e20828n\src\main\resources\admin\node_modules\echarts\lib\chart\helper\Symbol.js
<s> [webpack.Progress] 67% building 1048/1086 modules 38 active F:\springboot32e20828n\springboot32e20828n\src\main\resources\admin\node_modules\echarts\lib\chart\helper\Symbol.js
<s> [webpack.Progress] 67% building 1049/1086 modules 37 active F:\springboot32e20828n\springboot32e20828n\src\main\resources\admin\node_modules\echarts\lib\chart\helper\Symbol.js
<s> [webpack.Progress] 68% building 1050/1086 modules 36 active F:\springboot32e20828n\springboot32e20828n\src\main\resources\admin\node_modules\echarts\lib\chart\helper\Symbol.js
<s> [webpack.Progress] 68% building 1051/1086 modules 35 active F:\springboot32e20828n\springboot32e20828n\src\main\resources\admin\node_modules\echarts\lib\chart\helper\Symbol.js
<s> [webpack.Progress] 68% building 1051/1087 modules 36 active F:\springboot32e20828n\springboot32e20828n\src\main\resources\admin\node_modules\echarts\lib\chart\line\helper.js
<s> [webpack.Progress] 68% building 1052/1087 modules 35 active F:\springboot32e20828n\springboot32e20828n\src\main\resources\admin\node_modules\echarts\lib\chart\line\helper.js
<s> [webpack.Progress] 68% building 1052/1088 modules 36 active F:\springboot32e20828n\springboot32e20828n\src\main\resources\admin\node_modules\echarts\lib\chart\line\lineAnimationDiff.js
<s> [webpack.Progress] 68% building 1053/1088 modules 35 active F:\springboot32e20828n\springboot32e20828n\src\main\resources\admin\node_modules\echarts\lib\chart\line\lineAnimationDiff.js
<s> [webpack.Progress] 68% building 1053/1089 modules 36 active F:\springboot32e20828n\springboot32e20828n\src\main\resources\admin\node_modules\echarts\lib\coord\parallel\AxisModel.js
<s> [webpack.Progress] 68% building 1054/1089 modules 35 active F:\springboot32e20828n\springboot32e20828n\src\main\resources\admin\node_modules\echarts\lib\coord\parallel\AxisModel.js
<s> [webpack.Progress] 68% building 1054/1090 modules 36 active F:\springboot32e20828n\springboot32e20828n\src\main\resources\admin\node_modules\echarts\lib\coord\parallel\ParallelModel.js
<s> [webpack.Progress] 67% building 1054/1091 modules 37 active F:\springboot32e20828n\springboot32e20828n\src\main\resources\admin\node_modules\echarts\lib\coord\parallel\parallelCreator.js
<s> [webpack.Progress] 68% building 1055/1091 modules 36 active F:\springboot32e20828n\springboot32e20828n\src\main\resources\admin\node_modules\echarts\lib\coord\parallel\parallelCreator.js
<s> [webpack.Progress] 68% building 1056/1091 modules 35 active F:\springboot32e20828n\springboot32e20828n\src\main\resources\admin\node_modules\echarts\lib\coord\parallel\parallelCreator.js
<s> [webpack.Progress] 68% building 1057/1091 modules 34 active F:\springboot32e20828n\springboot32e20828n\src\main\resources\admin\node_modules\echarts\lib\coord\parallel\parallelCreator.js
<s> [webpack.Progress] 68% building 1058/1091 modules 33 active F:\springboot32e20828n\springboot32e20828n\src\main\resources\admin\node_modules\echarts\lib\coord\parallel\parallelCreator.js
<s> [webpack.Progress] 68% building 1059/1091 modules 32 active F:\springboot32e20828n\springboot32e20828n\src\main\resources\admin\node_modules\echarts\lib\coord\parallel\parallelCreator.js
<s> [webpack.Progress] 68% building 1059/1092 modules 33 active F:\springboot32e20828n\springboot32e20828n\src\main\resources\admin\node_modules\echarts\lib\component\graphic\GraphicView.js
<s> [webpack.Progress] 68% building 1059/1093 modules 34 active F:\springboot32e20828n\springboot32e20828n\src\main\resources\admin\node_modules\echarts\lib\component\parallel\ParallelView.js
<s> [webpack.Progress] 68% building 1059/1094 modules 35 active F:\springboot32e20828n\springboot32e20828n\src\main\resources\admin\node_modules\echarts\lib\component\graphic\GraphicModel.js
<s> [webpack.Progress] 68% building 1059/1095 modules 36 active F:\springboot32e20828n\springboot32e20828n\src\main\resources\admin\node_modules\echarts\lib\component\calendar\CalendarView.js
<s> [webpack.Progress] 67% building 1059/1096 modules 37 active F:\springboot32e20828n\springboot32e20828n\src\main\resources\admin\node_modules\echarts\lib\visual\visualSolution.js
<s> [webpack.Progress] 67% building 1059/1097 modules 38 active F:\springboot32e20828n\springboot32e20828n\src\main\resources\admin\node_modules\echarts\lib\coord\calendar\Calendar.js
<s> [webpack.Progress] 67% building 1059/1098 modules 39 active F:\springboot32e20828n\springboot32e20828n\src\main\resources\admin\node_modules\echarts\lib\component\toolbox\feature\Brush.js
<s> [webpack.Progress] 67% building 1059/1099 modules 40 active F:\springboot32e20828n\springboot32e20828n\src\main\resources\admin\node_modules\echarts\lib\component\brush\visualEncoding.js
<s> [webpack.Progress] 67% building 1059/1100 modules 41 active F:\springboot32e20828n\springboot32e20828n\src\main\resources\admin\node_modules\echarts\lib\component\brush\BrushModel.js
<s> [webpack.Progress] 67% building 1059/1101 modules 42 active F:\springboot32e20828n\springboot32e20828n\src\main\resources\admin\node_modules\echarts\lib\component\brush\BrushView.js
<s> [webpack.Progress] 67% building 1059/1102 modules 43 active F:\springboot32e20828n\springboot32e20828n\src\main\resources\admin\node_modules\echarts\lib\component\toolbox\feature\Restore.js
<s> [webpack.Progress] 67% building 1059/1103 modules 44 active F:\springboot32e20828n\springboot32e20828n\src\main\resources\admin\node_modules\echarts\lib\component\toolbox\feature\DataView.js
<s> [webpack.Progress] 67% building 1060/1103 modules 43 active F:\springboot32e20828n\springboot32e20828n\src\main\resources\admin\node_modules\echarts\lib\component\toolbox\feature\DataView.js
<s> [webpack.Progress] 67% building 1061/1103 modules 42 active F:\springboot32e20828n\springboot32e20828n\src\main\resources\admin\node_modules\echarts\lib\component\toolbox\feature\DataView.js
<s> [webpack.Progress] 67% building 1061/1104 modules 43 active F:\springboot32e20828n\springboot32e20828n\src\main\resources\admin\node_modules\echarts\lib\component\toolbox\feature\MagicType.js
<s> [webpack.Progress] 67% building 1062/1104 modules 42 active F:\springboot32e20828n\springboot32e20828n\src\main\resources\admin\node_modules\echarts\lib\component\toolbox\feature\MagicType.js
<s> [webpack.Progress] 67% building 1062/1105 modules 43 active F:\springboot32e20828n\springboot32e20828n\src\main\resources\admin\node_modules\echarts\lib\component\dataZoom\AxisProxy.js
<s> [webpack.Progress] 67% building 1062/1106 modules 44 active F:\springboot32e20828n\springboot32e20828n\src\main\resources\admin\node_modules\echarts\lib\component\dataZoom\helper.js
<s> [webpack.Progress] 67% building 1062/1107 modules 45 active F:\springboot32e20828n\springboot32e20828n\src\main\resources\admin\node_modules\echarts\lib\component\toolbox\feature\SaveAsImage.js
<s> [webpack.Progress] 67% building 1062/1108 modules 46 active F:\springboot32e20828n\springboot32e20828n\src\main\resources\admin\node_modules\echarts\lib\component\toolbox\ToolboxView.js
<s> [webpack.Progress] 67% building 1062/1109 modules 47 active F:\springboot32e20828n\springboot32e20828n\src\main\resources\admin\node_modules\echarts\lib\component\dataZoom\installDataZoomSelect.js
<s> [webpack.Progress] 67% building 1062/1110 modules 48 active F:\springboot32e20828n\springboot32e20828n\src\main\resources\admin\node_modules\echarts\lib\chart\helper\LinePath.js
<s> [webpack.Progress] 67% building 1062/1111 modules 49 active F:\springboot32e20828n\springboot32e20828n\src\main\resources\admin\node_modules\echarts\lib\component\toolbox\ToolboxModel.js
<s> [webpack.Progress] 67% building 1063/1111 modules 48 active F:\springboot32e20828n\springboot32e20828n\src\main\resources\admin\node_modules\echarts\lib\component\toolbox\ToolboxModel.js
<s> [webpack.Progress] 67% building 1063/1112 modules 49 active F:\springboot32e20828n\springboot32e20828n\src\main\resources\admin\node_modules\echarts\lib\component\axisPointer\axisTrigger.js
<s> [webpack.Progress] 67% building 1064/1112 modules 48 active F:\springboot32e20828n\springboot32e20828n\src\main\resources\admin\node_modules\echarts\lib\component\axisPointer\axisTrigger.js
<s> [webpack.Progress] 67% building 1065/1112 modules 47 active F:\springboot32e20828n\springboot32e20828n\src\main\resources\admin\node_modules\echarts\lib\component\axisPointer\axisTrigger.js
<s> [webpack.Progress] 67% building 1066/1112 modules 46 active F:\springboot32e20828n\springboot32e20828n\src\main\resources\admin\node_modules\echarts\lib\component\axisPointer\axisTrigger.js
<s> [webpack.Progress] 67% building 1067/1112 modules 45 active F:\springboot32e20828n\springboot32e20828n\src\main\resources\admin\node_modules\echarts\lib\component\axisPointer\axisTrigger.js
<s> [webpack.Progress] 67% building 1067/1113 modules 46 active F:\springboot32e20828n\springboot32e20828n\src\main\resources\admin\node_modules\echarts\lib\component\axisPointer\AxisPointerView.js
<s> [webpack.Progress] 67% building 1068/1113 modules 45 active F:\springboot32e20828n\springboot32e20828n\src\main\resources\admin\node_modules\echarts\lib\component\axisPointer\AxisPointerView.js
<s> [webpack.Progress] 67% building 1069/1113 modules 44 active F:\springboot32e20828n\springboot32e20828n\src\main\resources\admin\node_modules\echarts\lib\component\axisPointer\AxisPointerView.js
<s> [webpack.Progress] 67% building 1069/1114 modules 45 active F:\springboot32e20828n\springboot32e20828n\src\main\resources\admin\node_modules\echarts\lib\component\axisPointer\AxisPointerModel.js
<s> [webpack.Progress] 67% building 1069/1115 modules 46 active F:\springboot32e20828n\springboot32e20828n\src\main\resources\admin\node_modules\echarts\lib\component\axisPointer\CartesianAxisPointer.js
<s> [webpack.Progress] 67% building 1069/1116 modules 47 active F:\springboot32e20828n\springboot32e20828n\src\main\resources\admin\node_modules\echarts\lib\component\timeline\preprocessor.js
<s> [webpack.Progress] 67% building 1069/1117 modules 48 active F:\springboot32e20828n\springboot32e20828n\src\main\resources\admin\node_modules\echarts\lib\component\timeline\timelineAction.js
<s> [webpack.Progress] 67% building 1070/1117 modules 47 active F:\springboot32e20828n\springboot32e20828n\src\main\resources\admin\node_modules\echarts\lib\component\timeline\timelineAction.js
<s> [webpack.Progress] 67% building 1070/1118 modules 48 active F:\springboot32e20828n\springboot32e20828n\src\main\resources\admin\node_modules\echarts\lib\component\timeline\SliderTimelineView.js
<s> [webpack.Progress] 67% building 1070/1119 modules 49 active F:\springboot32e20828n\springboot32e20828n\src\main\resources\admin\node_modules\echarts\lib\component\marker\MarkLineView.js
<s> [webpack.Progress] 67% building 1070/1120 modules 50 active F:\springboot32e20828n\springboot32e20828n\src\main\resources\admin\node_modules\echarts\lib\component\marker\MarkLineModel.js
<s> [webpack.Progress] 67% building 1070/1121 modules 51 active F:\springboot32e20828n\springboot32e20828n\src\main\resources\admin\node_modules\echarts\lib\component\marker\MarkAreaView.js
<s> [webpack.Progress] 67% building 1070/1122 modules 52 active F:\springboot32e20828n\springboot32e20828n\src\main\resources\admin\node_modules\babel-runtime\node_modules\core-js\library\modules\es6.string.iterator.js
<s> [webpack.Progress] 67% building 1070/1123 modules 53 active F:\springboot32e20828n\springboot32e20828n\src\main\resources\admin\node_modules\babel-runtime\node_modules\core-js\library\modules\es6.object.assign.js
<s> [webpack.Progress] 67% building 1070/1124 modules 54 active F:\springboot32e20828n\springboot32e20828n\src\main\resources\admin\node_modules\babel-runtime\node_modules\core-js\library\modules\_core.js
<s> [webpack.Progress] 67% building 1070/1125 modules 55 active F:\springboot32e20828n\springboot32e20828n\src\main\resources\admin\node_modules\babel-runtime\node_modules\core-js\library\modules\_wks-ext.js
<s> [webpack.Progress] 67% building 1070/1126 modules 56 active F:\springboot32e20828n\springboot32e20828n\src\main\resources\admin\node_modules\babel-runtime\node_modules\core-js\library\modules\web.dom.iterable.js
<s> [webpack.Progress] 67% building 1071/1126 modules 55 active F:\springboot32e20828n\springboot32e20828n\src\main\resources\admin\node_modules\babel-runtime\node_modules\core-js\library\modules\web.dom.iterable.js
<s> [webpack.Progress] 67% building 1071/1127 modules 56 active F:\springboot32e20828n\springboot32e20828n\src\main\resources\admin\node_modules\echarts\lib\component\marker\MarkAreaModel.js
<s> [webpack.Progress] 67% building 1072/1127 modules 55 active F:\springboot32e20828n\springboot32e20828n\src\main\resources\admin\node_modules\echarts\lib\component\marker\MarkAreaModel.js
<s> [webpack.Progress] 67% building 1073/1127 modules 54 active F:\springboot32e20828n\springboot32e20828n\src\main\resources\admin\node_modules\echarts\lib\component\marker\MarkAreaModel.js
<s> [webpack.Progress] 67% building 1073/1128 modules 55 active F:\springboot32e20828n\springboot32e20828n\src\main\resources\admin\node_modules\echarts\lib\component\marker\MarkPointView.js
<s> [webpack.Progress] 67% building 1073/1129 modules 56 active F:\springboot32e20828n\springboot32e20828n\src\main\resources\admin\node_modules\echarts\lib\component\marker\MarkPointModel.js
<s> [webpack.Progress] 66% building 1073/1130 modules 57 active F:\springboot32e20828n\springboot32e20828n\src\main\resources\admin\node_modules\echarts\lib\component\legend\ScrollableLegendView.js
<s> [webpack.Progress] 66% building 1073/1131 modules 58 active F:\springboot32e20828n\springboot32e20828n\src\main\resources\admin\node_modules\echarts\lib\component\legend\ScrollableLegendModel.js
<s> [webpack.Progress] 66% building 1073/1132 modules 59 active F:\springboot32e20828n\springboot32e20828n\src\main\resources\admin\node_modules\echarts\lib\component\legend\legendFilter.js
<s> [webpack.Progress] 66% building 1073/1133 modules 60 active F:\springboot32e20828n\springboot32e20828n\src\main\resources\admin\node_modules\echarts\lib\component\legend\LegendView.js
<s> [webpack.Progress] 66% building 1073/1134 modules 61 active F:\springboot32e20828n\springboot32e20828n\src\main\resources\admin\node_modules\echarts\lib\component\dataZoom\roams.js
<s> [webpack.Progress] 66% building 1073/1135 modules 62 active F:\springboot32e20828n\springboot32e20828n\src\main\resources\admin\node_modules\echarts\lib\component\dataZoom\InsideZoomView.js
<s> [webpack.Progress] 66% building 1074/1135 modules 61 active F:\springboot32e20828n\springboot32e20828n\src\main\resources\admin\node_modules\echarts\lib\component\dataZoom\InsideZoomView.js
<s> [webpack.Progress] 66% building 1074/1136 modules 62 active F:\springboot32e20828n\springboot32e20828n\src\main\resources\admin\node_modules\echarts\lib\component\dataZoom\SliderZoomView.js
<s> [webpack.Progress] 66% building 1074/1137 modules 63 active F:\springboot32e20828n\springboot32e20828n\src\main\resources\admin\node_modules\echarts\lib\component\radar\RadarView.js
<s> [webpack.Progress] 66% building 1074/1138 modules 64 active F:\springboot32e20828n\springboot32e20828n\src\main\resources\admin\node_modules\echarts\lib\layout\barPolar.js
<s> [webpack.Progress] 66% building 1074/1139 modules 65 active F:\springboot32e20828n\springboot32e20828n\src\main\resources\admin\node_modules\echarts\lib\component\axis\RadiusAxisView.js
<s> [webpack.Progress] 66% building 1074/1140 modules 66 active F:\springboot32e20828n\springboot32e20828n\src\main\resources\admin\node_modules\echarts\lib\component\axis\AngleAxisView.js
<s> [webpack.Progress] 66% building 1075/1140 modules 65 active F:\springboot32e20828n\springboot32e20828n\src\main\resources\admin\node_modules\echarts\lib\component\axis\AngleAxisView.js
<s> [webpack.Progress] 66% building 1076/1140 modules 64 active F:\springboot32e20828n\springboot32e20828n\src\main\resources\admin\node_modules\echarts\lib\component\axis\AngleAxisView.js
<s> [webpack.Progress] 66% building 1076/1141 modules 65 active F:\springboot32e20828n\springboot32e20828n\src\main\resources\admin\node_modules\echarts\lib\component\axisPointer\PolarAxisPointer.js
<s> [webpack.Progress] 66% building 1077/1141 modules 64 active F:\springboot32e20828n\springboot32e20828n\src\main\resources\admin\node_modules\echarts\lib\component\axisPointer\PolarAxisPointer.js
<s> [webpack.Progress] 66% building 1078/1141 modules 63 active F:\springboot32e20828n\springboot32e20828n\src\main\resources\admin\node_modules\echarts\lib\component\axisPointer\PolarAxisPointer.js
<s> [webpack.Progress] 66% building 1078/1142 modules 64 active F:\springboot32e20828n\springboot32e20828n\src\main\resources\admin\node_modules\echarts\lib\chart\custom\CustomView.js
<s> [webpack.Progress] 66% building 1078/1143 modules 65 active F:\springboot32e20828n\springboot32e20828n\src\main\resources\admin\node_modules\echarts\lib\component\axis\CartesianAxisView.js
<s> [webpack.Progress] 66% building 1079/1143 modules 64 active F:\springboot32e20828n\springboot32e20828n\src\main\resources\admin\node_modules\echarts\lib\component\axis\CartesianAxisView.js
<s> [webpack.Progress] 66% building 1080/1143 modules 63 active F:\springboot32e20828n\springboot32e20828n\src\main\resources\admin\node_modules\echarts\lib\component\axis\CartesianAxisView.js
<s> [webpack.Progress] 66% building 1081/1143 modules 62 active F:\springboot32e20828n\springboot32e20828n\src\main\resources\admin\node_modules\echarts\lib\component\axis\CartesianAxisView.js
<s> [webpack.Progress] 66% building 1082/1143 modules 61 active F:\springboot32e20828n\springboot32e20828n\src\main\resources\admin\node_modules\echarts\lib\component\axis\CartesianAxisView.js
<s> [webpack.Progress] 66% building 1083/1143 modules 60 active F:\springboot32e20828n\springboot32e20828n\src\main\resources\admin\node_modules\echarts\lib\component\axis\CartesianAxisView.js
<s> [webpack.Progress] 66% building 1084/1143 modules 59 active F:\springboot32e20828n\springboot32e20828n\src\main\resources\admin\node_modules\echarts\lib\component\axis\CartesianAxisView.js
<s> [webpack.Progress] 66% building 1085/1143 modules 58 active F:\springboot32e20828n\springboot32e20828n\src\main\resources\admin\node_modules\echarts\lib\component\axis\CartesianAxisView.js
<s> [webpack.Progress] 67% building 1086/1143 modules 57 active F:\springboot32e20828n\springboot32e20828n\src\main\resources\admin\node_modules\echarts\lib\component\axis\CartesianAxisView.js
<s> [webpack.Progress] 67% building 1087/1143 modules 56 active F:\springboot32e20828n\springboot32e20828n\src\main\resources\admin\node_modules\echarts\lib\component\axis\CartesianAxisView.js
<s> [webpack.Progress] 67% building 1087/1144 modules 57 active F:\springboot32e20828n\springboot32e20828n\src\main\resources\admin\node_modules\zrender\lib\svg\graphic.js
<s> [webpack.Progress] 66% building 1087/1145 modules 58 active F:\springboot32e20828n\springboot32e20828n\src\main\resources\admin\node_modules\zrender\lib\svg\patch.js
<s> [webpack.Progress] 66% building 1087/1146 modules 59 active F:\springboot32e20828n\springboot32e20828n\src\main\resources\admin\node_modules\zrender\lib\svg\core.js
<s> [webpack.Progress] 66% building 1088/1146 modules 58 active F:\springboot32e20828n\springboot32e20828n\src\main\resources\admin\node_modules\zrender\lib\svg\core.js
<s> [webpack.Progress] 66% building 1088/1147 modules 59 active F:\springboot32e20828n\springboot32e20828n\src\main\resources\admin\node_modules\echarts\lib\component\helper\interactionMutex.js
<s> [webpack.Progress] 66% building 1089/1147 modules 58 active F:\springboot32e20828n\springboot32e20828n\src\main\resources\admin\node_modules\echarts\lib\component\helper\interactionMutex.js
<s> [webpack.Progress] 67% building 1090/1147 modules 57 active F:\springboot32e20828n\springboot32e20828n\src\main\resources\admin\node_modules\echarts\lib\component\helper\interactionMutex.js
<s> [webpack.Progress] 67% building 1091/1147 modules 56 active F:\springboot32e20828n\springboot32e20828n\src\main\resources\admin\node_modules\echarts\lib\component\helper\interactionMutex.js
<s> [webpack.Progress] 67% building 1092/1147 modules 55 active F:\springboot32e20828n\springboot32e20828n\src\main\resources\admin\node_modules\echarts\lib\component\helper\interactionMutex.js
<s> [webpack.Progress] 67% building 1093/1147 modules 54 active F:\springboot32e20828n\springboot32e20828n\src\main\resources\admin\node_modules\echarts\lib\component\helper\interactionMutex.js
<s> [webpack.Progress] 67% building 1094/1147 modules 53 active F:\springboot32e20828n\springboot32e20828n\src\main\resources\admin\node_modules\echarts\lib\component\helper\interactionMutex.js
<s> [webpack.Progress] 67% building 1095/1147 modules 52 active F:\springboot32e20828n\springboot32e20828n\src\main\resources\admin\node_modules\echarts\lib\component\helper\interactionMutex.js
<s> [webpack.Progress] 67% building 1096/1147 modules 51 active F:\springboot32e20828n\springboot32e20828n\src\main\resources\admin\node_modules\echarts\lib\component\helper\interactionMutex.js
<s> [webpack.Progress] 67% building 1097/1147 modules 50 active F:\springboot32e20828n\springboot32e20828n\src\main\resources\admin\node_modules\echarts\lib\component\helper\interactionMutex.js
<s> [webpack.Progress] 67% building 1098/1147 modules 49 active F:\springboot32e20828n\springboot32e20828n\src\main\resources\admin\node_modules\echarts\lib\component\helper\interactionMutex.js
<s> [webpack.Progress] 67% building 1099/1147 modules 48 active F:\springboot32e20828n\springboot32e20828n\src\main\resources\admin\node_modules\echarts\lib\component\helper\interactionMutex.js
<s> [webpack.Progress] 67% building 1100/1147 modules 47 active F:\springboot32e20828n\springboot32e20828n\src\main\resources\admin\node_modules\echarts\lib\component\helper\interactionMutex.js
<s> [webpack.Progress] 67% building 1100/1148 modules 48 active F:\springboot32e20828n\springboot32e20828n\src\main\resources\admin\node_modules\echarts\lib\coord\polar\AxisModel.js
<s> [webpack.Progress] 67% building 1100/1149 modules 49 active F:\springboot32e20828n\springboot32e20828n\src\main\resources\admin\node_modules\echarts\lib\coord\polar\polarCreator.js
<s> [webpack.Progress] 67% building 1100/1150 modules 50 active F:\springboot32e20828n\springboot32e20828n\src\main\resources\admin\node_modules\echarts\lib\coord\polar\PolarModel.js
<s> [webpack.Progress] 67% building 1101/1150 modules 49 active F:\springboot32e20828n\springboot32e20828n\src\main\resources\admin\node_modules\echarts\lib\coord\polar\PolarModel.js
<s> [webpack.Progress] 67% building 1102/1150 modules 48 active F:\springboot32e20828n\springboot32e20828n\src\main\resources\admin\node_modules\echarts\lib\coord\polar\PolarModel.js
<s> [webpack.Progress] 67% building 1103/1150 modules 47 active F:\springboot32e20828n\springboot32e20828n\src\main\resources\admin\node_modules\echarts\lib\coord\polar\PolarModel.js
<s> [webpack.Progress] 67% building 1104/1150 modules 46 active F:\springboot32e20828n\springboot32e20828n\src\main\resources\admin\node_modules\echarts\lib\coord\polar\PolarModel.js
<s> [webpack.Progress] 67% building 1105/1150 modules 45 active F:\springboot32e20828n\springboot32e20828n\src\main\resources\admin\node_modules\echarts\lib\coord\polar\PolarModel.js
<s> [webpack.Progress] 67% building 1106/1150 modules 44 active F:\springboot32e20828n\springboot32e20828n\src\main\resources\admin\node_modules\echarts\lib\coord\polar\PolarModel.js
<s> [webpack.Progress] 67% building 1107/1150 modules 43 active F:\springboot32e20828n\springboot32e20828n\src\main\resources\admin\node_modules\echarts\lib\coord\polar\PolarModel.js
<s> [webpack.Progress] 67% building 1108/1150 modules 42 active F:\springboot32e20828n\springboot32e20828n\src\main\resources\admin\node_modules\echarts\lib\coord\polar\PolarModel.js
<s> [webpack.Progress] 67% building 1109/1150 modules 41 active F:\springboot32e20828n\springboot32e20828n\src\main\resources\admin\node_modules\echarts\lib\coord\polar\PolarModel.js
<s> [webpack.Progress] 67% building 1110/1150 modules 40 active F:\springboot32e20828n\springboot32e20828n\src\main\resources\admin\node_modules\echarts\lib\coord\polar\PolarModel.js
<s> [webpack.Progress] 67% building 1110/1151 modules 41 active F:\springboot32e20828n\springboot32e20828n\src\main\resources\admin\node_modules\echarts\lib\chart\sunburst\sunburstVisual.js
<s> [webpack.Progress] 67% building 1110/1152 modules 42 active F:\springboot32e20828n\springboot32e20828n\src\main\resources\admin\node_modules\echarts\lib\chart\sunburst\sunburstLayout.js
<s> [webpack.Progress] 67% building 1110/1153 modules 43 active F:\springboot32e20828n\springboot32e20828n\src\main\resources\admin\node_modules\echarts\lib\chart\sunburst\SunburstSeries.js
<s> [webpack.Progress] 67% building 1111/1153 modules 42 active F:\springboot32e20828n\springboot32e20828n\src\main\resources\admin\node_modules\echarts\lib\chart\sunburst\SunburstSeries.js
<s> [webpack.Progress] 67% building 1111/1154 modules 43 active F:\springboot32e20828n\springboot32e20828n\src\main\resources\admin\node_modules\echarts\lib\chart\effectScatter\EffectScatterSeries.js
<s> [webpack.Progress] 67% building 1111/1155 modules 44 active F:\springboot32e20828n\springboot32e20828n\src\main\resources\admin\node_modules\echarts\lib\chart\themeRiver\themeRiverLayout.js
<s> [webpack.Progress] 67% building 1111/1156 modules 45 active F:\springboot32e20828n\springboot32e20828n\src\main\resources\admin\node_modules\echarts\lib\coord\single\SingleAxis.js
<s> [webpack.Progress] 67% building 1111/1157 modules 46 active F:\springboot32e20828n\springboot32e20828n\src\main\resources\admin\node_modules\echarts\lib\chart\themeRiver\ThemeRiverSeries.js
<s> [webpack.Progress] 67% building 1111/1158 modules 47 active F:\springboot32e20828n\springboot32e20828n\src\main\resources\admin\node_modules\echarts\lib\coord\geo\fix\diaoyuIsland.js
<s> [webpack.Progress] 67% building 1111/1159 modules 48 active F:\springboot32e20828n\springboot32e20828n\src\main\resources\admin\node_modules\echarts\lib\coord\geo\fix\nanhai.js
<s> [webpack.Progress] 67% building 1111/1160 modules 49 active F:\springboot32e20828n\springboot32e20828n\src\main\resources\admin\node_modules\echarts\lib\coord\geo\fix\textCoord.js
<s> [webpack.Progress] 67% building 1111/1161 modules 50 active F:\springboot32e20828n\springboot32e20828n\src\main\resources\admin\node_modules\echarts\lib\chart\boxplot\boxplotTransform.js
<s> [webpack.Progress] 67% building 1112/1161 modules 49 active F:\springboot32e20828n\springboot32e20828n\src\main\resources\admin\node_modules\echarts\lib\chart\boxplot\boxplotTransform.js
<s> [webpack.Progress] 67% building 1112/1162 modules 50 active F:\springboot32e20828n\springboot32e20828n\src\main\resources\admin\node_modules\echarts\lib\chart\boxplot\boxplotLayout.js
<s> [webpack.Progress] 67% building 1113/1162 modules 49 active F:\springboot32e20828n\springboot32e20828n\src\main\resources\admin\node_modules\echarts\lib\chart\boxplot\boxplotLayout.js
<s> [webpack.Progress] 67% building 1114/1162 modules 48 active F:\springboot32e20828n\springboot32e20828n\src\main\resources\admin\node_modules\echarts\lib\chart\boxplot\boxplotLayout.js
<s> [webpack.Progress] 67% building 1115/1162 modules 47 active F:\springboot32e20828n\springboot32e20828n\src\main\resources\admin\node_modules\echarts\lib\chart\boxplot\boxplotLayout.js
<s> [webpack.Progress] 67% building 1115/1163 modules 48 active F:\springboot32e20828n\springboot32e20828n\src\main\resources\admin\node_modules\echarts\lib\chart\boxplot\BoxplotView.js
<s> [webpack.Progress] 67% building 1116/1163 modules 47 active F:\springboot32e20828n\springboot32e20828n\src\main\resources\admin\node_modules\echarts\lib\chart\boxplot\BoxplotView.js
<s> [webpack.Progress] 67% building 1116/1164 modules 48 active F:\springboot32e20828n\springboot32e20828n\src\main\resources\admin\node_modules\echarts\lib\coord\cartesian\Grid.js
<s> [webpack.Progress] 67% building 1116/1165 modules 49 active F:\springboot32e20828n\springboot32e20828n\src\main\resources\admin\node_modules\echarts\lib\coord\cartesian\GridModel.js
<s> [webpack.Progress] 67% building 1116/1166 modules 50 active F:\springboot32e20828n\springboot32e20828n\src\main\resources\admin\node_modules\echarts\lib\coord\cartesian\AxisModel.js
<s> [webpack.Progress] 67% building 1117/1166 modules 49 active F:\springboot32e20828n\springboot32e20828n\src\main\resources\admin\node_modules\echarts\lib\coord\cartesian\AxisModel.js
<s> [webpack.Progress] 67% building 1118/1166 modules 48 active F:\springboot32e20828n\springboot32e20828n\src\main\resources\admin\node_modules\echarts\lib\coord\cartesian\AxisModel.js
<s> [webpack.Progress] 67% building 1119/1166 modules 47 active F:\springboot32e20828n\springboot32e20828n\src\main\resources\admin\node_modules\echarts\lib\coord\cartesian\AxisModel.js
<s> [webpack.Progress] 67% building 1120/1166 modules 46 active F:\springboot32e20828n\springboot32e20828n\src\main\resources\admin\node_modules\echarts\lib\coord\cartesian\AxisModel.js
<s> [webpack.Progress] 67% building 1121/1166 modules 45 active F:\springboot32e20828n\springboot32e20828n\src\main\resources\admin\node_modules\echarts\lib\coord\cartesian\AxisModel.js
<s> [webpack.Progress] 67% building 1122/1166 modules 44 active F:\springboot32e20828n\springboot32e20828n\src\main\resources\admin\node_modules\echarts\lib\coord\cartesian\AxisModel.js
<s> [webpack.Progress] 67% building 1123/1166 modules 43 active F:\springboot32e20828n\springboot32e20828n\src\main\resources\admin\node_modules\echarts\lib\coord\cartesian\AxisModel.js
<s> [webpack.Progress] 67% building 1124/1166 modules 42 active F:\springboot32e20828n\springboot32e20828n\src\main\resources\admin\node_modules\echarts\lib\coord\cartesian\AxisModel.js
<s> [webpack.Progress] 67% building 1125/1166 modules 41 active F:\springboot32e20828n\springboot32e20828n\src\main\resources\admin\node_modules\echarts\lib\coord\cartesian\AxisModel.js
<s> [webpack.Progress] 67% building 1126/1166 modules 40 active F:\springboot32e20828n\springboot32e20828n\src\main\resources\admin\node_modules\echarts\lib\coord\cartesian\AxisModel.js
<s> [webpack.Progress] 67% building 1127/1166 modules 39 active F:\springboot32e20828n\springboot32e20828n\src\main\resources\admin\node_modules\echarts\lib\coord\cartesian\AxisModel.js
<s> [webpack.Progress] 68% building 1128/1166 modules 38 active F:\springboot32e20828n\springboot32e20828n\src\main\resources\admin\node_modules\echarts\lib\coord\cartesian\AxisModel.js
<s> [webpack.Progress] 68% building 1129/1166 modules 37 active F:\springboot32e20828n\springboot32e20828n\src\main\resources\admin\node_modules\echarts\lib\coord\cartesian\AxisModel.js
<s> [webpack.Progress] 68% building 1130/1166 modules 36 active F:\springboot32e20828n\springboot32e20828n\src\main\resources\admin\node_modules\echarts\lib\coord\cartesian\AxisModel.js
<s> [webpack.Progress] 68% building 1131/1166 modules 35 active F:\springboot32e20828n\springboot32e20828n\src\main\resources\admin\node_modules\echarts\lib\coord\cartesian\AxisModel.js
<s> [webpack.Progress] 68% building 1132/1166 modules 34 active F:\springboot32e20828n\springboot32e20828n\src\main\resources\admin\node_modules\echarts\lib\coord\cartesian\AxisModel.js
<s> [webpack.Progress] 68% building 1133/1166 modules 33 active F:\springboot32e20828n\springboot32e20828n\src\main\resources\admin\node_modules\echarts\lib\coord\cartesian\AxisModel.js
<s> [webpack.Progress] 68% building 1133/1167 modules 34 active F:\springboot32e20828n\springboot32e20828n\src\main\resources\admin\node_modules\echarts\lib\chart\lines\linesVisual.js
<s> [webpack.Progress] 68% building 1134/1167 modules 33 active F:\springboot32e20828n\springboot32e20828n\src\main\resources\admin\node_modules\echarts\lib\chart\lines\linesVisual.js
<s> [webpack.Progress] 68% building 1135/1167 modules 32 active F:\springboot32e20828n\springboot32e20828n\src\main\resources\admin\node_modules\echarts\lib\chart\lines\linesVisual.js
<s> [webpack.Progress] 68% building 1136/1167 modules 31 active F:\springboot32e20828n\springboot32e20828n\src\main\resources\admin\node_modules\echarts\lib\chart\lines\linesVisual.js
<s> [webpack.Progress] 68% building 1137/1167 modules 30 active F:\springboot32e20828n\springboot32e20828n\src\main\resources\admin\node_modules\echarts\lib\chart\lines\linesVisual.js
<s> [webpack.Progress] 68% building 1138/1167 modules 29 active F:\springboot32e20828n\springboot32e20828n\src\main\resources\admin\node_modules\echarts\lib\chart\lines\linesVisual.js
<s> [webpack.Progress] 68% building 1139/1167 modules 28 active F:\springboot32e20828n\springboot32e20828n\src\main\resources\admin\node_modules\echarts\lib\chart\lines\linesVisual.js
<s> [webpack.Progress] 68% building 1139/1168 modules 29 active F:\springboot32e20828n\springboot32e20828n\src\main\resources\admin\node_modules\echarts\lib\chart\lines\LinesSeries.js
<s> [webpack.Progress] 68% building 1139/1169 modules 30 active F:\springboot32e20828n\springboot32e20828n\src\main\resources\admin\node_modules\echarts\lib\chart\candlestick\candlestickLayout.js
<s> [webpack.Progress] 68% building 1140/1169 modules 29 active F:\springboot32e20828n\springboot32e20828n\src\main\resources\admin\node_modules\echarts\lib\chart\candlestick\candlestickLayout.js
<s> [webpack.Progress] 68% building 1140/1170 modules 30 active F:\springboot32e20828n\springboot32e20828n\src\main\resources\admin\node_modules\echarts\lib\chart\candlestick\preprocessor.js
<s> [webpack.Progress] 68% building 1140/1171 modules 31 active F:\springboot32e20828n\springboot32e20828n\src\main\resources\admin\node_modules\echarts\lib\chart\candlestick\CandlestickSeries.js
<s> [webpack.Progress] 68% building 1140/1172 modules 32 active F:\springboot32e20828n\springboot32e20828n\src\main\resources\admin\node_modules\echarts\lib\chart\sankey\sankeyVisual.js
<s> [webpack.Progress] 68% building 1140/1173 modules 33 active F:\springboot32e20828n\springboot32e20828n\src\main\resources\admin\node_modules\echarts\lib\coord\parallel\Parallel.js
<s> [webpack.Progress] 68% building 1141/1173 modules 32 active F:\springboot32e20828n\springboot32e20828n\src\main\resources\admin\node_modules\echarts\lib\coord\parallel\Parallel.js
<s> [webpack.Progress] 68% building 1142/1173 modules 31 active F:\springboot32e20828n\springboot32e20828n\src\main\resources\admin\node_modules\echarts\lib\coord\parallel\Parallel.js
<s> [webpack.Progress] 68% building 1142/1174 modules 32 active F:\springboot32e20828n\springboot32e20828n\src\main\resources\admin\node_modules\echarts\lib\animation\customGraphicKeyframeAnimation.js
<s> [webpack.Progress] 68% building 1142/1175 modules 33 active F:\springboot32e20828n\springboot32e20828n\src\main\resources\admin\node_modules\echarts\lib\animation\customGraphicTransition.js
<s> [webpack.Progress] 68% building 1142/1176 modules 34 active F:\springboot32e20828n\springboot32e20828n\src\main\resources\admin\node_modules\echarts\lib\util\styleCompat.js
<s> [webpack.Progress] 68% building 1142/1177 modules 35 active F:\springboot32e20828n\springboot32e20828n\src\main\resources\admin\node_modules\echarts\lib\component\brush\selector.js
<s> [webpack.Progress] 68% building 1142/1178 modules 36 active F:\springboot32e20828n\springboot32e20828n\src\main\resources\admin\node_modules\echarts\lib\chart\sankey\sankeyLayout.js
<s> [webpack.Progress] 68% building 1142/1179 modules 37 active F:\springboot32e20828n\springboot32e20828n\src\main\resources\admin\node_modules\echarts\lib\chart\sankey\SankeySeries.js
<s> [webpack.Progress] 68% building 1142/1180 modules 38 active F:\springboot32e20828n\springboot32e20828n\src\main\resources\admin\node_modules\echarts\lib\chart\gauge\GaugeSeries.js
<s> [webpack.Progress] 68% building 1143/1180 modules 37 active F:\springboot32e20828n\springboot32e20828n\src\main\resources\admin\node_modules\echarts\lib\chart\gauge\GaugeSeries.js
<s> [webpack.Progress] 68% building 1144/1180 modules 36 active F:\springboot32e20828n\springboot32e20828n\src\main\resources\admin\node_modules\echarts\lib\chart\gauge\GaugeSeries.js
<s> [webpack.Progress] 68% building 1144/1181 modules 37 active F:\springboot32e20828n\springboot32e20828n\src\main\resources\admin\node_modules\echarts\lib\chart\parallel\ParallelSeries.js
<s> [webpack.Progress] 68% building 1144/1182 modules 38 active F:\springboot32e20828n\springboot32e20828n\src\main\resources\admin\node_modules\echarts\lib\chart\parallel\ParallelView.js
<s> [webpack.Progress] 68% building 1145/1182 modules 37 active F:\springboot32e20828n\springboot32e20828n\src\main\resources\admin\node_modules\echarts\lib\chart\parallel\ParallelView.js
<s> [webpack.Progress] 68% building 1145/1183 modules 38 active F:\springboot32e20828n\springboot32e20828n\src\main\resources\admin\node_modules\echarts\lib\chart\funnel\funnelLayout.js
<s> [webpack.Progress] 68% building 1145/1184 modules 39 active F:\springboot32e20828n\springboot32e20828n\src\main\resources\admin\node_modules\echarts\lib\component\helper\listComponent.js
<s> [webpack.Progress] 67% building 1145/1185 modules 40 active F:\springboot32e20828n\springboot32e20828n\src\main\resources\admin\node_modules\echarts\lib\chart\funnel\FunnelSeries.js
<s> [webpack.Progress] 67% building 1145/1186 modules 41 active F:\springboot32e20828n\springboot32e20828n\src\main\resources\admin\node_modules\echarts\lib\component\dataZoom\SelectZoomModel.js
<s> [webpack.Progress] 67% building 1145/1187 modules 42 active F:\springboot32e20828n\springboot32e20828n\src\main\resources\admin\node_modules\echarts\lib\component\dataZoom\SelectZoomView.js
<s> [webpack.Progress] 67% building 1145/1188 modules 43 active F:\springboot32e20828n\springboot32e20828n\src\main\resources\admin\node_modules\quill\dist\quill.js
<s> [webpack.Progress] 67% building 1145/1189 modules 44 active F:\springboot32e20828n\springboot32e20828n\src\main\resources\admin\node_modules\echarts\lib\chart\graph\GraphSeries.js
<s> [webpack.Progress] 67% building 1145/1190 modules 45 active F:\springboot32e20828n\springboot32e20828n\src\main\resources\admin\node_modules\echarts\lib\chart\graph\GraphView.js
<s> [webpack.Progress] 67% building 1146/1190 modules 44 active F:\springboot32e20828n\springboot32e20828n\src\main\resources\admin\node_modules\echarts\lib\chart\graph\GraphView.js
<s> [webpack.Progress] 67% building 1146/1191 modules 45 active F:\springboot32e20828n\springboot32e20828n\src\main\resources\admin\node_modules\echarts\lib\chart\graph\createView.js
<s> [webpack.Progress] 67% building 1146/1192 modules 46 active F:\springboot32e20828n\springboot32e20828n\src\main\resources\admin\node_modules\echarts\lib\chart\graph\forceLayout.js
<s> [webpack.Progress] 67% building 1146/1193 modules 47 active F:\springboot32e20828n\springboot32e20828n\src\main\resources\admin\node_modules\echarts\lib\chart\graph\simpleLayout.js
<s> [webpack.Progress] 67% building 1146/1194 modules 48 active F:\springboot32e20828n\springboot32e20828n\src\main\resources\admin\node_modules\echarts\lib\chart\graph\circularLayout.js
<s> [webpack.Progress] 67% building 1146/1195 modules 49 active F:\springboot32e20828n\springboot32e20828n\src\main\resources\admin\node_modules\echarts\lib\chart\graph\edgeVisual.js
<s> [webpack.Progress] 67% building 1146/1196 modules 50 active F:\springboot32e20828n\springboot32e20828n\src\main\resources\admin\node_modules\echarts\lib\chart\graph\categoryVisual.js
<s> [webpack.Progress] 67% building 1146/1197 modules 51 active F:\springboot32e20828n\springboot32e20828n\src\main\resources\admin\node_modules\echarts\lib\chart\map\mapDataStatistic.js
<s> [webpack.Progress] 67% building 1146/1198 modules 52 active F:\springboot32e20828n\springboot32e20828n\src\main\resources\admin\node_modules\echarts\lib\chart\map\MapSeries.js
<s> [webpack.Progress] 67% building 1146/1199 modules 53 active F:\springboot32e20828n\springboot32e20828n\src\main\resources\admin\node_modules\echarts\lib\chart\radar\RadarView.js
<s> [webpack.Progress] 67% building 1146/1200 modules 54 active F:\springboot32e20828n\springboot32e20828n\src\main\resources\admin\node_modules\echarts\lib\chart\map\MapView.js
<s> [webpack.Progress] 67% building 1147/1200 modules 53 active F:\springboot32e20828n\springboot32e20828n\src\main\resources\admin\node_modules\echarts\lib\chart\map\MapView.js
<s> [webpack.Progress] 67% building 1148/1200 modules 52 active F:\springboot32e20828n\springboot32e20828n\src\main\resources\admin\node_modules\echarts\lib\chart\map\MapView.js
<s> [webpack.Progress] 67% building 1149/1200 modules 51 active F:\springboot32e20828n\springboot32e20828n\src\main\resources\admin\node_modules\echarts\lib\chart\map\MapView.js
<s> [webpack.Progress] 67% building 1149/1201 modules 52 active F:\springboot32e20828n\springboot32e20828n\src\main\resources\admin\node_modules\echarts\lib\chart\radar\backwardCompat.js
<s> [webpack.Progress] 67% building 1149/1202 modules 53 active F:\springboot32e20828n\springboot32e20828n\src\main\resources\admin\node_modules\echarts\lib\coord\cartesian\cartesianAxisHelper.js
<s> [webpack.Progress] 67% building 1149/1203 modules 54 active F:\springboot32e20828n\springboot32e20828n\src\main\resources\admin\node_modules\echarts\lib\chart\radar\radarLayout.js
<s> [webpack.Progress] 67% building 1149/1204 modules 55 active F:\springboot32e20828n\springboot32e20828n\src\main\resources\admin\node_modules\echarts\lib\chart\scatter\ScatterView.js
<s> [webpack.Progress] 67% building 1150/1204 modules 54 active F:\springboot32e20828n\springboot32e20828n\src\main\resources\admin\node_modules\echarts\lib\chart\scatter\ScatterView.js
<s> [webpack.Progress] 67% building 1151/1204 modules 53 active F:\springboot32e20828n\springboot32e20828n\src\main\resources\admin\node_modules\echarts\lib\chart\scatter\ScatterView.js
<s> [webpack.Progress] 67% building 1152/1204 modules 52 active F:\springboot32e20828n\springboot32e20828n\src\main\resources\admin\node_modules\echarts\lib\chart\scatter\ScatterView.js
<s> [webpack.Progress] 67% building 1152/1205 modules 53 active F:\springboot32e20828n\springboot32e20828n\src\main\resources\admin\node_modules\echarts\lib\component\timeline\TimelineAxis.js
<s> [webpack.Progress] 67% building 1152/1206 modules 54 active F:\springboot32e20828n\springboot32e20828n\src\main\resources\admin\node_modules\echarts\lib\component\marker\MarkerModel.js
<s> [webpack.Progress] 67% building 1152/1207 modules 55 active F:\springboot32e20828n\springboot32e20828n\src\main\resources\admin\node_modules\echarts\lib\component\marker\MarkerView.js
<s> [webpack.Progress] 67% building 1153/1207 modules 54 active F:\springboot32e20828n\springboot32e20828n\src\main\resources\admin\node_modules\echarts\lib\component\marker\MarkerView.js
<s> [webpack.Progress] 67% building 1154/1207 modules 53 active F:\springboot32e20828n\springboot32e20828n\src\main\resources\admin\node_modules\echarts\lib\component\marker\MarkerView.js
<s> [webpack.Progress] 67% building 1155/1207 modules 52 active F:\springboot32e20828n\springboot32e20828n\src\main\resources\admin\node_modules\echarts\lib\component\marker\MarkerView.js
<s> [webpack.Progress] 67% building 1156/1207 modules 51 active F:\springboot32e20828n\springboot32e20828n\src\main\resources\admin\node_modules\echarts\lib\component\marker\MarkerView.js
<s> [webpack.Progress] 67% building 1157/1207 modules 50 active F:\springboot32e20828n\springboot32e20828n\src\main\resources\admin\node_modules\echarts\lib\component\marker\MarkerView.js
<s> [webpack.Progress] 67% building 1158/1207 modules 49 active F:\springboot32e20828n\springboot32e20828n\src\main\resources\admin\node_modules\echarts\lib\component\marker\MarkerView.js
<s> [webpack.Progress] 67% building 1159/1207 modules 48 active F:\springboot32e20828n\springboot32e20828n\src\main\resources\admin\node_modules\echarts\lib\component\marker\MarkerView.js
<s> [webpack.Progress] 67% building 1159/1208 modules 49 active F:\springboot32e20828n\springboot32e20828n\src\main\resources\admin\node_modules\echarts\lib\component\marker\markerHelper.js
<s> [webpack.Progress] 67% building 1159/1209 modules 50 active F:\springboot32e20828n\springboot32e20828n\src\main\resources\admin\node_modules\echarts\lib\component\dataZoom\DataZoomView.js
<s> [webpack.Progress] 67% building 1160/1209 modules 49 active F:\springboot32e20828n\springboot32e20828n\src\main\resources\admin\node_modules\echarts\lib\component\dataZoom\DataZoomView.js
<s> [webpack.Progress] 67% building 1161/1209 modules 48 active F:\springboot32e20828n\springboot32e20828n\src\main\resources\admin\node_modules\echarts\lib\component\dataZoom\DataZoomView.js
<s> [webpack.Progress] 67% building 1162/1209 modules 47 active F:\springboot32e20828n\springboot32e20828n\src\main\resources\admin\node_modules\echarts\lib\component\dataZoom\DataZoomView.js
<s> [webpack.Progress] 67% building 1163/1209 modules 46 active F:\springboot32e20828n\springboot32e20828n\src\main\resources\admin\node_modules\echarts\lib\component\dataZoom\DataZoomView.js
<s> [webpack.Progress] 67% building 1164/1209 modules 45 active F:\springboot32e20828n\springboot32e20828n\src\main\resources\admin\node_modules\echarts\lib\component\dataZoom\DataZoomView.js
<s> [webpack.Progress] 67% building 1165/1209 modules 44 active F:\springboot32e20828n\springboot32e20828n\src\main\resources\admin\node_modules\echarts\lib\component\dataZoom\DataZoomView.js
<s> [webpack.Progress] 67% building 1165/1210 modules 45 active F:\springboot32e20828n\springboot32e20828n\src\main\resources\admin\node_modules\babel-runtime\node_modules\core-js\library\modules\es6.symbol.js
<s> [webpack.Progress] 67% building 1165/1211 modules 46 active F:\springboot32e20828n\springboot32e20828n\src\main\resources\admin\node_modules\babel-runtime\node_modules\core-js\library\modules\es7.symbol.observable.js
<s> [webpack.Progress] 67% building 1165/1212 modules 47 active F:\springboot32e20828n\springboot32e20828n\src\main\resources\admin\node_modules\babel-runtime\node_modules\core-js\library\modules\es7.symbol.async-iterator.js
<s> [webpack.Progress] 67% building 1165/1213 modules 48 active F:\springboot32e20828n\springboot32e20828n\src\main\resources\admin\node_modules\babel-runtime\node_modules\core-js\library\modules\es6.object.to-string.js
<s> [webpack.Progress] 67% building 1166/1213 modules 47 active F:\springboot32e20828n\springboot32e20828n\src\main\resources\admin\node_modules\babel-runtime\node_modules\core-js\library\modules\es6.object.to-string.js
<s> [webpack.Progress] 67% building 1166/1214 modules 48 active F:\springboot32e20828n\springboot32e20828n\src\main\resources\admin\node_modules\echarts\lib\coord\calendar\prepareCustom.js
<s> [webpack.Progress] 67% building 1166/1215 modules 49 active F:\springboot32e20828n\springboot32e20828n\src\main\resources\admin\node_modules\echarts\lib\coord\polar\prepareCustom.js
<s> [webpack.Progress] 67% building 1166/1216 modules 50 active F:\springboot32e20828n\springboot32e20828n\src\main\resources\admin\node_modules\echarts\lib\coord\single\prepareCustom.js
<s> [webpack.Progress] 67% building 1167/1216 modules 49 active F:\springboot32e20828n\springboot32e20828n\src\main\resources\admin\node_modules\echarts\lib\coord\single\prepareCustom.js
<s> [webpack.Progress] 67% building 1168/1216 modules 48 active F:\springboot32e20828n\springboot32e20828n\src\main\resources\admin\node_modules\echarts\lib\coord\single\prepareCustom.js
<s> [webpack.Progress] 67% building 1168/1217 modules 49 active F:\springboot32e20828n\springboot32e20828n\src\main\resources\admin\node_modules\zrender\lib\svg\cssEmphasis.js
<s> [webpack.Progress] 67% building 1168/1218 modules 50 active F:\springboot32e20828n\springboot32e20828n\src\main\resources\admin\node_modules\zrender\lib\svg\cssAnimation.js
<s> [webpack.Progress] 67% building 1168/1219 modules 51 active F:\springboot32e20828n\springboot32e20828n\src\main\resources\admin\node_modules\zrender\lib\svg\domapi.js
<s> [webpack.Progress] 67% building 1168/1220 modules 52 active F:\springboot32e20828n\springboot32e20828n\src\main\resources\admin\node_modules\zrender\lib\svg\mapStyleToAttrs.js
<s> [webpack.Progress] 67% building 1168/1221 modules 53 active F:\springboot32e20828n\springboot32e20828n\src\main\resources\admin\node_modules\zrender\lib\svg\SVGPathRebuilder.js
<s> [webpack.Progress] 67% building 1169/1221 modules 52 active F:\springboot32e20828n\springboot32e20828n\src\main\resources\admin\node_modules\zrender\lib\svg\SVGPathRebuilder.js
<s> [webpack.Progress] 67% building 1170/1221 modules 51 active F:\springboot32e20828n\springboot32e20828n\src\main\resources\admin\node_modules\zrender\lib\svg\SVGPathRebuilder.js
<s> [webpack.Progress] 67% building 1171/1221 modules 50 active F:\springboot32e20828n\springboot32e20828n\src\main\resources\admin\node_modules\zrender\lib\svg\SVGPathRebuilder.js
<s> [webpack.Progress] 67% building 1172/1221 modules 49 active F:\springboot32e20828n\springboot32e20828n\src\main\resources\admin\node_modules\zrender\lib\svg\SVGPathRebuilder.js
<s> [webpack.Progress] 67% building 1173/1221 modules 48 active F:\springboot32e20828n\springboot32e20828n\src\main\resources\admin\node_modules\zrender\lib\svg\SVGPathRebuilder.js
<s> [webpack.Progress] 67% building 1174/1221 modules 47 active F:\springboot32e20828n\springboot32e20828n\src\main\resources\admin\node_modules\zrender\lib\svg\SVGPathRebuilder.js
<s> [webpack.Progress] 67% building 1175/1221 modules 46 active F:\springboot32e20828n\springboot32e20828n\src\main\resources\admin\node_modules\zrender\lib\svg\SVGPathRebuilder.js
<s> [webpack.Progress] 67% building 1176/1221 modules 45 active F:\springboot32e20828n\springboot32e20828n\src\main\resources\admin\node_modules\zrender\lib\svg\SVGPathRebuilder.js
<s> [webpack.Progress] 67% building 1177/1221 modules 44 active F:\springboot32e20828n\springboot32e20828n\src\main\resources\admin\node_modules\zrender\lib\svg\SVGPathRebuilder.js
<s> [webpack.Progress] 67% building 1178/1221 modules 43 active F:\springboot32e20828n\springboot32e20828n\src\main\resources\admin\node_modules\zrender\lib\svg\SVGPathRebuilder.js
<s> [webpack.Progress] 67% building 1179/1221 modules 42 active F:\springboot32e20828n\springboot32e20828n\src\main\resources\admin\node_modules\zrender\lib\svg\SVGPathRebuilder.js
<s> [webpack.Progress] 67% building 1180/1221 modules 41 active F:\springboot32e20828n\springboot32e20828n\src\main\resources\admin\node_modules\zrender\lib\svg\SVGPathRebuilder.js
<s> [webpack.Progress] 68% building 1181/1221 modules 40 active F:\springboot32e20828n\springboot32e20828n\src\main\resources\admin\node_modules\zrender\lib\svg\SVGPathRebuilder.js
<s> [webpack.Progress] 68% building 1182/1221 modules 39 active F:\springboot32e20828n\springboot32e20828n\src\main\resources\admin\node_modules\zrender\lib\svg\SVGPathRebuilder.js
<s> [webpack.Progress] 68% building 1183/1221 modules 38 active F:\springboot32e20828n\springboot32e20828n\src\main\resources\admin\node_modules\zrender\lib\svg\SVGPathRebuilder.js
<s> [webpack.Progress] 68% building 1183/1222 modules 39 active F:\springboot32e20828n\springboot32e20828n\src\main\resources\admin\node_modules\echarts\lib\coord\polar\Polar.js
<s> [webpack.Progress] 68% building 1184/1222 modules 38 active F:\springboot32e20828n\springboot32e20828n\src\main\resources\admin\node_modules\echarts\lib\coord\polar\Polar.js
<s> [webpack.Progress] 68% building 1185/1222 modules 37 active F:\springboot32e20828n\springboot32e20828n\src\main\resources\admin\node_modules\echarts\lib\coord\polar\Polar.js
<s> [webpack.Progress] 68% building 1186/1222 modules 36 active F:\springboot32e20828n\springboot32e20828n\src\main\resources\admin\node_modules\echarts\lib\coord\polar\Polar.js
<s> [webpack.Progress] 68% building 1187/1222 modules 35 active F:\springboot32e20828n\springboot32e20828n\src\main\resources\admin\node_modules\echarts\lib\coord\polar\Polar.js
<s> [webpack.Progress] 68% building 1188/1222 modules 34 active F:\springboot32e20828n\springboot32e20828n\src\main\resources\admin\node_modules\echarts\lib\coord\polar\Polar.js
<s> [webpack.Progress] 68% building 1189/1222 modules 33 active F:\springboot32e20828n\springboot32e20828n\src\main\resources\admin\node_modules\echarts\lib\coord\polar\Polar.js
<s> [webpack.Progress] 68% building 1189/1223 modules 34 active F:\springboot32e20828n\springboot32e20828n\src\main\resources\admin\node_modules\echarts\lib\coord\geo\prepareCustom.js
<s> [webpack.Progress] 68% building 1189/1224 modules 35 active F:\springboot32e20828n\springboot32e20828n\src\main\resources\admin\node_modules\echarts\lib\chart\helper\enableAriaDecalForTree.js
<s> [webpack.Progress] 68% building 1189/1225 modules 36 active F:\springboot32e20828n\springboot32e20828n\src\main\resources\admin\node_modules\echarts\lib\data\Tree.js
<s> [webpack.Progress] 68% building 1189/1226 modules 37 active F:\springboot32e20828n\springboot32e20828n\src\main\resources\admin\node_modules\echarts\lib\coord\cartesian\prepareCustom.js
<s> [webpack.Progress] 68% building 1189/1227 modules 38 active F:\springboot32e20828n\springboot32e20828n\src\main\resources\admin\node_modules\echarts\lib\component\timeline\TimelineView.js
<s> [webpack.Progress] 68% building 1189/1228 modules 39 active F:\springboot32e20828n\springboot32e20828n\src\main\resources\admin\node_modules\echarts\lib\chart\scatter\ScatterSeries.js
<s> [webpack.Progress] 68% building 1189/1229 modules 40 active F:\springboot32e20828n\springboot32e20828n\src\main\resources\admin\node_modules\echarts\lib\chart\treemap\treemapLayout.js
<s> [webpack.Progress] 68% building 1189/1230 modules 41 active F:\springboot32e20828n\springboot32e20828n\src\main\resources\admin\node_modules\echarts\lib\chart\treemap\treemapVisual.js
<s> [webpack.Progress] 67% building 1189/1231 modules 42 active F:\springboot32e20828n\springboot32e20828n\src\main\resources\admin\node_modules\echarts\lib\chart\tree\treeAction.js
<s> [webpack.Progress] 67% building 1189/1232 modules 43 active F:\springboot32e20828n\springboot32e20828n\src\main\resources\admin\node_modules\echarts\lib\chart\tree\treeVisual.js
<s> [webpack.Progress] 67% building 1189/1233 modules 44 active F:\springboot32e20828n\springboot32e20828n\src\main\resources\admin\node_modules\echarts\lib\chart\treemap\TreemapSeries.js
<s> [webpack.Progress] 67% building 1189/1234 modules 45 active F:\springboot32e20828n\springboot32e20828n\src\main\resources\admin\node_modules\echarts\lib\chart\treemap\TreemapView.js
<s> [webpack.Progress] 67% building 1189/1235 modules 46 active F:\springboot32e20828n\springboot32e20828n\src\main\resources\admin\node_modules\echarts\lib\chart\tree\treeLayout.js
<s> [webpack.Progress] 67% building 1190/1235 modules 45 active F:\springboot32e20828n\springboot32e20828n\src\main\resources\admin\node_modules\echarts\lib\chart\tree\treeLayout.js
<s> [webpack.Progress] 67% building 1191/1235 modules 44 active F:\springboot32e20828n\springboot32e20828n\src\main\resources\admin\node_modules\echarts\lib\chart\tree\treeLayout.js
<s> [webpack.Progress] 67% building 1192/1235 modules 43 active F:\springboot32e20828n\springboot32e20828n\src\main\resources\admin\node_modules\echarts\lib\chart\tree\treeLayout.js
<s> [webpack.Progress] 67% building 1193/1235 modules 42 active F:\springboot32e20828n\springboot32e20828n\src\main\resources\admin\node_modules\echarts\lib\chart\tree\treeLayout.js
<s> [webpack.Progress] 67% building 1193/1236 modules 43 active F:\springboot32e20828n\springboot32e20828n\src\main\resources\admin\node_modules\echarts\lib\chart\tree\TreeSeries.js
<s> [webpack.Progress] 67% building 1193/1237 modules 44 active F:\springboot32e20828n\springboot32e20828n\src\main\resources\admin\node_modules\echarts\lib\chart\boxplot\prepareBoxplotData.js
<s> [webpack.Progress] 67% building 1194/1237 modules 43 active F:\springboot32e20828n\springboot32e20828n\src\main\resources\admin\node_modules\echarts\lib\chart\boxplot\prepareBoxplotData.js
<s> [webpack.Progress] 67% building 1195/1237 modules 42 active F:\springboot32e20828n\springboot32e20828n\src\main\resources\admin\node_modules\echarts\lib\chart\boxplot\prepareBoxplotData.js
<s> [webpack.Progress] 68% building 1196/1237 modules 41 active F:\springboot32e20828n\springboot32e20828n\src\main\resources\admin\node_modules\echarts\lib\chart\boxplot\prepareBoxplotData.js
<s> [webpack.Progress] 68% building 1197/1237 modules 40 active F:\springboot32e20828n\springboot32e20828n\src\main\resources\admin\node_modules\echarts\lib\chart\boxplot\prepareBoxplotData.js
<s> [webpack.Progress] 68% building 1198/1237 modules 39 active F:\springboot32e20828n\springboot32e20828n\src\main\resources\admin\node_modules\echarts\lib\chart\boxplot\prepareBoxplotData.js
<s> [webpack.Progress] 68% building 1199/1237 modules 38 active F:\springboot32e20828n\springboot32e20828n\src\main\resources\admin\node_modules\echarts\lib\chart\boxplot\prepareBoxplotData.js
<s> [webpack.Progress] 68% building 1199/1238 modules 39 active F:\springboot32e20828n\springboot32e20828n\src\main\resources\admin\node_modules\echarts\lib\chart\bar\PictorialBarSeries.js
<s> [webpack.Progress] 68% building 1200/1238 modules 38 active F:\springboot32e20828n\springboot32e20828n\src\main\resources\admin\node_modules\echarts\lib\chart\bar\PictorialBarSeries.js
<s> [webpack.Progress] 68% building 1201/1238 modules 37 active F:\springboot32e20828n\springboot32e20828n\src\main\resources\admin\node_modules\echarts\lib\chart\bar\PictorialBarSeries.js
<s> [webpack.Progress] 68% building 1202/1238 modules 36 active F:\springboot32e20828n\springboot32e20828n\src\main\resources\admin\node_modules\echarts\lib\chart\bar\PictorialBarSeries.js
<s> [webpack.Progress] 68% building 1202/1239 modules 37 active F:\springboot32e20828n\springboot32e20828n\src\main\resources\admin\node_modules\echarts\lib\chart\pie\PieSeries.js
<s> [webpack.Progress] 68% building 1202/1240 modules 38 active F:\springboot32e20828n\springboot32e20828n\src\main\resources\admin\node_modules\echarts\lib\chart\pie\PieView.js
<s> [webpack.Progress] 68% building 1202/1241 modules 39 active F:\springboot32e20828n\springboot32e20828n\src\main\resources\admin\node_modules\echarts\lib\coord\cartesian\Axis2D.js
<s> [webpack.Progress] 68% building 1203/1241 modules 38 active F:\springboot32e20828n\springboot32e20828n\src\main\resources\admin\node_modules\echarts\lib\coord\cartesian\Axis2D.js
<s> [webpack.Progress] 68% building 1203/1242 modules 39 active F:\springboot32e20828n\springboot32e20828n\src\main\resources\admin\node_modules\echarts\lib\coord\cartesian\Cartesian2D.js
<s> [webpack.Progress] 68% building 1204/1242 modules 38 active F:\springboot32e20828n\springboot32e20828n\src\main\resources\admin\node_modules\echarts\lib\coord\cartesian\Cartesian2D.js
<s> [webpack.Progress] 68% building 1205/1242 modules 37 active F:\springboot32e20828n\springboot32e20828n\src\main\resources\admin\node_modules\echarts\lib\coord\cartesian\Cartesian2D.js
<s> [webpack.Progress] 68% building 1206/1242 modules 36 active F:\springboot32e20828n\springboot32e20828n\src\main\resources\admin\node_modules\echarts\lib\coord\cartesian\Cartesian2D.js
<s> [webpack.Progress] 68% building 1206/1243 modules 37 active F:\springboot32e20828n\springboot32e20828n\src\main\resources\admin\node_modules\babel-runtime\node_modules\core-js\library\modules\_export.js
<s> [webpack.Progress] 68% building 1206/1244 modules 38 active F:\springboot32e20828n\springboot32e20828n\src\main\resources\admin\node_modules\babel-runtime\node_modules\core-js\library\modules\es6.array.iterator.js
<s> [webpack.Progress] 68% building 1206/1245 modules 39 active F:\springboot32e20828n\springboot32e20828n\src\main\resources\admin\node_modules\babel-runtime\node_modules\core-js\library\modules\_wks.js
<s> [webpack.Progress] 68% building 1206/1246 modules 40 active F:\springboot32e20828n\springboot32e20828n\src\main\resources\admin\node_modules\babel-runtime\node_modules\core-js\library\modules\_string-at.js
<s> [webpack.Progress] 68% building 1207/1246 modules 39 active F:\springboot32e20828n\springboot32e20828n\src\main\resources\admin\node_modules\babel-runtime\node_modules\core-js\library\modules\_string-at.js
<s> [webpack.Progress] 68% building 1208/1246 modules 38 active F:\springboot32e20828n\springboot32e20828n\src\main\resources\admin\node_modules\babel-runtime\node_modules\core-js\library\modules\_string-at.js
<s> [webpack.Progress] 68% building 1208/1247 modules 39 active F:\springboot32e20828n\springboot32e20828n\src\main\resources\admin\node_modules\babel-runtime\node_modules\core-js\library\modules\_iter-define.js
<s> [webpack.Progress] 68% building 1208/1248 modules 40 active F:\springboot32e20828n\springboot32e20828n\src\main\resources\admin\node_modules\babel-runtime\node_modules\core-js\library\modules\_iterators.js
<s> [webpack.Progress] 68% building 1208/1249 modules 41 active F:\springboot32e20828n\springboot32e20828n\src\main\resources\admin\node_modules\babel-runtime\node_modules\core-js\library\modules\_hide.js
<s> [webpack.Progress] 67% building 1208/1250 modules 42 active F:\springboot32e20828n\springboot32e20828n\src\main\resources\admin\node_modules\cache-loader\dist\cjs.js??ref--0-0!F:\springboot32e20828n\springboot32e20828n\src\main\resources\admin\node_modules\vue-loader\lib\index.js??vue-loader-options!F:\springboot32e20828n\springboot32e20828n\src\main\resources\admin\src\components\index\IndexAsideStatic.vue
<s> [webpack.Progress] 68% building 1209/1250 modules 41 active F:\springboot32e20828n\springboot32e20828n\src\main\resources\admin\node_modules\cache-loader\dist\cjs.js??ref--0-0!F:\springboot32e20828n\springboot32e20828n\src\main\resources\admin\node_modules\vue-loader\lib\index.js??vue-loader-options!F:\springboot32e20828n\springboot32e20828n\src\main\resources\admin\src\components\index\IndexAsideStatic.vue
<s> [webpack.Progress] 67% building 1209/1251 modules 42 active F:\springboot32e20828n\springboot32e20828n\src\main\resources\admin\node_modules\babel-runtime\node_modules\core-js\library\modules\_global.js
<s> [webpack.Progress] 67% building 1209/1252 modules 43 active F:\springboot32e20828n\springboot32e20828n\src\main\resources\admin\node_modules\echarts\lib\coord\parallel\ParallelAxis.js
<s> [webpack.Progress] 67% building 1210/1252 modules 42 active F:\springboot32e20828n\springboot32e20828n\src\main\resources\admin\node_modules\echarts\lib\coord\parallel\ParallelAxis.js
<s> [webpack.Progress] 68% building 1211/1252 modules 41 active F:\springboot32e20828n\springboot32e20828n\src\main\resources\admin\node_modules\echarts\lib\coord\parallel\ParallelAxis.js
<s> [webpack.Progress] 68% building 1212/1252 modules 40 active F:\springboot32e20828n\springboot32e20828n\src\main\resources\admin\node_modules\echarts\lib\coord\parallel\ParallelAxis.js
<s> [webpack.Progress] 68% building 1212/1253 modules 41 active F:\springboot32e20828n\springboot32e20828n\src\main\resources\admin\node_modules\cache-loader\dist\cjs.js??ref--0-0!F:\springboot32e20828n\springboot32e20828n\src\main\resources\admin\node_modules\vue-loader\lib\index.js??vue-loader-options!F:\springboot32e20828n\springboot32e20828n\src\main\resources\admin\src\components\index\IndexHeader.vue
<s> [webpack.Progress] 68% building 1213/1253 modules 40 active F:\springboot32e20828n\springboot32e20828n\src\main\resources\admin\node_modules\cache-loader\dist\cjs.js??ref--0-0!F:\springboot32e20828n\springboot32e20828n\src\main\resources\admin\node_modules\vue-loader\lib\index.js??vue-loader-options!F:\springboot32e20828n\springboot32e20828n\src\main\resources\admin\src\components\index\IndexHeader.vue
<s> [webpack.Progress] 68% building 1214/1253 modules 39 active F:\springboot32e20828n\springboot32e20828n\src\main\resources\admin\node_modules\cache-loader\dist\cjs.js??ref--0-0!F:\springboot32e20828n\springboot32e20828n\src\main\resources\admin\node_modules\vue-loader\lib\index.js??vue-loader-options!F:\springboot32e20828n\springboot32e20828n\src\main\resources\admin\src\components\index\IndexHeader.vue
<s> [webpack.Progress] 68% building 1215/1253 modules 38 active F:\springboot32e20828n\springboot32e20828n\src\main\resources\admin\node_modules\cache-loader\dist\cjs.js??ref--0-0!F:\springboot32e20828n\springboot32e20828n\src\main\resources\admin\node_modules\vue-loader\lib\index.js??vue-loader-options!F:\springboot32e20828n\springboot32e20828n\src\main\resources\admin\src\components\index\IndexHeader.vue
<s> [webpack.Progress] 68% building 1216/1253 modules 37 active F:\springboot32e20828n\springboot32e20828n\src\main\resources\admin\node_modules\cache-loader\dist\cjs.js??ref--0-0!F:\springboot32e20828n\springboot32e20828n\src\main\resources\admin\node_modules\vue-loader\lib\index.js??vue-loader-options!F:\springboot32e20828n\springboot32e20828n\src\main\resources\admin\src\components\index\IndexHeader.vue
<s> [webpack.Progress] 68% building 1217/1253 modules 36 active F:\springboot32e20828n\springboot32e20828n\src\main\resources\admin\node_modules\cache-loader\dist\cjs.js??ref--0-0!F:\springboot32e20828n\springboot32e20828n\src\main\resources\admin\node_modules\vue-loader\lib\index.js??vue-loader-options!F:\springboot32e20828n\springboot32e20828n\src\main\resources\admin\src\components\index\IndexHeader.vue
<s> [webpack.Progress] 68% building 1218/1253 modules 35 active F:\springboot32e20828n\springboot32e20828n\src\main\resources\admin\node_modules\cache-loader\dist\cjs.js??ref--0-0!F:\springboot32e20828n\springboot32e20828n\src\main\resources\admin\node_modules\vue-loader\lib\index.js??vue-loader-options!F:\springboot32e20828n\springboot32e20828n\src\main\resources\admin\src\components\index\IndexHeader.vue
<s> [webpack.Progress] 68% building 1219/1253 modules 34 active F:\springboot32e20828n\springboot32e20828n\src\main\resources\admin\node_modules\cache-loader\dist\cjs.js??ref--0-0!F:\springboot32e20828n\springboot32e20828n\src\main\resources\admin\node_modules\vue-loader\lib\index.js??vue-loader-options!F:\springboot32e20828n\springboot32e20828n\src\main\resources\admin\src\components\index\IndexHeader.vue
<s> [webpack.Progress] 68% building 1219/1254 modules 35 active F:\springboot32e20828n\springboot32e20828n\src\main\resources\admin\node_modules\echarts\lib\chart\helper\createGraphFromNodeEdge.js
<s> [webpack.Progress] 68% building 1219/1255 modules 36 active F:\springboot32e20828n\springboot32e20828n\src\main\resources\admin\node_modules\echarts\lib\chart\helper\multipleGraphEdgeHelper.js
<s> [webpack.Progress] 68% building 1219/1256 modules 37 active F:\springboot32e20828n\springboot32e20828n\src\main\resources\admin\node_modules\echarts\lib\chart\graph\adjustEdge.js
<s> [webpack.Progress] 68% building 1219/1257 modules 38 active F:\springboot32e20828n\springboot32e20828n\src\main\resources\admin\node_modules\echarts\lib\chart\graph\graphHelper.js
<s> [webpack.Progress] 68% building 1219/1258 modules 39 active F:\springboot32e20828n\springboot32e20828n\src\main\resources\admin\node_modules\echarts\lib\chart\graph\simpleLayoutHelper.js
<s> [webpack.Progress] 68% building 1219/1259 modules 40 active F:\springboot32e20828n\springboot32e20828n\src\main\resources\admin\node_modules\echarts\lib\chart\graph\circularLayoutHelper.js
<s> [webpack.Progress] 68% building 1220/1259 modules 39 active F:\springboot32e20828n\springboot32e20828n\src\main\resources\admin\node_modules\echarts\lib\chart\graph\circularLayoutHelper.js
<s> [webpack.Progress] 68% building 1220/1260 modules 40 active F:\springboot32e20828n\springboot32e20828n\src\main\resources\admin\node_modules\zrender\lib\tool\parseSVG.js
<s> [webpack.Progress] 68% building 1220/1261 modules 41 active F:\springboot32e20828n\springboot32e20828n\src\main\resources\admin\node_modules\echarts\lib\chart\graph\forceHelper.js
<s> [webpack.Progress] 68% building 1220/1262 modules 42 active F:\springboot32e20828n\springboot32e20828n\src\main\resources\admin\node_modules\zrender\lib\tool\parseXML.js
<s> [webpack.Progress] 68% building 1221/1262 modules 41 active F:\springboot32e20828n\springboot32e20828n\src\main\resources\admin\node_modules\zrender\lib\tool\parseXML.js
<s> [webpack.Progress] 68% building 1221/1263 modules 42 active F:\springboot32e20828n\springboot32e20828n\src\main\resources\admin\node_modules\echarts\lib\chart\helper\LargeSymbolDraw.js
<s> [webpack.Progress] 68% building 1222/1263 modules 41 active F:\springboot32e20828n\springboot32e20828n\src\main\resources\admin\node_modules\echarts\lib\chart\helper\LargeSymbolDraw.js
<s> [webpack.Progress] 68% building 1223/1263 modules 40 active F:\springboot32e20828n\springboot32e20828n\src\main\resources\admin\node_modules\echarts\lib\chart\helper\LargeSymbolDraw.js
<s> [webpack.Progress] 68% building 1224/1263 modules 39 active F:\springboot32e20828n\springboot32e20828n\src\main\resources\admin\node_modules\echarts\lib\chart\helper\LargeSymbolDraw.js
<s> [webpack.Progress] 68% building 1225/1263 modules 38 active F:\springboot32e20828n\springboot32e20828n\src\main\resources\admin\node_modules\echarts\lib\chart\helper\LargeSymbolDraw.js
<s> [webpack.Progress] 68% building 1226/1263 modules 37 active F:\springboot32e20828n\springboot32e20828n\src\main\resources\admin\node_modules\echarts\lib\chart\helper\LargeSymbolDraw.js
<s> [webpack.Progress] 68% building 1227/1263 modules 36 active F:\springboot32e20828n\springboot32e20828n\src\main\resources\admin\node_modules\echarts\lib\chart\helper\LargeSymbolDraw.js
<s> [webpack.Progress] 68% building 1228/1263 modules 35 active F:\springboot32e20828n\springboot32e20828n\src\main\resources\admin\node_modules\echarts\lib\chart\helper\LargeSymbolDraw.js
<s> [webpack.Progress] 68% building 1228/1264 modules 36 active F:\springboot32e20828n\springboot32e20828n\src\main\resources\admin\node_modules\babel-runtime\node_modules\core-js\library\modules\_object-assign.js
<s> [webpack.Progress] 68% building 1229/1264 modules 35 active F:\springboot32e20828n\springboot32e20828n\src\main\resources\admin\node_modules\babel-runtime\node_modules\core-js\library\modules\_object-assign.js
<s> [webpack.Progress] 68% building 1230/1264 modules 34 active F:\springboot32e20828n\springboot32e20828n\src\main\resources\admin\node_modules\babel-runtime\node_modules\core-js\library\modules\_object-assign.js
<s> [webpack.Progress] 68% building 1231/1264 modules 33 active F:\springboot32e20828n\springboot32e20828n\src\main\resources\admin\node_modules\babel-runtime\node_modules\core-js\library\modules\_object-assign.js
<s> [webpack.Progress] 68% building 1232/1264 modules 32 active F:\springboot32e20828n\springboot32e20828n\src\main\resources\admin\node_modules\babel-runtime\node_modules\core-js\library\modules\_object-assign.js
<s> [webpack.Progress] 68% building 1233/1264 modules 31 active F:\springboot32e20828n\springboot32e20828n\src\main\resources\admin\node_modules\babel-runtime\node_modules\core-js\library\modules\_object-assign.js
<s> [webpack.Progress] 68% building 1234/1264 modules 30 active F:\springboot32e20828n\springboot32e20828n\src\main\resources\admin\node_modules\babel-runtime\node_modules\core-js\library\modules\_object-assign.js
<s> [webpack.Progress] 68% building 1235/1264 modules 29 active F:\springboot32e20828n\springboot32e20828n\src\main\resources\admin\node_modules\babel-runtime\node_modules\core-js\library\modules\_object-assign.js
<s> [webpack.Progress] 68% building 1236/1264 modules 28 active F:\springboot32e20828n\springboot32e20828n\src\main\resources\admin\node_modules\babel-runtime\node_modules\core-js\library\modules\_object-assign.js
<s> [webpack.Progress] 68% building 1237/1264 modules 27 active F:\springboot32e20828n\springboot32e20828n\src\main\resources\admin\node_modules\babel-runtime\node_modules\core-js\library\modules\_object-assign.js
<s> [webpack.Progress] 68% building 1238/1264 modules 26 active F:\springboot32e20828n\springboot32e20828n\src\main\resources\admin\node_modules\babel-runtime\node_modules\core-js\library\modules\_object-assign.js
<s> [webpack.Progress] 68% building 1239/1264 modules 25 active F:\springboot32e20828n\springboot32e20828n\src\main\resources\admin\node_modules\babel-runtime\node_modules\core-js\library\modules\_object-assign.js
<s> [webpack.Progress] 68% building 1240/1264 modules 24 active F:\springboot32e20828n\springboot32e20828n\src\main\resources\admin\node_modules\babel-runtime\node_modules\core-js\library\modules\_object-assign.js
<s> [webpack.Progress] 68% building 1241/1264 modules 23 active F:\springboot32e20828n\springboot32e20828n\src\main\resources\admin\node_modules\babel-runtime\node_modules\core-js\library\modules\_object-assign.js
<s> [webpack.Progress] 68% building 1242/1264 modules 22 active F:\springboot32e20828n\springboot32e20828n\src\main\resources\admin\node_modules\babel-runtime\node_modules\core-js\library\modules\_object-assign.js
<s> [webpack.Progress] 69% building 1243/1264 modules 21 active F:\springboot32e20828n\springboot32e20828n\src\main\resources\admin\node_modules\babel-runtime\node_modules\core-js\library\modules\_object-assign.js
<s> [webpack.Progress] 69% building 1244/1264 modules 20 active F:\springboot32e20828n\springboot32e20828n\src\main\resources\admin\node_modules\babel-runtime\node_modules\core-js\library\modules\_object-assign.js
<s> [webpack.Progress] 69% building 1245/1264 modules 19 active F:\springboot32e20828n\springboot32e20828n\src\main\resources\admin\node_modules\babel-runtime\node_modules\core-js\library\modules\_object-assign.js
<s> [webpack.Progress] 69% building 1246/1264 modules 18 active F:\springboot32e20828n\springboot32e20828n\src\main\resources\admin\node_modules\babel-runtime\node_modules\core-js\library\modules\_object-assign.js
<s> [webpack.Progress] 69% building 1247/1264 modules 17 active F:\springboot32e20828n\springboot32e20828n\src\main\resources\admin\node_modules\babel-runtime\node_modules\core-js\library\modules\_object-assign.js
<s> [webpack.Progress] 69% building 1248/1264 modules 16 active F:\springboot32e20828n\springboot32e20828n\src\main\resources\admin\node_modules\babel-runtime\node_modules\core-js\library\modules\_object-assign.js
<s> [webpack.Progress] 69% building 1248/1265 modules 17 active F:\springboot32e20828n\springboot32e20828n\src\main\resources\admin\node_modules\zrender\lib\svg\cssClassId.js
<s> [webpack.Progress] 69% building 1249/1265 modules 16 active F:\springboot32e20828n\springboot32e20828n\src\main\resources\admin\node_modules\zrender\lib\svg\cssClassId.js
<s> [webpack.Progress] 69% building 1250/1265 modules 15 active F:\springboot32e20828n\springboot32e20828n\src\main\resources\admin\node_modules\zrender\lib\svg\cssClassId.js
<s> [webpack.Progress] 69% building 1251/1265 modules 14 active F:\springboot32e20828n\springboot32e20828n\src\main\resources\admin\node_modules\zrender\lib\svg\cssClassId.js
<s> [webpack.Progress] 69% building 1251/1266 modules 15 active F:\springboot32e20828n\springboot32e20828n\src\main\resources\admin\node_modules\echarts\lib\coord\polar\AngleAxis.js
<s> [webpack.Progress] 69% building 1251/1267 modules 16 active F:\springboot32e20828n\springboot32e20828n\src\main\resources\admin\node_modules\echarts\lib\coord\polar\RadiusAxis.js
<s> [webpack.Progress] 69% building 1252/1267 modules 15 active F:\springboot32e20828n\springboot32e20828n\src\main\resources\admin\node_modules\echarts\lib\coord\polar\RadiusAxis.js
<s> [webpack.Progress] 69% building 1253/1267 modules 14 active F:\springboot32e20828n\springboot32e20828n\src\main\resources\admin\node_modules\echarts\lib\coord\polar\RadiusAxis.js
<s> [webpack.Progress] 69% building 1254/1267 modules 13 active F:\springboot32e20828n\springboot32e20828n\src\main\resources\admin\node_modules\echarts\lib\coord\polar\RadiusAxis.js
<s> [webpack.Progress] 69% building 1255/1267 modules 12 active F:\springboot32e20828n\springboot32e20828n\src\main\resources\admin\node_modules\echarts\lib\coord\polar\RadiusAxis.js
<s> [webpack.Progress] 69% building 1256/1267 modules 11 active F:\springboot32e20828n\springboot32e20828n\src\main\resources\admin\node_modules\echarts\lib\coord\polar\RadiusAxis.js
<s> [webpack.Progress] 69% building 1256/1268 modules 12 active F:\springboot32e20828n\springboot32e20828n\src\main\resources\admin\node_modules\echarts\lib\data\helper\linkSeriesData.js
<s> [webpack.Progress] 69% building 1256/1269 modules 13 active F:\springboot32e20828n\springboot32e20828n\src\main\resources\admin\node_modules\echarts\lib\chart\treemap\Breadcrumb.js
<s> [webpack.Progress] 69% building 1256/1270 modules 14 active F:\springboot32e20828n\springboot32e20828n\src\main\resources\admin\node_modules\echarts\lib\chart\tree\traversalHelper.js
<s> [webpack.Progress] 69% building 1256/1271 modules 15 active F:\springboot32e20828n\springboot32e20828n\src\main\resources\admin\node_modules\echarts\lib\util\animation.js
<s> [webpack.Progress] 69% building 1257/1271 modules 14 active F:\springboot32e20828n\springboot32e20828n\src\main\resources\admin\node_modules\echarts\lib\util\animation.js
<s> [webpack.Progress] 69% building 1258/1271 modules 13 active F:\springboot32e20828n\springboot32e20828n\src\main\resources\admin\node_modules\echarts\lib\util\animation.js
<s> [webpack.Progress] 69% building 1259/1271 modules 12 active F:\springboot32e20828n\springboot32e20828n\src\main\resources\admin\node_modules\echarts\lib\util\animation.js
<s> [webpack.Progress] 69% building 1259/1272 modules 13 active F:\springboot32e20828n\springboot32e20828n\src\main\resources\admin\node_modules\echarts\lib\chart\pie\labelLayout.js
<s> [webpack.Progress] 69% building 1260/1272 modules 12 active F:\springboot32e20828n\springboot32e20828n\src\main\resources\admin\node_modules\echarts\lib\chart\pie\labelLayout.js
<s> [webpack.Progress] 69% building 1260/1273 modules 13 active F:\springboot32e20828n\springboot32e20828n\src\main\resources\admin\node_modules\echarts\lib\coord\cartesian\Cartesian.js
<s> [webpack.Progress] 69% building 1261/1273 modules 12 active F:\springboot32e20828n\springboot32e20828n\src\main\resources\admin\node_modules\echarts\lib\coord\cartesian\Cartesian.js
<s> [webpack.Progress] 69% building 1261/1274 modules 13 active F:\springboot32e20828n\springboot32e20828n\src\main\resources\admin\node_modules\babel-runtime\node_modules\core-js\library\modules\_has.js
<s> [webpack.Progress] 69% building 1261/1275 modules 14 active F:\springboot32e20828n\springboot32e20828n\src\main\resources\admin\node_modules\babel-runtime\node_modules\core-js\library\modules\_descriptors.js
<s> [webpack.Progress] 69% building 1261/1276 modules 15 active F:\springboot32e20828n\springboot32e20828n\src\main\resources\admin\node_modules\babel-runtime\node_modules\core-js\library\modules\_meta.js
<s> [webpack.Progress] 69% building 1261/1277 modules 16 active F:\springboot32e20828n\springboot32e20828n\src\main\resources\admin\node_modules\babel-runtime\node_modules\core-js\library\modules\_redefine.js
<s> [webpack.Progress] 69% building 1261/1278 modules 17 active F:\springboot32e20828n\springboot32e20828n\src\main\resources\admin\node_modules\babel-runtime\node_modules\core-js\library\modules\_shared.js
<s> [webpack.Progress] 69% building 1261/1279 modules 18 active F:\springboot32e20828n\springboot32e20828n\src\main\resources\admin\node_modules\babel-runtime\node_modules\core-js\library\modules\_fails.js
<s> [webpack.Progress] 69% building 1261/1280 modules 19 active F:\springboot32e20828n\springboot32e20828n\src\main\resources\admin\node_modules\babel-runtime\node_modules\core-js\library\modules\_set-to-string-tag.js
<s> [webpack.Progress] 69% building 1261/1281 modules 20 active F:\springboot32e20828n\springboot32e20828n\src\main\resources\admin\node_modules\babel-runtime\node_modules\core-js\library\modules\_uid.js
<s> [webpack.Progress] 69% building 1261/1282 modules 21 active F:\springboot32e20828n\springboot32e20828n\src\main\resources\admin\node_modules\babel-runtime\node_modules\core-js\library\modules\_is-object.js
<s> [webpack.Progress] 68% building 1261/1283 modules 22 active F:\springboot32e20828n\springboot32e20828n\src\main\resources\admin\node_modules\babel-runtime\node_modules\core-js\library\modules\_wks-define.js
<s> [webpack.Progress] 68% building 1261/1284 modules 23 active F:\springboot32e20828n\springboot32e20828n\src\main\resources\admin\node_modules\babel-runtime\node_modules\core-js\library\modules\_is-array.js
<s> [webpack.Progress] 68% building 1261/1285 modules 24 active F:\springboot32e20828n\springboot32e20828n\src\main\resources\admin\node_modules\babel-runtime\node_modules\core-js\library\modules\_an-object.js
<s> [webpack.Progress] 68% building 1261/1286 modules 25 active F:\springboot32e20828n\springboot32e20828n\src\main\resources\admin\node_modules\babel-runtime\node_modules\core-js\library\modules\_enum-keys.js
<s> [webpack.Progress] 68% building 1261/1287 modules 26 active F:\springboot32e20828n\springboot32e20828n\src\main\resources\admin\node_modules\babel-runtime\node_modules\core-js\library\modules\_to-object.js
<s> [webpack.Progress] 68% building 1261/1288 modules 27 active F:\springboot32e20828n\springboot32e20828n\src\main\resources\admin\node_modules\babel-runtime\node_modules\core-js\library\modules\_to-primitive.js
<s> [webpack.Progress] 68% building 1261/1289 modules 28 active F:\springboot32e20828n\springboot32e20828n\src\main\resources\admin\node_modules\babel-runtime\node_modules\core-js\library\modules\_object-create.js
<s> [webpack.Progress] 68% building 1261/1290 modules 29 active F:\springboot32e20828n\springboot32e20828n\src\main\resources\admin\node_modules\babel-runtime\node_modules\core-js\library\modules\_object-dp.js
<s> [webpack.Progress] 68% building 1261/1291 modules 30 active F:\springboot32e20828n\springboot32e20828n\src\main\resources\admin\node_modules\babel-runtime\node_modules\core-js\library\modules\_object-gopd.js
<s> [webpack.Progress] 68% building 1261/1292 modules 31 active F:\springboot32e20828n\springboot32e20828n\src\main\resources\admin\node_modules\babel-runtime\node_modules\core-js\library\modules\_to-iobject.js
<s> [webpack.Progress] 68% building 1261/1293 modules 32 active F:\springboot32e20828n\springboot32e20828n\src\main\resources\admin\node_modules\babel-runtime\node_modules\core-js\library\modules\_object-gops.js
<s> [webpack.Progress] 68% building 1261/1294 modules 33 active F:\springboot32e20828n\springboot32e20828n\src\main\resources\admin\node_modules\babel-runtime\node_modules\core-js\library\modules\_object-gopn.js
<s> [webpack.Progress] 68% building 1261/1295 modules 34 active F:\springboot32e20828n\springboot32e20828n\src\main\resources\admin\node_modules\babel-runtime\node_modules\core-js\library\modules\_object-gopn-ext.js
<s> [webpack.Progress] 68% building 1261/1296 modules 35 active F:\springboot32e20828n\springboot32e20828n\src\main\resources\admin\node_modules\babel-runtime\node_modules\core-js\library\modules\_object-keys.js
<s> [webpack.Progress] 68% building 1261/1297 modules 36 active F:\springboot32e20828n\springboot32e20828n\src\main\resources\admin\node_modules\babel-runtime\node_modules\core-js\library\modules\_object-pie.js
<s> [webpack.Progress] 68% building 1261/1298 modules 37 active F:\springboot32e20828n\springboot32e20828n\src\main\resources\admin\node_modules\babel-runtime\node_modules\core-js\library\modules\_library.js
<s> [webpack.Progress] 68% building 1261/1299 modules 38 active F:\springboot32e20828n\springboot32e20828n\src\main\resources\admin\node_modules\babel-runtime\node_modules\core-js\library\modules\_property-desc.js
<s> [webpack.Progress] 68% building 1261/1300 modules 39 active F:\springboot32e20828n\springboot32e20828n\src\main\resources\admin\node_modules\echarts\lib\data\Graph.js
<s> [webpack.Progress] 68% building 1262/1300 modules 38 active F:\springboot32e20828n\springboot32e20828n\src\main\resources\admin\node_modules\echarts\lib\data\Graph.js
<s> [webpack.Progress] 68% building 1263/1300 modules 37 active F:\springboot32e20828n\springboot32e20828n\src\main\resources\admin\node_modules\echarts\lib\data\Graph.js
<s> [webpack.Progress] 68% building 1264/1300 modules 36 active F:\springboot32e20828n\springboot32e20828n\src\main\resources\admin\node_modules\echarts\lib\data\Graph.js
<s> [webpack.Progress] 68% building 1265/1300 modules 35 active F:\springboot32e20828n\springboot32e20828n\src\main\resources\admin\node_modules\echarts\lib\data\Graph.js
<s> [webpack.Progress] 68% building 1266/1300 modules 34 active F:\springboot32e20828n\springboot32e20828n\src\main\resources\admin\node_modules\echarts\lib\data\Graph.js
<s> [webpack.Progress] 68% building 1267/1300 modules 33 active F:\springboot32e20828n\springboot32e20828n\src\main\resources\admin\node_modules\echarts\lib\data\Graph.js
<s> [webpack.Progress] 68% building 1267/1301 modules 34 active F:\springboot32e20828n\springboot32e20828n\src\main\resources\admin\node_modules\vue-loader\lib\loaders\pitcher.js??ref--4!F:\springboot32e20828n\springboot32e20828n\src\main\resources\admin\node_modules\cache-loader\dist\cjs.js??ref--0-0!F:\springboot32e20828n\springboot32e20828n\src\main\resources\admin\node_modules\vue-loader\lib\index.js??vue-loader-options!F:\springboot32e20828n\springboot32e20828n\src\main\resources\admin\src\components\index\IndexAsideStatic.vue?vue&type=template&id=0175fa3e&scoped=true&
<s> [webpack.Progress] 68% building 1268/1301 modules 33 active F:\springboot32e20828n\springboot32e20828n\src\main\resources\admin\node_modules\echarts\lib\data\Graph.js
<s> [webpack.Progress] 68% building 1268/1302 modules 34 active F:\springboot32e20828n\springboot32e20828n\src\main\resources\admin\node_modules\vue-loader\lib\loaders\pitcher.js??ref--4!F:\springboot32e20828n\springboot32e20828n\src\main\resources\admin\node_modules\cache-loader\dist\cjs.js??ref--12-0!F:\springboot32e20828n\springboot32e20828n\src\main\resources\admin\node_modules\babel-loader\lib\index.js!F:\springboot32e20828n\springboot32e20828n\src\main\resources\admin\node_modules\cache-loader\dist\cjs.js??ref--0-0!F:\springboot32e20828n\springboot32e20828n\src\main\resources\admin\node_modules\vue-loader\lib\index.js??vue-loader-options!F:\springboot32e20828n\springboot32e20828n\src\main\resources\admin\src\components\index\IndexAsideStatic.vue?vue&type=script&lang=js&
<s> [webpack.Progress] 68% building 1269/1302 modules 33 active F:\springboot32e20828n\springboot32e20828n\src\main\resources\admin\node_modules\echarts\lib\data\Graph.js
<s> [webpack.Progress] 68% building 1269/1303 modules 34 active F:\springboot32e20828n\springboot32e20828n\src\main\resources\admin\node_modules\vue-loader\lib\loaders\pitcher.js??ref--4!F:\springboot32e20828n\springboot32e20828n\src\main\resources\admin\node_modules\vue-style-loader\index.js??ref--8-oneOf-1-0!F:\springboot32e20828n\springboot32e20828n\src\main\resources\admin\node_modules\css-loader\dist\cjs.js??ref--8-oneOf-1-1!F:\springboot32e20828n\springboot32e20828n\src\main\resources\admin\node_modules\postcss-loader\src\index.js??ref--8-oneOf-1-2!F:\springboot32e20828n\springboot32e20828n\src\main\resources\admin\node_modules\sass-loader\dist\cjs.js??ref--8-oneOf-1-3!F:\springboot32e20828n\springboot32e20828n\src\main\resources\admin\node_modules\cache-loader\dist\cjs.js??ref--0-0!F:\springboot32e20828n\springboot32e20828n\src\main\resources\admin\node_modules\vue-loader\lib\index.js??vue-loader-options!F:\springboot32e20828n\springboot32e20828n\src\main\resources\admin\src\components\index\IndexAsideStatic.vue?vue&type=style&index=0&id=0175fa3e&lang=scss&scoped=true&
<s> [webpack.Progress] 68% building 1270/1303 modules 33 active F:\springboot32e20828n\springboot32e20828n\src\main\resources\admin\node_modules\echarts\lib\data\Graph.js
<s> [webpack.Progress] 68% building 1270/1304 modules 34 active F:\springboot32e20828n\springboot32e20828n\src\main\resources\admin\node_modules\cache-loader\dist\cjs.js?{"cacheDirectory":"node_modules/.cache/vue-loader","cacheIdentifier":"457e6f19-vue-loader-template"}!F:\springboot32e20828n\springboot32e20828n\src\main\resources\admin\node_modules\vue-loader\lib\loaders\templateLoader.js??vue-loader-options!F:\springboot32e20828n\springboot32e20828n\src\main\resources\admin\node_modules\cache-loader\dist\cjs.js??ref--0-0!F:\springboot32e20828n\springboot32e20828n\src\main\resources\admin\node_modules\vue-loader\lib\index.js??vue-loader-options!F:\springboot32e20828n\springboot32e20828n\src\main\resources\admin\src\components\index\IndexAsideStatic.vue?vue&type=template&id=0175fa3e&scoped=true&
<s> [webpack.Progress] 68% building 1270/1305 modules 35 active F:\springboot32e20828n\springboot32e20828n\src\main\resources\admin\node_modules\cache-loader\dist\cjs.js??ref--12-0!F:\springboot32e20828n\springboot32e20828n\src\main\resources\admin\node_modules\babel-loader\lib\index.js!F:\springboot32e20828n\springboot32e20828n\src\main\resources\admin\node_modules\cache-loader\dist\cjs.js??ref--0-0!F:\springboot32e20828n\springboot32e20828n\src\main\resources\admin\node_modules\vue-loader\lib\index.js??vue-loader-options!F:\springboot32e20828n\springboot32e20828n\src\main\resources\admin\src\components\index\IndexAsideStatic.vue?vue&type=script&lang=js&
<s> [webpack.Progress] 68% building 1270/1306 modules 36 active F:\springboot32e20828n\springboot32e20828n\src\main\resources\admin\node_modules\vue-style-loader\index.js??ref--8-oneOf-1-0!F:\springboot32e20828n\springboot32e20828n\src\main\resources\admin\node_modules\css-loader\dist\cjs.js??ref--8-oneOf-1-1!F:\springboot32e20828n\springboot32e20828n\src\main\resources\admin\node_modules\vue-loader\lib\loaders\stylePostLoader.js!F:\springboot32e20828n\springboot32e20828n\src\main\resources\admin\node_modules\postcss-loader\src\index.js??ref--8-oneOf-1-2!F:\springboot32e20828n\springboot32e20828n\src\main\resources\admin\node_modules\sass-loader\dist\cjs.js??ref--8-oneOf-1-3!F:\springboot32e20828n\springboot32e20828n\src\main\resources\admin\node_modules\cache-loader\dist\cjs.js??ref--0-0!F:\springboot32e20828n\springboot32e20828n\src\main\resources\admin\node_modules\vue-loader\lib\index.js??vue-loader-options!F:\springboot32e20828n\springboot32e20828n\src\main\resources\admin\src\components\index\IndexAsideStatic.vue?vue&type=style&index=0&id=0175fa3e&lang=scss&scoped=true&
<s> [webpack.Progress] 68% building 1271/1306 modules 35 active F:\springboot32e20828n\springboot32e20828n\src\main\resources\admin\node_modules\cache-loader\dist\cjs.js??ref--12-0!F:\springboot32e20828n\springboot32e20828n\src\main\resources\admin\node_modules\babel-loader\lib\index.js!F:\springboot32e20828n\springboot32e20828n\src\main\resources\admin\node_modules\cache-loader\dist\cjs.js??ref--0-0!F:\springboot32e20828n\springboot32e20828n\src\main\resources\admin\node_modules\vue-loader\lib\index.js??vue-loader-options!F:\springboot32e20828n\springboot32e20828n\src\main\resources\admin\src\components\index\IndexAsideStatic.vue?vue&type=script&lang=js&
<s> [webpack.Progress] 68% building 1271/1307 modules 36 active F:\springboot32e20828n\springboot32e20828n\src\main\resources\admin\node_modules\css-loader\dist\cjs.js??ref--8-oneOf-1-1!F:\springboot32e20828n\springboot32e20828n\src\main\resources\admin\node_modules\vue-loader\lib\loaders\stylePostLoader.js!F:\springboot32e20828n\springboot32e20828n\src\main\resources\admin\node_modules\postcss-loader\src\index.js??ref--8-oneOf-1-2!F:\springboot32e20828n\springboot32e20828n\src\main\resources\admin\node_modules\sass-loader\dist\cjs.js??ref--8-oneOf-1-3!F:\springboot32e20828n\springboot32e20828n\src\main\resources\admin\node_modules\cache-loader\dist\cjs.js??ref--0-0!F:\springboot32e20828n\springboot32e20828n\src\main\resources\admin\node_modules\vue-loader\lib\index.js??vue-loader-options!F:\springboot32e20828n\springboot32e20828n\src\main\resources\admin\src\components\index\IndexAsideStatic.vue?vue&type=style&index=0&id=0175fa3e&lang=scss&scoped=true&
<s> [webpack.Progress] 68% building 1272/1307 modules 35 active F:\springboot32e20828n\springboot32e20828n\src\main\resources\admin\node_modules\css-loader\dist\cjs.js??ref--8-oneOf-1-1!F:\springboot32e20828n\springboot32e20828n\src\main\resources\admin\node_modules\vue-loader\lib\loaders\stylePostLoader.js!F:\springboot32e20828n\springboot32e20828n\src\main\resources\admin\node_modules\postcss-loader\src\index.js??ref--8-oneOf-1-2!F:\springboot32e20828n\springboot32e20828n\src\main\resources\admin\node_modules\sass-loader\dist\cjs.js??ref--8-oneOf-1-3!F:\springboot32e20828n\springboot32e20828n\src\main\resources\admin\node_modules\cache-loader\dist\cjs.js??ref--0-0!F:\springboot32e20828n\springboot32e20828n\src\main\resources\admin\node_modules\vue-loader\lib\index.js??vue-loader-options!F:\springboot32e20828n\springboot32e20828n\src\main\resources\admin\src\components\index\IndexAsideStatic.vue?vue&type=style&index=0&id=0175fa3e&lang=scss&scoped=true&
<s> [webpack.Progress] 68% building 1273/1307 modules 34 active F:\springboot32e20828n\springboot32e20828n\src\main\resources\admin\node_modules\css-loader\dist\cjs.js??ref--8-oneOf-1-1!F:\springboot32e20828n\springboot32e20828n\src\main\resources\admin\node_modules\vue-loader\lib\loaders\stylePostLoader.js!F:\springboot32e20828n\springboot32e20828n\src\main\resources\admin\node_modules\postcss-loader\src\index.js??ref--8-oneOf-1-2!F:\springboot32e20828n\springboot32e20828n\src\main\resources\admin\node_modules\sass-loader\dist\cjs.js??ref--8-oneOf-1-3!F:\springboot32e20828n\springboot32e20828n\src\main\resources\admin\node_modules\cache-loader\dist\cjs.js??ref--0-0!F:\springboot32e20828n\springboot32e20828n\src\main\resources\admin\node_modules\vue-loader\lib\index.js??vue-loader-options!F:\springboot32e20828n\springboot32e20828n\src\main\resources\admin\src\components\index\IndexAsideStatic.vue?vue&type=style&index=0&id=0175fa3e&lang=scss&scoped=true&
<s> [webpack.Progress] 68% building 1274/1307 modules 33 active F:\springboot32e20828n\springboot32e20828n\src\main\resources\admin\node_modules\css-loader\dist\cjs.js??ref--8-oneOf-1-1!F:\springboot32e20828n\springboot32e20828n\src\main\resources\admin\node_modules\vue-loader\lib\loaders\stylePostLoader.js!F:\springboot32e20828n\springboot32e20828n\src\main\resources\admin\node_modules\postcss-loader\src\index.js??ref--8-oneOf-1-2!F:\springboot32e20828n\springboot32e20828n\src\main\resources\admin\node_modules\sass-loader\dist\cjs.js??ref--8-oneOf-1-3!F:\springboot32e20828n\springboot32e20828n\src\main\resources\admin\node_modules\cache-loader\dist\cjs.js??ref--0-0!F:\springboot32e20828n\springboot32e20828n\src\main\resources\admin\node_modules\vue-loader\lib\index.js??vue-loader-options!F:\springboot32e20828n\springboot32e20828n\src\main\resources\admin\src\components\index\IndexAsideStatic.vue?vue&type=style&index=0&id=0175fa3e&lang=scss&scoped=true&
<s> [webpack.Progress] 68% building 1274/1308 modules 34 active F:\springboot32e20828n\springboot32e20828n\src\main\resources\admin\node_modules\vue-loader\lib\loaders\pitcher.js??ref--4!F:\springboot32e20828n\springboot32e20828n\src\main\resources\admin\node_modules\cache-loader\dist\cjs.js??ref--0-0!F:\springboot32e20828n\springboot32e20828n\src\main\resources\admin\node_modules\vue-loader\lib\index.js??vue-loader-options!F:\springboot32e20828n\springboot32e20828n\src\main\resources\admin\src\components\index\IndexHeader.vue?vue&type=template&id=71e3f342&scoped=true&
<s> [webpack.Progress] 68% building 1275/1308 modules 33 active F:\springboot32e20828n\springboot32e20828n\src\main\resources\admin\node_modules\css-loader\dist\cjs.js??ref--8-oneOf-1-1!F:\springboot32e20828n\springboot32e20828n\src\main\resources\admin\node_modules\vue-loader\lib\loaders\stylePostLoader.js!F:\springboot32e20828n\springboot32e20828n\src\main\resources\admin\node_modules\postcss-loader\src\index.js??ref--8-oneOf-1-2!F:\springboot32e20828n\springboot32e20828n\src\main\resources\admin\node_modules\sass-loader\dist\cjs.js??ref--8-oneOf-1-3!F:\springboot32e20828n\springboot32e20828n\src\main\resources\admin\node_modules\cache-loader\dist\cjs.js??ref--0-0!F:\springboot32e20828n\springboot32e20828n\src\main\resources\admin\node_modules\vue-loader\lib\index.js??vue-loader-options!F:\springboot32e20828n\springboot32e20828n\src\main\resources\admin\src\components\index\IndexAsideStatic.vue?vue&type=style&index=0&id=0175fa3e&lang=scss&scoped=true&
<s> [webpack.Progress] 68% building 1275/1309 modules 34 active F:\springboot32e20828n\springboot32e20828n\src\main\resources\admin\node_modules\vue-loader\lib\loaders\pitcher.js??ref--4!F:\springboot32e20828n\springboot32e20828n\src\main\resources\admin\node_modules\cache-loader\dist\cjs.js??ref--12-0!F:\springboot32e20828n\springboot32e20828n\src\main\resources\admin\node_modules\babel-loader\lib\index.js!F:\springboot32e20828n\springboot32e20828n\src\main\resources\admin\node_modules\cache-loader\dist\cjs.js??ref--0-0!F:\springboot32e20828n\springboot32e20828n\src\main\resources\admin\node_modules\vue-loader\lib\index.js??vue-loader-options!F:\springboot32e20828n\springboot32e20828n\src\main\resources\admin\src\components\index\IndexHeader.vue?vue&type=script&lang=js&
<s> [webpack.Progress] 68% building 1276/1309 modules 33 active F:\springboot32e20828n\springboot32e20828n\src\main\resources\admin\node_modules\css-loader\dist\cjs.js??ref--8-oneOf-1-1!F:\springboot32e20828n\springboot32e20828n\src\main\resources\admin\node_modules\vue-loader\lib\loaders\stylePostLoader.js!F:\springboot32e20828n\springboot32e20828n\src\main\resources\admin\node_modules\postcss-loader\src\index.js??ref--8-oneOf-1-2!F:\springboot32e20828n\springboot32e20828n\src\main\resources\admin\node_modules\sass-loader\dist\cjs.js??ref--8-oneOf-1-3!F:\springboot32e20828n\springboot32e20828n\src\main\resources\admin\node_modules\cache-loader\dist\cjs.js??ref--0-0!F:\springboot32e20828n\springboot32e20828n\src\main\resources\admin\node_modules\vue-loader\lib\index.js??vue-loader-options!F:\springboot32e20828n\springboot32e20828n\src\main\resources\admin\src\components\index\IndexAsideStatic.vue?vue&type=style&index=0&id=0175fa3e&lang=scss&scoped=true&
<s> [webpack.Progress] 68% building 1276/1310 modules 34 active F:\springboot32e20828n\springboot32e20828n\src\main\resources\admin\node_modules\vue-loader\lib\loaders\pitcher.js??ref--4!F:\springboot32e20828n\springboot32e20828n\src\main\resources\admin\node_modules\vue-style-loader\index.js??ref--8-oneOf-1-0!F:\springboot32e20828n\springboot32e20828n\src\main\resources\admin\node_modules\css-loader\dist\cjs.js??ref--8-oneOf-1-1!F:\springboot32e20828n\springboot32e20828n\src\main\resources\admin\node_modules\postcss-loader\src\index.js??ref--8-oneOf-1-2!F:\springboot32e20828n\springboot32e20828n\src\main\resources\admin\node_modules\sass-loader\dist\cjs.js??ref--8-oneOf-1-3!F:\springboot32e20828n\springboot32e20828n\src\main\resources\admin\node_modules\cache-loader\dist\cjs.js??ref--0-0!F:\springboot32e20828n\springboot32e20828n\src\main\resources\admin\node_modules\vue-loader\lib\index.js??vue-loader-options!F:\springboot32e20828n\springboot32e20828n\src\main\resources\admin\src\components\index\IndexHeader.vue?vue&type=style&index=0&id=71e3f342&lang=scss&scoped=true&
<s> [webpack.Progress] 68% building 1277/1310 modules 33 active F:\springboot32e20828n\springboot32e20828n\src\main\resources\admin\node_modules\css-loader\dist\cjs.js??ref--8-oneOf-1-1!F:\springboot32e20828n\springboot32e20828n\src\main\resources\admin\node_modules\vue-loader\lib\loaders\stylePostLoader.js!F:\springboot32e20828n\springboot32e20828n\src\main\resources\admin\node_modules\postcss-loader\src\index.js??ref--8-oneOf-1-2!F:\springboot32e20828n\springboot32e20828n\src\main\resources\admin\node_modules\sass-loader\dist\cjs.js??ref--8-oneOf-1-3!F:\springboot32e20828n\springboot32e20828n\src\main\resources\admin\node_modules\cache-loader\dist\cjs.js??ref--0-0!F:\springboot32e20828n\springboot32e20828n\src\main\resources\admin\node_modules\vue-loader\lib\index.js??vue-loader-options!F:\springboot32e20828n\springboot32e20828n\src\main\resources\admin\src\components\index\IndexAsideStatic.vue?vue&type=style&index=0&id=0175fa3e&lang=scss&scoped=true&
<s> [webpack.Progress] 68% building 1277/1311 modules 34 active F:\springboot32e20828n\springboot32e20828n\src\main\resources\admin\node_modules\cache-loader\dist\cjs.js?{"cacheDirectory":"node_modules/.cache/vue-loader","cacheIdentifier":"457e6f19-vue-loader-template"}!F:\springboot32e20828n\springboot32e20828n\src\main\resources\admin\node_modules\vue-loader\lib\loaders\templateLoader.js??vue-loader-options!F:\springboot32e20828n\springboot32e20828n\src\main\resources\admin\node_modules\cache-loader\dist\cjs.js??ref--0-0!F:\springboot32e20828n\springboot32e20828n\src\main\resources\admin\node_modules\vue-loader\lib\index.js??vue-loader-options!F:\springboot32e20828n\springboot32e20828n\src\main\resources\admin\src\components\index\IndexHeader.vue?vue&type=template&id=71e3f342&scoped=true&
<s> [webpack.Progress] 68% building 1277/1312 modules 35 active F:\springboot32e20828n\springboot32e20828n\src\main\resources\admin\node_modules\cache-loader\dist\cjs.js??ref--12-0!F:\springboot32e20828n\springboot32e20828n\src\main\resources\admin\node_modules\babel-loader\lib\index.js!F:\springboot32e20828n\springboot32e20828n\src\main\resources\admin\node_modules\cache-loader\dist\cjs.js??ref--0-0!F:\springboot32e20828n\springboot32e20828n\src\main\resources\admin\node_modules\vue-loader\lib\index.js??vue-loader-options!F:\springboot32e20828n\springboot32e20828n\src\main\resources\admin\src\components\index\IndexHeader.vue?vue&type=script&lang=js&
<s> [webpack.Progress] 68% building 1277/1313 modules 36 active F:\springboot32e20828n\springboot32e20828n\src\main\resources\admin\node_modules\vue-style-loader\index.js??ref--8-oneOf-1-0!F:\springboot32e20828n\springboot32e20828n\src\main\resources\admin\node_modules\css-loader\dist\cjs.js??ref--8-oneOf-1-1!F:\springboot32e20828n\springboot32e20828n\src\main\resources\admin\node_modules\vue-loader\lib\loaders\stylePostLoader.js!F:\springboot32e20828n\springboot32e20828n\src\main\resources\admin\node_modules\postcss-loader\src\index.js??ref--8-oneOf-1-2!F:\springboot32e20828n\springboot32e20828n\src\main\resources\admin\node_modules\sass-loader\dist\cjs.js??ref--8-oneOf-1-3!F:\springboot32e20828n\springboot32e20828n\src\main\resources\admin\node_modules\cache-loader\dist\cjs.js??ref--0-0!F:\springboot32e20828n\springboot32e20828n\src\main\resources\admin\node_modules\vue-loader\lib\index.js??vue-loader-options!F:\springboot32e20828n\springboot32e20828n\src\main\resources\admin\src\components\index\IndexHeader.vue?vue&type=style&index=0&id=71e3f342&lang=scss&scoped=true&
<s> [webpack.Progress] 68% building 1278/1313 modules 35 active F:\springboot32e20828n\springboot32e20828n\src\main\resources\admin\node_modules\cache-loader\dist\cjs.js??ref--12-0!F:\springboot32e20828n\springboot32e20828n\src\main\resources\admin\node_modules\babel-loader\lib\index.js!F:\springboot32e20828n\springboot32e20828n\src\main\resources\admin\node_modules\cache-loader\dist\cjs.js??ref--0-0!F:\springboot32e20828n\springboot32e20828n\src\main\resources\admin\node_modules\vue-loader\lib\index.js??vue-loader-options!F:\springboot32e20828n\springboot32e20828n\src\main\resources\admin\src\components\index\IndexHeader.vue?vue&type=script&lang=js&
<s> [webpack.Progress] 68% building 1278/1314 modules 36 active F:\springboot32e20828n\springboot32e20828n\src\main\resources\admin\node_modules\css-loader\dist\cjs.js??ref--8-oneOf-1-1!F:\springboot32e20828n\springboot32e20828n\src\main\resources\admin\node_modules\vue-loader\lib\loaders\stylePostLoader.js!F:\springboot32e20828n\springboot32e20828n\src\main\resources\admin\node_modules\postcss-loader\src\index.js??ref--8-oneOf-1-2!F:\springboot32e20828n\springboot32e20828n\src\main\resources\admin\node_modules\sass-loader\dist\cjs.js??ref--8-oneOf-1-3!F:\springboot32e20828n\springboot32e20828n\src\main\resources\admin\node_modules\cache-loader\dist\cjs.js??ref--0-0!F:\springboot32e20828n\springboot32e20828n\src\main\resources\admin\node_modules\vue-loader\lib\index.js??vue-loader-options!F:\springboot32e20828n\springboot32e20828n\src\main\resources\admin\src\components\index\IndexHeader.vue?vue&type=style&index=0&id=71e3f342&lang=scss&scoped=true&
<s> [webpack.Progress] 68% building 1279/1314 modules 35 active F:\springboot32e20828n\springboot32e20828n\src\main\resources\admin\node_modules\css-loader\dist\cjs.js??ref--8-oneOf-1-1!F:\springboot32e20828n\springboot32e20828n\src\main\resources\admin\node_modules\vue-loader\lib\loaders\stylePostLoader.js!F:\springboot32e20828n\springboot32e20828n\src\main\resources\admin\node_modules\postcss-loader\src\index.js??ref--8-oneOf-1-2!F:\springboot32e20828n\springboot32e20828n\src\main\resources\admin\node_modules\sass-loader\dist\cjs.js??ref--8-oneOf-1-3!F:\springboot32e20828n\springboot32e20828n\src\main\resources\admin\node_modules\cache-loader\dist\cjs.js??ref--0-0!F:\springboot32e20828n\springboot32e20828n\src\main\resources\admin\node_modules\vue-loader\lib\index.js??vue-loader-options!F:\springboot32e20828n\springboot32e20828n\src\main\resources\admin\src\components\index\IndexHeader.vue?vue&type=style&index=0&id=71e3f342&lang=scss&scoped=true&
<s> [webpack.Progress] 68% building 1280/1314 modules 34 active F:\springboot32e20828n\springboot32e20828n\src\main\resources\admin\node_modules\css-loader\dist\cjs.js??ref--8-oneOf-1-1!F:\springboot32e20828n\springboot32e20828n\src\main\resources\admin\node_modules\vue-loader\lib\loaders\stylePostLoader.js!F:\springboot32e20828n\springboot32e20828n\src\main\resources\admin\node_modules\postcss-loader\src\index.js??ref--8-oneOf-1-2!F:\springboot32e20828n\springboot32e20828n\src\main\resources\admin\node_modules\sass-loader\dist\cjs.js??ref--8-oneOf-1-3!F:\springboot32e20828n\springboot32e20828n\src\main\resources\admin\node_modules\cache-loader\dist\cjs.js??ref--0-0!F:\springboot32e20828n\springboot32e20828n\src\main\resources\admin\node_modules\vue-loader\lib\index.js??vue-loader-options!F:\springboot32e20828n\springboot32e20828n\src\main\resources\admin\src\components\index\IndexHeader.vue?vue&type=style&index=0&id=71e3f342&lang=scss&scoped=true&
<s> [webpack.Progress] 68% building 1280/1315 modules 35 active F:\springboot32e20828n\springboot32e20828n\src\main\resources\admin\node_modules\babel-runtime\node_modules\core-js\library\modules\_ctx.js
<s> [webpack.Progress] 68% building 1280/1316 modules 36 active F:\springboot32e20828n\springboot32e20828n\src\main\resources\admin\node_modules\babel-runtime\node_modules\core-js\library\modules\_to-integer.js
<s> [webpack.Progress] 68% building 1280/1317 modules 37 active F:\springboot32e20828n\springboot32e20828n\src\main\resources\admin\node_modules\babel-runtime\node_modules\core-js\library\modules\_add-to-unscopables.js
<s> [webpack.Progress] 68% building 1280/1318 modules 38 active F:\springboot32e20828n\springboot32e20828n\src\main\resources\admin\node_modules\babel-runtime\node_modules\core-js\library\modules\_iter-step.js
<s> [webpack.Progress] 68% building 1280/1319 modules 39 active F:\springboot32e20828n\springboot32e20828n\src\main\resources\admin\node_modules\babel-runtime\node_modules\core-js\library\modules\_defined.js
<s> [webpack.Progress] 68% building 1280/1320 modules 40 active F:\springboot32e20828n\springboot32e20828n\src\main\resources\admin\node_modules\babel-runtime\node_modules\core-js\library\modules\_object-gpo.js
<s> [webpack.Progress] 68% building 1280/1321 modules 41 active F:\springboot32e20828n\springboot32e20828n\src\main\resources\admin\node_modules\babel-runtime\node_modules\core-js\library\modules\_iter-create.js
<s> [webpack.Progress] 68% building 1281/1321 modules 40 active F:\springboot32e20828n\springboot32e20828n\src\main\resources\admin\node_modules\babel-runtime\node_modules\core-js\library\modules\_iter-create.js
<s> [webpack.Progress] 68% building 1282/1321 modules 39 active F:\springboot32e20828n\springboot32e20828n\src\main\resources\admin\node_modules\babel-runtime\node_modules\core-js\library\modules\_iter-create.js
<s> [webpack.Progress] 68% building 1283/1321 modules 38 active F:\springboot32e20828n\springboot32e20828n\src\main\resources\admin\node_modules\babel-runtime\node_modules\core-js\library\modules\_iter-create.js
<s> [webpack.Progress] 68% building 1284/1321 modules 37 active F:\springboot32e20828n\springboot32e20828n\src\main\resources\admin\node_modules\babel-runtime\node_modules\core-js\library\modules\_iter-create.js
<s> [webpack.Progress] 68% building 1285/1321 modules 36 active F:\springboot32e20828n\springboot32e20828n\src\main\resources\admin\node_modules\babel-runtime\node_modules\core-js\library\modules\_iter-create.js
<s> [webpack.Progress] 68% building 1286/1321 modules 35 active F:\springboot32e20828n\springboot32e20828n\src\main\resources\admin\node_modules\babel-runtime\node_modules\core-js\library\modules\_iter-create.js
<s> [webpack.Progress] 68% building 1287/1321 modules 34 active F:\springboot32e20828n\springboot32e20828n\src\main\resources\admin\node_modules\babel-runtime\node_modules\core-js\library\modules\_iter-create.js
<s> [webpack.Progress] 68% building 1288/1321 modules 33 active F:\springboot32e20828n\springboot32e20828n\src\main\resources\admin\node_modules\babel-runtime\node_modules\core-js\library\modules\_iter-create.js
<s> [webpack.Progress] 68% building 1289/1321 modules 32 active F:\springboot32e20828n\springboot32e20828n\src\main\resources\admin\node_modules\babel-runtime\node_modules\core-js\library\modules\_iter-create.js
<s> [webpack.Progress] 68% building 1290/1321 modules 31 active F:\springboot32e20828n\springboot32e20828n\src\main\resources\admin\node_modules\babel-runtime\node_modules\core-js\library\modules\_iter-create.js
<s> [webpack.Progress] 68% building 1291/1321 modules 30 active F:\springboot32e20828n\springboot32e20828n\src\main\resources\admin\node_modules\babel-runtime\node_modules\core-js\library\modules\_iter-create.js
<s> [webpack.Progress] 68% building 1292/1321 modules 29 active F:\springboot32e20828n\springboot32e20828n\src\main\resources\admin\node_modules\babel-runtime\node_modules\core-js\library\modules\_iter-create.js
<s> [webpack.Progress] 68% building 1293/1321 modules 28 active F:\springboot32e20828n\springboot32e20828n\src\main\resources\admin\node_modules\babel-runtime\node_modules\core-js\library\modules\_iter-create.js
<s> [webpack.Progress] 68% building 1294/1321 modules 27 active F:\springboot32e20828n\springboot32e20828n\src\main\resources\admin\node_modules\babel-runtime\node_modules\core-js\library\modules\_iter-create.js
<s> [webpack.Progress] 68% building 1295/1321 modules 26 active F:\springboot32e20828n\springboot32e20828n\src\main\resources\admin\node_modules\babel-runtime\node_modules\core-js\library\modules\_iter-create.js
<s> [webpack.Progress] 68% building 1296/1321 modules 25 active F:\springboot32e20828n\springboot32e20828n\src\main\resources\admin\node_modules\babel-runtime\node_modules\core-js\library\modules\_iter-create.js
<s> [webpack.Progress] 68% building 1297/1321 modules 24 active F:\springboot32e20828n\springboot32e20828n\src\main\resources\admin\node_modules\babel-runtime\node_modules\core-js\library\modules\_iter-create.js
<s> [webpack.Progress] 68% building 1298/1321 modules 23 active F:\springboot32e20828n\springboot32e20828n\src\main\resources\admin\node_modules\babel-runtime\node_modules\core-js\library\modules\_iter-create.js
<s> [webpack.Progress] 69% building 1299/1321 modules 22 active F:\springboot32e20828n\springboot32e20828n\src\main\resources\admin\node_modules\babel-runtime\node_modules\core-js\library\modules\_iter-create.js
<s> [webpack.Progress] 69% building 1300/1321 modules 21 active F:\springboot32e20828n\springboot32e20828n\src\main\resources\admin\node_modules\babel-runtime\node_modules\core-js\library\modules\_iter-create.js
<s> [webpack.Progress] 69% building 1301/1321 modules 20 active F:\springboot32e20828n\springboot32e20828n\src\main\resources\admin\node_modules\babel-runtime\node_modules\core-js\library\modules\_iter-create.js
<s> [webpack.Progress] 69% building 1302/1321 modules 19 active F:\springboot32e20828n\springboot32e20828n\src\main\resources\admin\node_modules\babel-runtime\node_modules\core-js\library\modules\_iter-create.js
<s> [webpack.Progress] 69% building 1303/1321 modules 18 active F:\springboot32e20828n\springboot32e20828n\src\main\resources\admin\node_modules\babel-runtime\node_modules\core-js\library\modules\_iter-create.js
<s> [webpack.Progress] 69% building 1304/1321 modules 17 active F:\springboot32e20828n\springboot32e20828n\src\main\resources\admin\node_modules\babel-runtime\node_modules\core-js\library\modules\_iter-create.js
<s> [webpack.Progress] 69% building 1305/1321 modules 16 active F:\springboot32e20828n\springboot32e20828n\src\main\resources\admin\node_modules\babel-runtime\node_modules\core-js\library\modules\_iter-create.js
<s> [webpack.Progress] 69% building 1306/1321 modules 15 active F:\springboot32e20828n\springboot32e20828n\src\main\resources\admin\node_modules\babel-runtime\node_modules\core-js\library\modules\_iter-create.js
<s> [webpack.Progress] 69% building 1307/1321 modules 14 active F:\springboot32e20828n\springboot32e20828n\src\main\resources\admin\node_modules\babel-runtime\node_modules\core-js\library\modules\_iter-create.js
<s> [webpack.Progress] 69% building 1307/1322 modules 15 active F:\springboot32e20828n\springboot32e20828n\src\main\resources\admin\node_modules\babel-runtime\node_modules\core-js\library\modules\_iobject.js
<s> [webpack.Progress] 69% building 1308/1322 modules 14 active F:\springboot32e20828n\springboot32e20828n\src\main\resources\admin\node_modules\babel-runtime\node_modules\core-js\library\modules\_iobject.js
<s> [webpack.Progress] 69% building 1309/1322 modules 13 active F:\springboot32e20828n\springboot32e20828n\src\main\resources\admin\node_modules\babel-runtime\node_modules\core-js\library\modules\_iobject.js
<s> [webpack.Progress] 69% building 1310/1322 modules 12 active F:\springboot32e20828n\springboot32e20828n\src\main\resources\admin\node_modules\babel-runtime\node_modules\core-js\library\modules\_iobject.js
<s> [webpack.Progress] 69% building 1311/1322 modules 11 active F:\springboot32e20828n\springboot32e20828n\src\main\resources\admin\node_modules\babel-runtime\node_modules\core-js\library\modules\_iobject.js
<s> [webpack.Progress] 69% building 1312/1322 modules 10 active F:\springboot32e20828n\springboot32e20828n\src\main\resources\admin\node_modules\babel-runtime\node_modules\core-js\library\modules\_iobject.js
<s> [webpack.Progress] 69% building 1313/1322 modules 9 active F:\springboot32e20828n\springboot32e20828n\src\main\resources\admin\node_modules\babel-runtime\node_modules\core-js\library\modules\_iobject.js
<s> [webpack.Progress] 69% building 1314/1322 modules 8 active F:\springboot32e20828n\springboot32e20828n\src\main\resources\admin\node_modules\babel-runtime\node_modules\core-js\library\modules\_iobject.js
<s> [webpack.Progress] 69% building 1315/1322 modules 7 active F:\springboot32e20828n\springboot32e20828n\src\main\resources\admin\node_modules\babel-runtime\node_modules\core-js\library\modules\_iobject.js
<s> [webpack.Progress] 69% building 1316/1322 modules 6 active F:\springboot32e20828n\springboot32e20828n\src\main\resources\admin\node_modules\babel-runtime\node_modules\core-js\library\modules\_iobject.js
<s> [webpack.Progress] 69% building 1316/1323 modules 7 active F:\springboot32e20828n\springboot32e20828n\src\main\resources\admin\node_modules\cache-loader\dist\cjs.js??ref--0-0!F:\springboot32e20828n\springboot32e20828n\src\main\resources\admin\node_modules\vue-loader\lib\index.js??vue-loader-options!F:\springboot32e20828n\springboot32e20828n\src\main\resources\admin\src\components\index\TagsView\index.vue
<s> [webpack.Progress] 69% building 1317/1323 modules 6 active F:\springboot32e20828n\springboot32e20828n\src\main\resources\admin\node_modules\cache-loader\dist\cjs.js??ref--0-0!F:\springboot32e20828n\springboot32e20828n\src\main\resources\admin\node_modules\vue-loader\lib\index.js??vue-loader-options!F:\springboot32e20828n\springboot32e20828n\src\main\resources\admin\src\components\index\TagsView\index.vue
<s> [webpack.Progress] 69% building 1318/1323 modules 5 active F:\springboot32e20828n\springboot32e20828n\src\main\resources\admin\node_modules\cache-loader\dist\cjs.js??ref--0-0!F:\springboot32e20828n\springboot32e20828n\src\main\resources\admin\node_modules\vue-loader\lib\index.js??vue-loader-options!F:\springboot32e20828n\springboot32e20828n\src\main\resources\admin\src\components\index\TagsView\index.vue
<s> [webpack.Progress] 69% building 1319/1323 modules 4 active F:\springboot32e20828n\springboot32e20828n\src\main\resources\admin\node_modules\cache-loader\dist\cjs.js??ref--0-0!F:\springboot32e20828n\springboot32e20828n\src\main\resources\admin\node_modules\vue-loader\lib\index.js??vue-loader-options!F:\springboot32e20828n\springboot32e20828n\src\main\resources\admin\src\components\index\TagsView\index.vue
<s> [webpack.Progress] 69% building 1320/1323 modules 3 active F:\springboot32e20828n\springboot32e20828n\src\main\resources\admin\node_modules\cache-loader\dist\cjs.js??ref--0-0!F:\springboot32e20828n\springboot32e20828n\src\main\resources\admin\node_modules\vue-loader\lib\index.js??vue-loader-options!F:\springboot32e20828n\springboot32e20828n\src\main\resources\admin\src\components\index\TagsView\index.vue
<s> [webpack.Progress] 69% building 1321/1323 modules 2 active F:\springboot32e20828n\springboot32e20828n\src\main\resources\admin\node_modules\cache-loader\dist\cjs.js??ref--0-0!F:\springboot32e20828n\springboot32e20828n\src\main\resources\admin\node_modules\vue-loader\lib\index.js??vue-loader-options!F:\springboot32e20828n\springboot32e20828n\src\main\resources\admin\src\components\index\TagsView\index.vue
<s> [webpack.Progress] 69% building 1321/1324 modules 3 active F:\springboot32e20828n\springboot32e20828n\src\main\resources\admin\node_modules\babel-runtime\node_modules\core-js\library\modules\_cof.js
<s> [webpack.Progress] 69% building 1321/1325 modules 4 active F:\springboot32e20828n\springboot32e20828n\src\main\resources\admin\node_modules\babel-runtime\node_modules\core-js\library\modules\_object-dps.js
<s> [webpack.Progress] 69% building 1321/1326 modules 5 active F:\springboot32e20828n\springboot32e20828n\src\main\resources\admin\node_modules\babel-runtime\node_modules\core-js\library\modules\_enum-bug-keys.js
<s> [webpack.Progress] 69% building 1321/1327 modules 6 active F:\springboot32e20828n\springboot32e20828n\src\main\resources\admin\node_modules\babel-runtime\node_modules\core-js\library\modules\_ie8-dom-define.js
<s> [webpack.Progress] 69% building 1321/1328 modules 7 active F:\springboot32e20828n\springboot32e20828n\src\main\resources\admin\node_modules\babel-runtime\node_modules\core-js\library\modules\_dom-create.js
<s> [webpack.Progress] 69% building 1321/1329 modules 8 active F:\springboot32e20828n\springboot32e20828n\src\main\resources\admin\node_modules\babel-runtime\node_modules\core-js\library\modules\_html.js
<s> [webpack.Progress] 69% building 1321/1330 modules 9 active F:\springboot32e20828n\springboot32e20828n\src\main\resources\admin\node_modules\babel-runtime\node_modules\core-js\library\modules\_object-keys-internal.js
<s> [webpack.Progress] 69% building 1321/1331 modules 10 active F:\springboot32e20828n\springboot32e20828n\src\main\resources\admin\node_modules\babel-runtime\node_modules\core-js\library\modules\_shared-key.js
<s> [webpack.Progress] 69% building 1321/1332 modules 11 active F:\springboot32e20828n\springboot32e20828n\src\main\resources\admin\node_modules\url-loader\dist\cjs.js??ref--1-0!F:\springboot32e20828n\springboot32e20828n\src\main\resources\admin\src\assets\img\avator.png
<s> [webpack.Progress] 69% building 1322/1332 modules 10 active F:\springboot32e20828n\springboot32e20828n\src\main\resources\admin\node_modules\url-loader\dist\cjs.js??ref--1-0!F:\springboot32e20828n\springboot32e20828n\src\main\resources\admin\src\assets\img\avator.png
<s> [webpack.Progress] 69% building 1323/1332 modules 9 active F:\springboot32e20828n\springboot32e20828n\src\main\resources\admin\node_modules\url-loader\dist\cjs.js??ref--1-0!F:\springboot32e20828n\springboot32e20828n\src\main\resources\admin\src\assets\img\avator.png
<s> [webpack.Progress] 69% building 1324/1332 modules 8 active F:\springboot32e20828n\springboot32e20828n\src\main\resources\admin\node_modules\url-loader\dist\cjs.js??ref--1-0!F:\springboot32e20828n\springboot32e20828n\src\main\resources\admin\src\assets\img\avator.png
<s> [webpack.Progress] 69% building 1324/1333 modules 9 active F:\springboot32e20828n\springboot32e20828n\src\main\resources\admin\node_modules\babel-runtime\node_modules\core-js\library\modules\_a-function.js
<s> [webpack.Progress] 69% building 1325/1333 modules 8 active F:\springboot32e20828n\springboot32e20828n\src\main\resources\admin\node_modules\babel-runtime\node_modules\core-js\library\modules\_a-function.js
<s> [webpack.Progress] 69% building 1326/1333 modules 7 active F:\springboot32e20828n\springboot32e20828n\src\main\resources\admin\node_modules\babel-runtime\node_modules\core-js\library\modules\_a-function.js
<s> [webpack.Progress] 69% building 1327/1333 modules 6 active F:\springboot32e20828n\springboot32e20828n\src\main\resources\admin\node_modules\babel-runtime\node_modules\core-js\library\modules\_a-function.js
<s> [webpack.Progress] 69% building 1328/1333 modules 5 active F:\springboot32e20828n\springboot32e20828n\src\main\resources\admin\node_modules\babel-runtime\node_modules\core-js\library\modules\_a-function.js
<s> [webpack.Progress] 69% building 1329/1333 modules 4 active F:\springboot32e20828n\springboot32e20828n\src\main\resources\admin\node_modules\babel-runtime\node_modules\core-js\library\modules\_a-function.js
<s> [webpack.Progress] 69% building 1330/1333 modules 3 active F:\springboot32e20828n\springboot32e20828n\src\main\resources\admin\node_modules\babel-runtime\node_modules\core-js\library\modules\_a-function.js
<s> [webpack.Progress] 69% building 1331/1333 modules 2 active F:\springboot32e20828n\springboot32e20828n\src\main\resources\admin\node_modules\babel-runtime\node_modules\core-js\library\modules\_a-function.js
<s> [webpack.Progress] 69% building 1332/1333 modules 1 active F:\springboot32e20828n\springboot32e20828n\src\main\resources\admin\node_modules\css-loader\dist\cjs.js??ref--8-oneOf-3-1!F:\springboot32e20828n\springboot32e20828n\src\main\resources\admin\node_modules\postcss-loader\src\index.js??ref--8-oneOf-3-2!F:\springboot32e20828n\springboot32e20828n\src\main\resources\admin\node_modules\sass-loader\dist\cjs.js??ref--8-oneOf-3-3!F:\springboot32e20828n\springboot32e20828n\src\main\resources\admin\src\assets\css\element-variables.scss
<s> [webpack.Progress] 69% building 1332/1334 modules 2 active F:\springboot32e20828n\springboot32e20828n\src\main\resources\admin\node_modules\vue-loader\lib\loaders\pitcher.js??ref--4!F:\springboot32e20828n\springboot32e20828n\src\main\resources\admin\node_modules\cache-loader\dist\cjs.js??ref--0-0!F:\springboot32e20828n\springboot32e20828n\src\main\resources\admin\node_modules\vue-loader\lib\index.js??vue-loader-options!F:\springboot32e20828n\springboot32e20828n\src\main\resources\admin\src\components\index\TagsView\index.vue?vue&type=template&id=2b3b3dee&scoped=true&
<s> [webpack.Progress] 69% building 1333/1334 modules 1 active F:\springboot32e20828n\springboot32e20828n\src\main\resources\admin\node_modules\css-loader\dist\cjs.js??ref--8-oneOf-3-1!F:\springboot32e20828n\springboot32e20828n\src\main\resources\admin\node_modules\postcss-loader\src\index.js??ref--8-oneOf-3-2!F:\springboot32e20828n\springboot32e20828n\src\main\resources\admin\node_modules\sass-loader\dist\cjs.js??ref--8-oneOf-3-3!F:\springboot32e20828n\springboot32e20828n\src\main\resources\admin\src\assets\css\element-variables.scss
<s> [webpack.Progress] 69% building 1333/1335 modules 2 active F:\springboot32e20828n\springboot32e20828n\src\main\resources\admin\node_modules\vue-loader\lib\loaders\pitcher.js??ref--4!F:\springboot32e20828n\springboot32e20828n\src\main\resources\admin\node_modules\cache-loader\dist\cjs.js??ref--12-0!F:\springboot32e20828n\springboot32e20828n\src\main\resources\admin\node_modules\babel-loader\lib\index.js!F:\springboot32e20828n\springboot32e20828n\src\main\resources\admin\node_modules\cache-loader\dist\cjs.js??ref--0-0!F:\springboot32e20828n\springboot32e20828n\src\main\resources\admin\node_modules\vue-loader\lib\index.js??vue-loader-options!F:\springboot32e20828n\springboot32e20828n\src\main\resources\admin\src\components\index\TagsView\index.vue?vue&type=script&lang=js&
<s> [webpack.Progress] 69% building 1334/1335 modules 1 active F:\springboot32e20828n\springboot32e20828n\src\main\resources\admin\node_modules\css-loader\dist\cjs.js??ref--8-oneOf-3-1!F:\springboot32e20828n\springboot32e20828n\src\main\resources\admin\node_modules\postcss-loader\src\index.js??ref--8-oneOf-3-2!F:\springboot32e20828n\springboot32e20828n\src\main\resources\admin\node_modules\sass-loader\dist\cjs.js??ref--8-oneOf-3-3!F:\springboot32e20828n\springboot32e20828n\src\main\resources\admin\src\assets\css\element-variables.scss
<s> [webpack.Progress] 69% building 1334/1336 modules 2 active F:\springboot32e20828n\springboot32e20828n\src\main\resources\admin\node_modules\vue-loader\lib\loaders\pitcher.js??ref--4!F:\springboot32e20828n\springboot32e20828n\src\main\resources\admin\node_modules\vue-style-loader\index.js??ref--8-oneOf-1-0!F:\springboot32e20828n\springboot32e20828n\src\main\resources\admin\node_modules\css-loader\dist\cjs.js??ref--8-oneOf-1-1!F:\springboot32e20828n\springboot32e20828n\src\main\resources\admin\node_modules\postcss-loader\src\index.js??ref--8-oneOf-1-2!F:\springboot32e20828n\springboot32e20828n\src\main\resources\admin\node_modules\sass-loader\dist\cjs.js??ref--8-oneOf-1-3!F:\springboot32e20828n\springboot32e20828n\src\main\resources\admin\node_modules\cache-loader\dist\cjs.js??ref--0-0!F:\springboot32e20828n\springboot32e20828n\src\main\resources\admin\node_modules\vue-loader\lib\index.js??vue-loader-options!F:\springboot32e20828n\springboot32e20828n\src\main\resources\admin\src\components\index\TagsView\index.vue?vue&type=style&index=0&id=2b3b3dee&lang=scss&scoped=true&
<s> [webpack.Progress] 69% building 1335/1336 modules 1 active F:\springboot32e20828n\springboot32e20828n\src\main\resources\admin\node_modules\css-loader\dist\cjs.js??ref--8-oneOf-3-1!F:\springboot32e20828n\springboot32e20828n\src\main\resources\admin\node_modules\postcss-loader\src\index.js??ref--8-oneOf-3-2!F:\springboot32e20828n\springboot32e20828n\src\main\resources\admin\node_modules\sass-loader\dist\cjs.js??ref--8-oneOf-3-3!F:\springboot32e20828n\springboot32e20828n\src\main\resources\admin\src\assets\css\element-variables.scss
<s> [webpack.Progress] 69% building 1335/1337 modules 2 active F:\springboot32e20828n\springboot32e20828n\src\main\resources\admin\node_modules\cache-loader\dist\cjs.js??ref--12-0!F:\springboot32e20828n\springboot32e20828n\src\main\resources\admin\node_modules\babel-loader\lib\index.js!F:\springboot32e20828n\springboot32e20828n\src\main\resources\admin\node_modules\cache-loader\dist\cjs.js??ref--0-0!F:\springboot32e20828n\springboot32e20828n\src\main\resources\admin\node_modules\vue-loader\lib\index.js??vue-loader-options!F:\springboot32e20828n\springboot32e20828n\src\main\resources\admin\src\components\index\TagsView\index.vue?vue&type=script&lang=js&
<s> [webpack.Progress] 69% building 1335/1338 modules 3 active F:\springboot32e20828n\springboot32e20828n\src\main\resources\admin\node_modules\cache-loader\dist\cjs.js?{"cacheDirectory":"node_modules/.cache/vue-loader","cacheIdentifier":"457e6f19-vue-loader-template"}!F:\springboot32e20828n\springboot32e20828n\src\main\resources\admin\node_modules\vue-loader\lib\loaders\templateLoader.js??vue-loader-options!F:\springboot32e20828n\springboot32e20828n\src\main\resources\admin\node_modules\cache-loader\dist\cjs.js??ref--0-0!F:\springboot32e20828n\springboot32e20828n\src\main\resources\admin\node_modules\vue-loader\lib\index.js??vue-loader-options!F:\springboot32e20828n\springboot32e20828n\src\main\resources\admin\src\components\index\TagsView\index.vue?vue&type=template&id=2b3b3dee&scoped=true&
<s> [webpack.Progress] 69% building 1335/1339 modules 4 active F:\springboot32e20828n\springboot32e20828n\src\main\resources\admin\node_modules\vue-style-loader\index.js??ref--8-oneOf-1-0!F:\springboot32e20828n\springboot32e20828n\src\main\resources\admin\node_modules\css-loader\dist\cjs.js??ref--8-oneOf-1-1!F:\springboot32e20828n\springboot32e20828n\src\main\resources\admin\node_modules\vue-loader\lib\loaders\stylePostLoader.js!F:\springboot32e20828n\springboot32e20828n\src\main\resources\admin\node_modules\postcss-loader\src\index.js??ref--8-oneOf-1-2!F:\springboot32e20828n\springboot32e20828n\src\main\resources\admin\node_modules\sass-loader\dist\cjs.js??ref--8-oneOf-1-3!F:\springboot32e20828n\springboot32e20828n\src\main\resources\admin\node_modules\cache-loader\dist\cjs.js??ref--0-0!F:\springboot32e20828n\springboot32e20828n\src\main\resources\admin\node_modules\vue-loader\lib\index.js??vue-loader-options!F:\springboot32e20828n\springboot32e20828n\src\main\resources\admin\src\components\index\TagsView\index.vue?vue&type=style&index=0&id=2b3b3dee&lang=scss&scoped=true&
<s> [webpack.Progress] 69% building 1336/1339 modules 3 active F:\springboot32e20828n\springboot32e20828n\src\main\resources\admin\node_modules\cache-loader\dist\cjs.js?{"cacheDirectory":"node_modules/.cache/vue-loader","cacheIdentifier":"457e6f19-vue-loader-template"}!F:\springboot32e20828n\springboot32e20828n\src\main\resources\admin\node_modules\vue-loader\lib\loaders\templateLoader.js??vue-loader-options!F:\springboot32e20828n\springboot32e20828n\src\main\resources\admin\node_modules\cache-loader\dist\cjs.js??ref--0-0!F:\springboot32e20828n\springboot32e20828n\src\main\resources\admin\node_modules\vue-loader\lib\index.js??vue-loader-options!F:\springboot32e20828n\springboot32e20828n\src\main\resources\admin\src\components\index\TagsView\index.vue?vue&type=template&id=2b3b3dee&scoped=true&
<s> [webpack.Progress] 69% building 1336/1340 modules 4 active F:\springboot32e20828n\springboot32e20828n\src\main\resources\admin\node_modules\css-loader\dist\cjs.js??ref--8-oneOf-1-1!F:\springboot32e20828n\springboot32e20828n\src\main\resources\admin\node_modules\vue-loader\lib\loaders\stylePostLoader.js!F:\springboot32e20828n\springboot32e20828n\src\main\resources\admin\node_modules\postcss-loader\src\index.js??ref--8-oneOf-1-2!F:\springboot32e20828n\springboot32e20828n\src\main\resources\admin\node_modules\sass-loader\dist\cjs.js??ref--8-oneOf-1-3!F:\springboot32e20828n\springboot32e20828n\src\main\resources\admin\node_modules\cache-loader\dist\cjs.js??ref--0-0!F:\springboot32e20828n\springboot32e20828n\src\main\resources\admin\node_modules\vue-loader\lib\index.js??vue-loader-options!F:\springboot32e20828n\springboot32e20828n\src\main\resources\admin\src\components\index\TagsView\index.vue?vue&type=style&index=0&id=2b3b3dee&lang=scss&scoped=true&
<s> [webpack.Progress] 69% building 1336/1341 modules 5 active F:\springboot32e20828n\springboot32e20828n\src\main\resources\admin\node_modules\babel-runtime\node_modules\core-js\library\modules\_array-includes.js
<s> [webpack.Progress] 69% building 1337/1341 modules 4 active F:\springboot32e20828n\springboot32e20828n\src\main\resources\admin\node_modules\babel-runtime\node_modules\core-js\library\modules\_array-includes.js
<s> [webpack.Progress] 69% building 1338/1341 modules 3 active F:\springboot32e20828n\springboot32e20828n\src\main\resources\admin\node_modules\cache-loader\dist\cjs.js?{"cacheDirectory":"node_modules/.cache/vue-loader","cacheIdentifier":"457e6f19-vue-loader-template"}!F:\springboot32e20828n\springboot32e20828n\src\main\resources\admin\node_modules\vue-loader\lib\loaders\templateLoader.js??vue-loader-options!F:\springboot32e20828n\springboot32e20828n\src\main\resources\admin\node_modules\cache-loader\dist\cjs.js??ref--0-0!F:\springboot32e20828n\springboot32e20828n\src\main\resources\admin\node_modules\vue-loader\lib\index.js??vue-loader-options!F:\springboot32e20828n\springboot32e20828n\src\main\resources\admin\src\components\index\TagsView\index.vue?vue&type=template&id=2b3b3dee&scoped=true&
<s> [webpack.Progress] 69% building 1339/1341 modules 2 active F:\springboot32e20828n\springboot32e20828n\src\main\resources\admin\node_modules\cache-loader\dist\cjs.js?{"cacheDirectory":"node_modules/.cache/vue-loader","cacheIdentifier":"457e6f19-vue-loader-template"}!F:\springboot32e20828n\springboot32e20828n\src\main\resources\admin\node_modules\vue-loader\lib\loaders\templateLoader.js??vue-loader-options!F:\springboot32e20828n\springboot32e20828n\src\main\resources\admin\node_modules\cache-loader\dist\cjs.js??ref--0-0!F:\springboot32e20828n\springboot32e20828n\src\main\resources\admin\node_modules\vue-loader\lib\index.js??vue-loader-options!F:\springboot32e20828n\springboot32e20828n\src\main\resources\admin\src\components\index\TagsView\index.vue?vue&type=template&id=2b3b3dee&scoped=true&
<s> [webpack.Progress] 69% building 1340/1341 modules 1 active F:\springboot32e20828n\springboot32e20828n\src\main\resources\admin\node_modules\css-loader\dist\cjs.js??ref--8-oneOf-3-1!F:\springboot32e20828n\springboot32e20828n\src\main\resources\admin\node_modules\postcss-loader\src\index.js??ref--8-oneOf-3-2!F:\springboot32e20828n\springboot32e20828n\src\main\resources\admin\node_modules\sass-loader\dist\cjs.js??ref--8-oneOf-3-3!F:\springboot32e20828n\springboot32e20828n\src\main\resources\admin\src\assets\css\element-variables.scss
<s> [webpack.Progress] 69% building 1340/1342 modules 2 active F:\springboot32e20828n\springboot32e20828n\src\main\resources\admin\node_modules\babel-runtime\node_modules\core-js\library\modules\_to-length.js
<s> [webpack.Progress] 69% building 1340/1343 modules 3 active F:\springboot32e20828n\springboot32e20828n\src\main\resources\admin\node_modules\cache-loader\dist\cjs.js??ref--12-0!F:\springboot32e20828n\springboot32e20828n\src\main\resources\admin\node_modules\babel-loader\lib\index.js!F:\springboot32e20828n\springboot32e20828n\src\main\resources\admin\node_modules\@babel\runtime\helpers\esm\defineProperty.js
<s> [webpack.Progress] 69% building 1340/1344 modules 4 active F:\springboot32e20828n\springboot32e20828n\src\main\resources\admin\node_modules\babel-runtime\node_modules\core-js\library\modules\_to-absolute-index.js
<s> [webpack.Progress] 69% building 1340/1345 modules 5 active F:\springboot32e20828n\springboot32e20828n\src\main\resources\admin\node_modules\core-js\modules\es.object.get-own-property-descriptor.js
<s> [webpack.Progress] 69% building 1340/1346 modules 6 active F:\springboot32e20828n\springboot32e20828n\src\main\resources\admin\node_modules\core-js\modules\es.object.get-own-property-descriptors.js
<s> [webpack.Progress] 69% building 1341/1346 modules 5 active F:\springboot32e20828n\springboot32e20828n\src\main\resources\admin\node_modules\core-js\modules\es.object.get-own-property-descriptors.js
<s> [webpack.Progress] 69% building 1342/1346 modules 4 active F:\springboot32e20828n\springboot32e20828n\src\main\resources\admin\node_modules\core-js\modules\es.object.get-own-property-descriptors.js
<s> [webpack.Progress] 69% building 1343/1346 modules 3 active F:\springboot32e20828n\springboot32e20828n\src\main\resources\admin\node_modules\core-js\modules\es.object.get-own-property-descriptors.js
<s> [webpack.Progress] 69% building 1344/1346 modules 2 active F:\springboot32e20828n\springboot32e20828n\src\main\resources\admin\node_modules\cache-loader\dist\cjs.js??ref--12-0!F:\springboot32e20828n\springboot32e20828n\src\main\resources\admin\node_modules\babel-loader\lib\index.js!F:\springboot32e20828n\springboot32e20828n\src\main\resources\admin\node_modules\@babel\runtime\helpers\esm\defineProperty.js
<s> [webpack.Progress] 69% building 1344/1347 modules 3 active F:\springboot32e20828n\springboot32e20828n\src\main\resources\admin\node_modules\cache-loader\dist\cjs.js??ref--0-0!F:\springboot32e20828n\springboot32e20828n\src\main\resources\admin\node_modules\vue-loader\lib\index.js??vue-loader-options!F:\springboot32e20828n\springboot32e20828n\src\main\resources\admin\src\components\index\TagsView\ScrollPane.vue
<s> [webpack.Progress] 69% building 1345/1347 modules 2 active F:\springboot32e20828n\springboot32e20828n\src\main\resources\admin\node_modules\cache-loader\dist\cjs.js??ref--0-0!F:\springboot32e20828n\springboot32e20828n\src\main\resources\admin\node_modules\vue-loader\lib\index.js??vue-loader-options!F:\springboot32e20828n\springboot32e20828n\src\main\resources\admin\src\components\index\TagsView\ScrollPane.vue
<s> [webpack.Progress] 69% building 1346/1347 modules 1 active F:\springboot32e20828n\springboot32e20828n\src\main\resources\admin\node_modules\css-loader\dist\cjs.js??ref--8-oneOf-3-1!F:\springboot32e20828n\springboot32e20828n\src\main\resources\admin\node_modules\postcss-loader\src\index.js??ref--8-oneOf-3-2!F:\springboot32e20828n\springboot32e20828n\src\main\resources\admin\node_modules\sass-loader\dist\cjs.js??ref--8-oneOf-3-3!F:\springboot32e20828n\springboot32e20828n\src\main\resources\admin\src\assets\css\element-variables.scss
<s> [webpack.Progress] 69% building 1346/1348 modules 2 active F:\springboot32e20828n\springboot32e20828n\src\main\resources\admin\node_modules\vue-loader\lib\loaders\pitcher.js??ref--4!F:\springboot32e20828n\springboot32e20828n\src\main\resources\admin\node_modules\cache-loader\dist\cjs.js??ref--0-0!F:\springboot32e20828n\springboot32e20828n\src\main\resources\admin\node_modules\vue-loader\lib\index.js??vue-loader-options!F:\springboot32e20828n\springboot32e20828n\src\main\resources\admin\src\components\index\TagsView\ScrollPane.vue?vue&type=template&id=3fd8d9ee&scoped=true&
<s> [webpack.Progress] 69% building 1347/1348 modules 1 active F:\springboot32e20828n\springboot32e20828n\src\main\resources\admin\node_modules\css-loader\dist\cjs.js??ref--8-oneOf-3-1!F:\springboot32e20828n\springboot32e20828n\src\main\resources\admin\node_modules\postcss-loader\src\index.js??ref--8-oneOf-3-2!F:\springboot32e20828n\springboot32e20828n\src\main\resources\admin\node_modules\sass-loader\dist\cjs.js??ref--8-oneOf-3-3!F:\springboot32e20828n\springboot32e20828n\src\main\resources\admin\src\assets\css\element-variables.scss
<s> [webpack.Progress] 69% building 1347/1349 modules 2 active F:\springboot32e20828n\springboot32e20828n\src\main\resources\admin\node_modules\vue-loader\lib\loaders\pitcher.js??ref--4!F:\springboot32e20828n\springboot32e20828n\src\main\resources\admin\node_modules\cache-loader\dist\cjs.js??ref--12-0!F:\springboot32e20828n\springboot32e20828n\src\main\resources\admin\node_modules\babel-loader\lib\index.js!F:\springboot32e20828n\springboot32e20828n\src\main\resources\admin\node_modules\cache-loader\dist\cjs.js??ref--0-0!F:\springboot32e20828n\springboot32e20828n\src\main\resources\admin\node_modules\vue-loader\lib\index.js??vue-loader-options!F:\springboot32e20828n\springboot32e20828n\src\main\resources\admin\src\components\index\TagsView\ScrollPane.vue?vue&type=script&lang=js&
<s> [webpack.Progress] 69% building 1348/1349 modules 1 active F:\springboot32e20828n\springboot32e20828n\src\main\resources\admin\node_modules\css-loader\dist\cjs.js??ref--8-oneOf-3-1!F:\springboot32e20828n\springboot32e20828n\src\main\resources\admin\node_modules\postcss-loader\src\index.js??ref--8-oneOf-3-2!F:\springboot32e20828n\springboot32e20828n\src\main\resources\admin\node_modules\sass-loader\dist\cjs.js??ref--8-oneOf-3-3!F:\springboot32e20828n\springboot32e20828n\src\main\resources\admin\src\assets\css\element-variables.scss
<s> [webpack.Progress] 69% building 1348/1350 modules 2 active F:\springboot32e20828n\springboot32e20828n\src\main\resources\admin\node_modules\vue-loader\lib\loaders\pitcher.js??ref--4!F:\springboot32e20828n\springboot32e20828n\src\main\resources\admin\node_modules\vue-style-loader\index.js??ref--8-oneOf-1-0!F:\springboot32e20828n\springboot32e20828n\src\main\resources\admin\node_modules\css-loader\dist\cjs.js??ref--8-oneOf-1-1!F:\springboot32e20828n\springboot32e20828n\src\main\resources\admin\node_modules\postcss-loader\src\index.js??ref--8-oneOf-1-2!F:\springboot32e20828n\springboot32e20828n\src\main\resources\admin\node_modules\sass-loader\dist\cjs.js??ref--8-oneOf-1-3!F:\springboot32e20828n\springboot32e20828n\src\main\resources\admin\node_modules\cache-loader\dist\cjs.js??ref--0-0!F:\springboot32e20828n\springboot32e20828n\src\main\resources\admin\node_modules\vue-loader\lib\index.js??vue-loader-options!F:\springboot32e20828n\springboot32e20828n\src\main\resources\admin\src\components\index\TagsView\ScrollPane.vue?vue&type=style&index=0&id=3fd8d9ee&lang=scss&scoped=true&
<s> [webpack.Progress] 69% building 1349/1350 modules 1 active F:\springboot32e20828n\springboot32e20828n\src\main\resources\admin\node_modules\css-loader\dist\cjs.js??ref--8-oneOf-3-1!F:\springboot32e20828n\springboot32e20828n\src\main\resources\admin\node_modules\postcss-loader\src\index.js??ref--8-oneOf-3-2!F:\springboot32e20828n\springboot32e20828n\src\main\resources\admin\node_modules\sass-loader\dist\cjs.js??ref--8-oneOf-3-3!F:\springboot32e20828n\springboot32e20828n\src\main\resources\admin\src\assets\css\element-variables.scss
<s> [webpack.Progress] 69% building 1349/1351 modules 2 active F:\springboot32e20828n\springboot32e20828n\src\main\resources\admin\node_modules\cache-loader\dist\cjs.js?{"cacheDirectory":"node_modules/.cache/vue-loader","cacheIdentifier":"457e6f19-vue-loader-template"}!F:\springboot32e20828n\springboot32e20828n\src\main\resources\admin\node_modules\vue-loader\lib\loaders\templateLoader.js??vue-loader-options!F:\springboot32e20828n\springboot32e20828n\src\main\resources\admin\node_modules\cache-loader\dist\cjs.js??ref--0-0!F:\springboot32e20828n\springboot32e20828n\src\main\resources\admin\node_modules\vue-loader\lib\index.js??vue-loader-options!F:\springboot32e20828n\springboot32e20828n\src\main\resources\admin\src\components\index\TagsView\ScrollPane.vue?vue&type=template&id=3fd8d9ee&scoped=true&
<s> [webpack.Progress] 69% building 1349/1352 modules 3 active F:\springboot32e20828n\springboot32e20828n\src\main\resources\admin\node_modules\cache-loader\dist\cjs.js??ref--12-0!F:\springboot32e20828n\springboot32e20828n\src\main\resources\admin\node_modules\babel-loader\lib\index.js!F:\springboot32e20828n\springboot32e20828n\src\main\resources\admin\node_modules\cache-loader\dist\cjs.js??ref--0-0!F:\springboot32e20828n\springboot32e20828n\src\main\resources\admin\node_modules\vue-loader\lib\index.js??vue-loader-options!F:\springboot32e20828n\springboot32e20828n\src\main\resources\admin\src\components\index\TagsView\ScrollPane.vue?vue&type=script&lang=js&
<s> [webpack.Progress] 69% building 1349/1353 modules 4 active F:\springboot32e20828n\springboot32e20828n\src\main\resources\admin\node_modules\vue-style-loader\index.js??ref--8-oneOf-1-0!F:\springboot32e20828n\springboot32e20828n\src\main\resources\admin\node_modules\css-loader\dist\cjs.js??ref--8-oneOf-1-1!F:\springboot32e20828n\springboot32e20828n\src\main\resources\admin\node_modules\vue-loader\lib\loaders\stylePostLoader.js!F:\springboot32e20828n\springboot32e20828n\src\main\resources\admin\node_modules\postcss-loader\src\index.js??ref--8-oneOf-1-2!F:\springboot32e20828n\springboot32e20828n\src\main\resources\admin\node_modules\sass-loader\dist\cjs.js??ref--8-oneOf-1-3!F:\springboot32e20828n\springboot32e20828n\src\main\resources\admin\node_modules\cache-loader\dist\cjs.js??ref--0-0!F:\springboot32e20828n\springboot32e20828n\src\main\resources\admin\node_modules\vue-loader\lib\index.js??vue-loader-options!F:\springboot32e20828n\springboot32e20828n\src\main\resources\admin\src\components\index\TagsView\ScrollPane.vue?vue&type=style&index=0&id=3fd8d9ee&lang=scss&scoped=true&
<s> [webpack.Progress] 69% building 1350/1353 modules 3 active F:\springboot32e20828n\springboot32e20828n\src\main\resources\admin\node_modules\cache-loader\dist\cjs.js??ref--12-0!F:\springboot32e20828n\springboot32e20828n\src\main\resources\admin\node_modules\babel-loader\lib\index.js!F:\springboot32e20828n\springboot32e20828n\src\main\resources\admin\node_modules\cache-loader\dist\cjs.js??ref--0-0!F:\springboot32e20828n\springboot32e20828n\src\main\resources\admin\node_modules\vue-loader\lib\index.js??vue-loader-options!F:\springboot32e20828n\springboot32e20828n\src\main\resources\admin\src\components\index\TagsView\ScrollPane.vue?vue&type=script&lang=js&
<s> [webpack.Progress] 69% building 1350/1354 modules 4 active F:\springboot32e20828n\springboot32e20828n\src\main\resources\admin\node_modules\css-loader\dist\cjs.js??ref--8-oneOf-1-1!F:\springboot32e20828n\springboot32e20828n\src\main\resources\admin\node_modules\vue-loader\lib\loaders\stylePostLoader.js!F:\springboot32e20828n\springboot32e20828n\src\main\resources\admin\node_modules\postcss-loader\src\index.js??ref--8-oneOf-1-2!F:\springboot32e20828n\springboot32e20828n\src\main\resources\admin\node_modules\sass-loader\dist\cjs.js??ref--8-oneOf-1-3!F:\springboot32e20828n\springboot32e20828n\src\main\resources\admin\node_modules\cache-loader\dist\cjs.js??ref--0-0!F:\springboot32e20828n\springboot32e20828n\src\main\resources\admin\node_modules\vue-loader\lib\index.js??vue-loader-options!F:\springboot32e20828n\springboot32e20828n\src\main\resources\admin\src\components\index\TagsView\ScrollPane.vue?vue&type=style&index=0&id=3fd8d9ee&lang=scss&scoped=true&
<s> [webpack.Progress] 69% building 1351/1354 modules 3 active F:\springboot32e20828n\springboot32e20828n\src\main\resources\admin\node_modules\cache-loader\dist\cjs.js??ref--12-0!F:\springboot32e20828n\springboot32e20828n\src\main\resources\admin\node_modules\babel-loader\lib\index.js!F:\springboot32e20828n\springboot32e20828n\src\main\resources\admin\node_modules\cache-loader\dist\cjs.js??ref--0-0!F:\springboot32e20828n\springboot32e20828n\src\main\resources\admin\node_modules\vue-loader\lib\index.js??vue-loader-options!F:\springboot32e20828n\springboot32e20828n\src\main\resources\admin\src\components\index\TagsView\ScrollPane.vue?vue&type=script&lang=js&
<s> [webpack.Progress] 69% building 1352/1354 modules 2 active F:\springboot32e20828n\springboot32e20828n\src\main\resources\admin\node_modules\cache-loader\dist\cjs.js??ref--12-0!F:\springboot32e20828n\springboot32e20828n\src\main\resources\admin\node_modules\babel-loader\lib\index.js!F:\springboot32e20828n\springboot32e20828n\src\main\resources\admin\node_modules\cache-loader\dist\cjs.js??ref--0-0!F:\springboot32e20828n\springboot32e20828n\src\main\resources\admin\node_modules\vue-loader\lib\index.js??vue-loader-options!F:\springboot32e20828n\springboot32e20828n\src\main\resources\admin\src\components\index\TagsView\ScrollPane.vue?vue&type=script&lang=js&
<s> [webpack.Progress] 69% building 1353/1354 modules 1 active F:\springboot32e20828n\springboot32e20828n\src\main\resources\admin\node_modules\css-loader\dist\cjs.js??ref--8-oneOf-3-1!F:\springboot32e20828n\springboot32e20828n\src\main\resources\admin\node_modules\postcss-loader\src\index.js??ref--8-oneOf-3-2!F:\springboot32e20828n\springboot32e20828n\src\main\resources\admin\node_modules\sass-loader\dist\cjs.js??ref--8-oneOf-3-3!F:\springboot32e20828n\springboot32e20828n\src\main\resources\admin\src\assets\css\element-variables.scss
<s> [webpack.Progress] 69% building 1353/1355 modules 2 active F:\springboot32e20828n\springboot32e20828n\src\main\resources\admin\node_modules\core-js\modules\es.array.find-index.js
<s> [webpack.Progress] 69% building 1354/1355 modules 1 active F:\springboot32e20828n\springboot32e20828n\src\main\resources\admin\node_modules\css-loader\dist\cjs.js??ref--8-oneOf-3-1!F:\springboot32e20828n\springboot32e20828n\src\main\resources\admin\node_modules\postcss-loader\src\index.js??ref--8-oneOf-3-2!F:\springboot32e20828n\springboot32e20828n\src\main\resources\admin\node_modules\sass-loader\dist\cjs.js??ref--8-oneOf-3-3!F:\springboot32e20828n\springboot32e20828n\src\main\resources\admin\src\assets\css\element-variables.scss
<s> [webpack.Progress] 70% building 1355/1355 modules 0 active 
<s> [webpack.Progress] 69% building 1355/1356 modules 1 active F:\springboot32e20828n\springboot32e20828n\src\main\resources\admin\node_modules\css-loader\dist\runtime\getUrl.js
<s> [webpack.Progress] 70% building 1356/1356 modules 0 active 
<s> [webpack.Progress] 69% building 1356/1357 modules 1 active F:\springboot32e20828n\springboot32e20828n\src\main\resources\admin\node_modules\url-loader\dist\cjs.js??ref--4-0!F:\springboot32e20828n\springboot32e20828n\src\main\resources\admin\node_modules\element-ui\lib\theme-chalk\fonts\element-icons.woff
<s> [webpack.Progress] 69% building 1356/1358 modules 2 active F:\springboot32e20828n\springboot32e20828n\src\main\resources\admin\node_modules\url-loader\dist\cjs.js??ref--4-0!F:\springboot32e20828n\springboot32e20828n\src\main\resources\admin\node_modules\element-ui\lib\theme-chalk\fonts\element-icons.ttf
<s> [webpack.Progress] 69% building 1357/1358 modules 1 active F:\springboot32e20828n\springboot32e20828n\src\main\resources\admin\node_modules\url-loader\dist\cjs.js??ref--4-0!F:\springboot32e20828n\springboot32e20828n\src\main\resources\admin\node_modules\element-ui\lib\theme-chalk\fonts\element-icons.ttf
<s> [webpack.Progress] 70% building 1358/1358 modules 0 active 
<s> [webpack.Progress] 70% building 1358/1358 modules 0 active 
<s> [webpack.Progress] 70% finish module graph
<s> [webpack.Progress] 70% finish module graph FlagDependencyExportsPlugin
<s> [webpack.Progress] 70% sealing
<s> [webpack.Progress] 70% sealing WarnCaseSensitiveModulesPlugin
<s> [webpack.Progress] 72% basic dependencies optimization
<s> [webpack.Progress] 72% dependencies optimization
<s> [webpack.Progress] 73% advanced dependencies optimization
<s> [webpack.Progress] 73% after dependencies optimization
<s> [webpack.Progress] 71% chunk graph
<s> [webpack.Progress] 71% after chunk graph
<s> [webpack.Progress] 71% after chunk graph WebAssemblyModulesPlugin
<s> [webpack.Progress] 74% optimizing
<s> [webpack.Progress] 74% basic module optimization
<s> [webpack.Progress] 75% module optimization
<s> [webpack.Progress] 75% advanced module optimization
<s> [webpack.Progress] 76% after module optimization
<s> [webpack.Progress] 76% basic chunk optimization
<s> [webpack.Progress] 76% basic chunk optimization EnsureChunkConditionsPlugin
<s> [webpack.Progress] 76% basic chunk optimization RemoveEmptyChunksPlugin
<s> [webpack.Progress] 76% basic chunk optimization MergeDuplicateChunksPlugin
<s> [webpack.Progress] 77% chunk optimization
<s> [webpack.Progress] 77% advanced chunk optimization
<s> [webpack.Progress] 77% advanced chunk optimization SplitChunksPlugin
<s> [webpack.Progress] 77% advanced chunk optimization RemoveEmptyChunksPlugin
<s> [webpack.Progress] 77% after chunk optimization
<s> [webpack.Progress] 78% module and chunk tree optimization
<s> [webpack.Progress] 78% after module and chunk tree optimization
<s> [webpack.Progress] 79% basic chunk modules optimization
<s> [webpack.Progress] 80% chunk modules optimization
<s> [webpack.Progress] 80% advanced chunk modules optimization
<s> [webpack.Progress] 81% after chunk modules optimization
<s> [webpack.Progress] 81% module reviving
<s> [webpack.Progress] 81% module reviving RecordIdsPlugin
<s> [webpack.Progress] 82% module order optimization
<s> [webpack.Progress] 82% advanced module order optimization
<s> [webpack.Progress] 83% before module ids
<s> [webpack.Progress] 83% before module ids NamedModulesPlugin
<s> [webpack.Progress] 83% module ids
<s> [webpack.Progress] 84% module id optimization
<s> [webpack.Progress] 84% module id optimization
<s> [webpack.Progress] 85% chunk reviving
<s> [webpack.Progress] 85% chunk reviving RecordIdsPlugin
<s> [webpack.Progress] 85% chunk order optimization
<s> [webpack.Progress] 85% chunk order optimization OccurrenceOrderChunkIdsPlugin
<s> [webpack.Progress] 86% before chunk ids
<s> [webpack.Progress] 86% before chunk ids NamedChunksPlugin
<s> [webpack.Progress] 86% chunk id optimization
<s> [webpack.Progress] 87% after chunk id optimization
<s> [webpack.Progress] 87% record modules
<s> [webpack.Progress] 87% record modules RecordIdsPlugin
<s> [webpack.Progress] 87% record chunks
<s> [webpack.Progress] 87% record chunks RecordIdsPlugin
<s> [webpack.Progress] 88% hashing
<s> [webpack.Progress] 88% after hashing
<s> [webpack.Progress] 88% after hashing HotModuleReplacementPlugin
<s> [webpack.Progress] 89% record hash
<s> [webpack.Progress] 89% module assets processing
<s> [webpack.Progress] 90% chunk assets processing
<s> [webpack.Progress] 90% additional chunk assets processing
<s> [webpack.Progress] 90% additional chunk assets processing HotModuleReplacementPlugin
<s> [webpack.Progress] 91% recording
<s> [webpack.Progress] 91% recording HotModuleReplacementPlugin
<s> [webpack.Progress] 92% additional asset processing
<s> [webpack.Progress] 92% chunk asset optimization
<s> [webpack.Progress] 93% after chunk asset optimization
<s> [webpack.Progress] 93% asset optimization
<s> [webpack.Progress] 94% after asset optimization
<s> [webpack.Progress] 94% after seal
<s> [webpack.Progress] 95% emitting
<s> [webpack.Progress] 95% emitting HtmlWebpackPlugin
<s> [webpack.Progress] 95% emitting CopyPlugin
<s> [webpack.Progress] 95% emitting AutoDllPlugin
<s> [webpack.Progress] 98% after emitting
<s> [webpack.Progress] 98% after emitting CopyPlugin
<s> [webpack.Progress] 100% 

<s> [webpack.Progress] 0% compiling
<s> [webpack.Progress] 10% building 0/0 modules 0 active 
<s> [webpack.Progress] 10% building 0/0 modules 0 active 
<s> [webpack.Progress] 40% building 0/0 modules 0 active 
<s> [webpack.Progress] 70% building 0/0 modules 0 active 
<s> [webpack.Progress] 70% finish module graph
<s> [webpack.Progress] 70% finish module graph FlagDependencyExportsPlugin
<s> [webpack.Progress] 70% sealing
<s> [webpack.Progress] 70% sealing WarnCaseSensitiveModulesPlugin
<s> [webpack.Progress] 72% basic dependencies optimization
<s> [webpack.Progress] 72% dependencies optimization
<s> [webpack.Progress] 73% advanced dependencies optimization
<s> [webpack.Progress] 73% after dependencies optimization
<s> [webpack.Progress] 71% chunk graph
<s> [webpack.Progress] 71% after chunk graph
<s> [webpack.Progress] 71% after chunk graph WebAssemblyModulesPlugin
<s> [webpack.Progress] 74% optimizing
<s> [webpack.Progress] 74% basic module optimization
<s> [webpack.Progress] 75% module optimization
<s> [webpack.Progress] 75% advanced module optimization
<s> [webpack.Progress] 76% after module optimization
<s> [webpack.Progress] 76% basic chunk optimization
<s> [webpack.Progress] 76% basic chunk optimization EnsureChunkConditionsPlugin
<s> [webpack.Progress] 76% basic chunk optimization RemoveEmptyChunksPlugin
<s> [webpack.Progress] 76% basic chunk optimization MergeDuplicateChunksPlugin
<s> [webpack.Progress] 77% chunk optimization
<s> [webpack.Progress] 77% advanced chunk optimization
<s> [webpack.Progress] 77% advanced chunk optimization SplitChunksPlugin
<s> [webpack.Progress] 77% advanced chunk optimization RemoveEmptyChunksPlugin
<s> [webpack.Progress] 77% after chunk optimization
<s> [webpack.Progress] 78% module and chunk tree optimization
<s> [webpack.Progress] 78% after module and chunk tree optimization
<s> [webpack.Progress] 79% basic chunk modules optimization
<s> [webpack.Progress] 80% chunk modules optimization
<s> [webpack.Progress] 80% advanced chunk modules optimization
<s> [webpack.Progress] 81% after chunk modules optimization
<s> [webpack.Progress] 81% module reviving
<s> [webpack.Progress] 81% module reviving RecordIdsPlugin
<s> [webpack.Progress] 82% module order optimization
<s> [webpack.Progress] 82% advanced module order optimization
<s> [webpack.Progress] 83% before module ids
<s> [webpack.Progress] 83% before module ids NamedModulesPlugin
<s> [webpack.Progress] 83% module ids
<s> [webpack.Progress] 84% module id optimization
<s> [webpack.Progress] 84% module id optimization
<s> [webpack.Progress] 85% chunk reviving
<s> [webpack.Progress] 85% chunk reviving RecordIdsPlugin
<s> [webpack.Progress] 85% chunk order optimization
<s> [webpack.Progress] 85% chunk order optimization OccurrenceOrderChunkIdsPlugin
<s> [webpack.Progress] 86% before chunk ids
<s> [webpack.Progress] 86% before chunk ids NamedChunksPlugin
<s> [webpack.Progress] 86% chunk id optimization
<s> [webpack.Progress] 87% after chunk id optimization
<s> [webpack.Progress] 87% record modules
<s> [webpack.Progress] 87% record modules RecordIdsPlugin
<s> [webpack.Progress] 87% record chunks
<s> [webpack.Progress] 87% record chunks RecordIdsPlugin
<s> [webpack.Progress] 88% hashing
<s> [webpack.Progress] 88% after hashing
<s> [webpack.Progress] 88% after hashing HotModuleReplacementPlugin
<s> [webpack.Progress] 89% record hash
<s> [webpack.Progress] 89% module assets processing
<s> [webpack.Progress] 90% chunk assets processing
<s> [webpack.Progress] 90% additional chunk assets processing
<s> [webpack.Progress] 90% additional chunk assets processing HotModuleReplacementPlugin
<s> [webpack.Progress] 91% recording
<s> [webpack.Progress] 91% recording HotModuleReplacementPlugin
<s> [webpack.Progress] 92% additional asset processing
<s> [webpack.Progress] 92% chunk asset optimization
<s> [webpack.Progress] 93% after chunk asset optimization
<s> [webpack.Progress] 93% asset optimization
<s> [webpack.Progress] 94% after asset optimization
<s> [webpack.Progress] 94% after seal
<s> [webpack.Progress] 95% emitting
<s> [webpack.Progress] 95% emitting HtmlWebpackPlugin
<s> [webpack.Progress] 95% emitting CopyPlugin
<s> [webpack.Progress] 95% emitting AutoDllPlugin
<s> [webpack.Progress] 98% after emitting
<s> [webpack.Progress] 98% after emitting CopyPlugin
<s> [webpack.Progress] 100% 

^C^C